date,transactid,account,currency,amount,transactstatus,address,network,text,timestamp,transacttime,transacttype,tx,walletbalance,source_row,amount_sat,balance_sat
2018-03-05,c9782b7b-d4f6-7b24-6c3b-ee6b8b5d3239,aoa,XBt,17244633,Completed,,,,57:26.3,57:26.3,Deposit,-,17244633,2,17244633,17244633
2018-03-12,b4bcb74b-9265-3b75-74dd-e96f2508b238,aoa,XBt,4950000,Completed,,,,25:46.0,25:46.0,Deposit,-,10835001,10,4950000,10835001
2018-03-13,8a731613-ae0d-c67e-1cfa-fa6981d40d5f,aoa,XBt,11000000,Completed,,,,36:25.7,36:25.7,Deposit,-,25987833,12,11000000,25987833
2018-03-13,21fae944-a14e-83e0-03dd-9aec88f8cf29,aoa,XBt,30000000,Completed,,,,22:42.1,22:42.1,Deposit,-,55987833,13,30000000,55987833
2018-03-14,f745d8ef-e267-7237-d755-0e65b8b90572,aoa,XBt,41817608,Completed,,,,56:26.8,56:26.8,Deposit,-,76715176,15,41817608,76715176
2018-03-20,0f36b3ca-a100-9d28-2947-bd6afc726e2e,aoa,XBt,116503238,Completed,,,,39:01.8,39:01.8,Deposit,-,392392206,22,116503238,392392206
2018-03-22,8657ea16-cc20-0956-ca1f-9e6622345627,aoa,XBt,-196801713,Completed,External exchange,btc,,08:23.2,25:20.0,Withdrawal,-,0,26,-196801713,0
2018-03-29,608e7919-b2ef-ba9f-baba-a831f5770238,aoa,XBt,100000000,Completed,,,,52:14.9,52:14.9,Deposit,-,100000000,27,100000000,100000000
2018-03-30,92d74ddb-7a81-68ab-550d-5d49208cd6c7,aoa,XBt,76368181,Completed,,,,43:11.7,43:11.7,Deposit,-,171990827,29,76368181,171990827
2018-03-30,9abf6bd2-442c-46b3-e0a1-685e28e2c99d,aoa,XBt,-20120000,Completed,External exchange,btc,,19:25.0,13:34.4,Withdrawal,-,221035794,32,-20120000,221035794
2018-03-31,bd1b0b02-f873-7775-1e15-f61e3aed2955,aoa,XBt,-20120000,Completed,External exchange,btc,,17:12.5,40:14.8,Withdrawal,-,236217277,36,-20120000,236217277
2018-04-03,582661d5-4338-cb86-78f1-a1f1f35412f7,aoa,XBt,29950000,Completed,,,,43:03.8,43:03.8,Deposit,-,84913422,43,29950000,84913422
2018-04-16,efa10b30-df0d-1a71-2a7c-c41eef4c311e,aoa,XBt,43400664,Completed,,,,38:28.4,38:28.4,Deposit,-,198917086,59,43400664,198917086
2018-04-18,85146ec6-3ae7-925d-c223-d1f02278818a,aoa,XBt,-100120000,Completed,External exchange,btc,,09:59.8,27:42.5,Withdrawal,-,333818361,66,-100120000,333818361
2018-04-24,2028aed0-b268-e0d0-a56e-972151cec32c,aoa,XBt,-100120000,Completed,External exchange,btc,,12:44.4,05:26.8,Withdrawal,-,302608379,75,-100120000,302608379
2018-04-25,f0e1d5e3-2a6d-3ccc-2ed7-21055bf0bf1d,aoa,XBt,-50160000,Completed,External exchange,btc,,08:40.8,17:57.3,Withdrawal,-,254538234,78,-50160000,254538234
2018-04-27,245c7553-adb9-7071-5e6d-04b65f14a127,aoa,XBt,-100120000,Completed,External exchange,btc,,08:35.8,13:15.8,Withdrawal,-,380937178,82,-100120000,380937178
2018-05-12,810fee98-023a-1acd-e2b0-ee158e225152,aoa,XBt,-200120000,Completed,External exchange,btc,,08:50.8,00:07.7,Withdrawal,-,565967584,99,-200120000,565967584
2018-05-24,2e62eae2-5f7a-87b2-a752-5fa9cc9fac4c,aoa,XBt,345955101,Completed,,,,49:47.1,49:47.1,Deposit,-,992261187,113,345955101,992261187
2018-07-28,ca446e2f-85e9-6cb4-746a-0ddb633c1b8e,aoa,XBt,-400120000,Completed,External exchange,btc,,09:35.9,09:55.7,Withdrawal,-,2288308672,247,-400120000,2288308672
2018-08-10,195f7c3b-12c2-6096-beab-eeceadd47114,aoa,XBt,-250120000,Completed,External exchange,btc,,09:33.1,17:27.0,Withdrawal,-,2499486659,295,-250120000,2499486659
2018-08-13,5692a6c9-cc72-7272-f1cf-8282d700e1e7,aoa,XBt,-50040000,Completed,External exchange,btc,,22:54.5,28:56.1,Withdrawal,-,2672832838,302,-50040000,2672832838
2018-09-05,9a34f62a-cebb-075e-d212-1b9935811d31,aoa,XBt,-701200000,Completed,External exchange,btc,,23:04.1,12:26.8,Withdrawal,-,3021580918,343,-701200000,3021580918
2018-09-21,d7dc504a-f109-5fce-f83d-e23e3b301c5f,aoa,XBt,99950000,Completed,,,,46:48.6,46:48.6,Deposit,-,1867140500,378,99950000,1867140500
2018-09-23,65965a88-6ade-5a05-6ea6-d51e76536278,aoa,XBt,64362202,Completed,,,,10:49.9,10:49.9,Deposit,-,356940573,383,64362202,356940573
2018-10-03,c12e3cb7-87a7-dd6a-0751-028c336a1ac9,aoa,XBt,399950000,Completed,,,,14:54.2,14:54.2,Deposit,-,893718677,407,399950000,893718677
2018-10-08,50ef66c8-7cba-97c1-7a70-fac758b5be12,aoa,XBt,26922385,Completed,,,,38:27.3,38:27.3,Deposit,-,1037410801,420,26922385,1037410801
2018-10-11,79403005-4180-e341-05ec-08b9c9427289,aoa,XBt,6879957,Completed,,,,58:47.9,58:47.9,Deposit,-,1150296409,431,6879957,1150296409
2018-10-15,69472486-0a2e-4461-bd32-8f70b59585d1,aoa,XBt,19333507,Completed,,,,22:51.4,22:51.4,Deposit,-,1793696201,440,19333507,1793696201
2018-11-05,bb8c6efe-6854-5090-27f7-56c05efdae94,aoa,XBt,14338238,Completed,,,,43:21.7,43:21.7,Deposit,-,2083719987,484,14338238,2083719987
2018-11-25,9d2d9347-d95c-6918-5766-713bb0de1eff,aoa,XBt,-100120000,Completed,External exchange,btc,,19:38.7,40:57.1,Withdrawal,-,6976405751,546,-100120000,6976405751
2018-11-28,0b394af3-3401-0983-eba7-ee57c4bb893a,aoa,XBt,-1001200000,Completed,External exchange,btc,,19:36.1,19:38.0,Withdrawal,-,7571195880,553,-1001200000,7571195880
2018-11-29,f713b39a-720a-d085-1c75-94399e433029,aoa,XBt,-1001200000,Completed,External exchange,btc,,19:43.5,51:13.5,Withdrawal,-,6889699932,556,-1001200000,6889699932
2018-12-07,43e385be-9171-b3fa-bb61-e3eea1cb8638,aoa,XBt,-1001200000,Completed,External exchange,btc,,14:35.7,57:35.7,Withdrawal,-,9810936439,575,-1001200000,9810936439
2018-12-23,06c26fe8-5a58-38e8-6a6d-154264459c6d,aoa,XBt,-1001200000,Completed,External exchange,btc,,15:25.4,12:08.1,Withdrawal,-,10940339517,608,-1001200000,10940339517
2018-12-29,93d8748a-8324-cd6c-6c76-2f3ec793a72e,aoa,XBt,-2001200000,Completed,External exchange,btc,,19:03.5,21:12.3,Withdrawal,-,11872828942,617,-2001200000,11872828942
2019-03-08,994b9c47-7f82-9bae-7396-f8f5c79936c5,aoa,XBt,-800120000,Completed,External exchange,btc,,06:23.9,14:25.2,Withdrawal,-,17371774102,630,-800120000,17371774102
2019-04-10,79519128-f2ae-c038-00ee-a25d0c9075a7,aoa,XBt,-2001200000,Completed,External exchange,btc,,07:19.2,31:55.9,Withdrawal,-,15031438419,667,-2001200000,15031438419
2019-04-18,b22a807f-1e32-cd9f-1ae9-0123e3018e45,aoa,XBt,-1001200000,Completed,External exchange,btc,,07:04.4,42:56.6,Withdrawal,-,15650733554,672,-1001200000,15650733554
2019-04-23,f74cead8-efb7-3a00-d3e9-273274f62082,aoa,XBt,-2001200000,Completed,External exchange,btc,,11:44.3,13:54.3,Withdrawal,-,15865560020,679,-2001200000,15865560020
2019-05-06,d457737d-7171-3da4-6f71-c9f3d8eb166a,aoa,XBt,-2001200000,Completed,External exchange,btc,,06:04.5,14:20.5,Withdrawal,-,17105599568,693,-2001200000,17105599568
2019-05-12,5b3aa149-c656-4907-e751-7a3605da26fc,aoa,XBt,-2001200000,Completed,External exchange,btc,,19:33.9,56:55.4,Withdrawal,-,15830005526,701,-2001200000,15830005526
2019-05-27,d34dd724-fa1d-5c63-80cf-84953be030cb,aoa,XBt,-2001200000,Completed,External exchange,btc,,22:56.0,09:15.9,Withdrawal,-,17630856076,719,-2001200000,17630856076
2019-06-16,8281b21e-2338-aa03-8240-0b320bc494b8,aoa,XBt,-2001200000,Completed,External exchange,btc,,19:24.3,36:48.0,Withdrawal,-,16821349955,740,-2001200000,16821349955
2019-06-26,f5ed6ca7-785e-0b8e-db96-f4d062203444,aoa,XBt,-2001200000,Completed,External exchange,btc,,18:58.7,21:44.7,Withdrawal,-,15831765884,753,-2001200000,15831765884
2019-07-18,ec93d762-f1d1-2f7f-f0a9-08d2a9f406ed,aoa,XBt,-2001200000,Completed,External exchange,btc,,15:12.9,30:06.8,Withdrawal,-,20158828841,779,-2001200000,20158828841
2019-07-19,fa0c5bdb-3379-7497-80d5-51da49d9a870,aoa,XBt,-2001500000,Completed,External exchange,btc,,19:25.5,12:45.3,Withdrawal,-,17721897391,781,-2001500000,17721897391
2019-09-06,56a11f0a-9a01-55a3-70c8-92d370430443,aoa,XBt,-2001200000,Completed,External exchange,btc,,15:26.1,41:14.2,Withdrawal,-,20060179079,829,-2001200000,20060179079
2019-12-10,22bf2e1a-fa26-e806-9fbe-ed6364161a50,aoa,XBt,-1100000,Completed,External exchange,btc,,33:39.2,59:24.3,Withdrawal,-,32922516959,926,-1100000,32922516959
2019-12-11,f33929ef-97a8-d865-1a09-81cc6e225caa,aoa,XBt,-100120000,Completed,External exchange,btc,,10:27.3,14:07.4,Withdrawal,-,36058024765,928,-100120000,36058024765
2019-01-11,0c332ae9-b84a-4d51-85b7-1c2c15cc5905,aoa,XBt,-1001200000,Completed,External exchange,btc,,22:50.9,57:40.7,Withdrawal,-,11201438751,964,-1001200000,11201438751
2019-01-15,bd766658-860a-ba03-7d0e-2859f4b78213,aoa,XBt,-1001200000,Completed,External exchange,btc,,19:24.6,45:01.5,Withdrawal,-,13719527361,970,-1001200000,13719527361
2019-02-09,1d70d7e0-1216-9a52-6bf0-ffff7f692f9e,aoa,XBt,-2001200000,Completed,External exchange,btc,,19:34.8,00:20.4,Withdrawal,-,15270645501,996,-2001200000,15270645501
2020-02-15,76587cdd-7a04-8d0e-6cda-c6c4faca6b1d,aoa,XBt,-5001200000,Completed,External exchange,btc,,20:16.2,54:19.4,Withdrawal,-,40220969135,1035,-5001200000,40220969135
2020-03-13,18494e84-ed95-4124-23bc-4bb91d863644,aoa,XBt,-5001200000,Completed,External exchange,btc,,35:19.1,32:04.1,Withdrawal,-,63258715842,1068,-5001200000,63258715842
2020-03-24,b747a4d5-5796-9b34-e2d8-173ceabb1cb3,aoa,XBt,-5001200000,Completed,External exchange,btc,,19:41.5,22:42.4,Withdrawal,-,52643570723,1077,-5001200000,52643570723
2020-05-02,c5c7c163-2b59-0a93-4ed6-5f27dd64e9e8,aoa,XBt,-5001200000,Completed,External exchange,btc,,12:37.6,55:55.2,Withdrawal,-,53975996555,1118,-5001200000,53975996555
2020-05-11,01334734-026f-e589-a24a-6a7c1dbd43f5,aoa,XBt,-5001500000,Completed,External exchange,btc,,12:57.9,51:00.7,Withdrawal,-,54848664394,1128,-5001500000,54848664394
2020-08-02,a512d147-a01b-be81-1f67-713f46bb89de,aoa,XBt,-7201200000,Completed,External exchange,btc,,09:46.2,25:08.0,Withdrawal,-,59455444741,1219,-7201200000,59455444741
2020-08-19,aeb985b8-5eac-37a9-5fc4-a5bf078721ca,aoa,XBt,-5001200000,Completed,External exchange,btc,,10:21.2,52:58.6,Withdrawal,-,62101037156,1237,-5001200000,62101037156
2020-08-24,37a7389b-3a8f-c383-0dcc-8a126679ee84,aoa,XBt,-5000200000,Completed,External exchange,btc,,15:46.9,53:08.0,Withdrawal,-,59091923915,1243,-5000200000,59091923915
2020-10-02,9838d6a3-bb6e-3bbd-fbcb-9e29d97e8d5c,aoa,XBt,-5001200000,Completed,External exchange,btc,,11:02.4,59:20.7,Withdrawal,-,64395178233,1283,-5001200000,64395178233
2020-01-08,e1caa803-da10-980a-d917-68da71cea11a,aoa,XBt,-2001200000,Completed,External exchange,btc,,14:42.6,09:51.8,Withdrawal,-,37965833472,1347,-2001200000,37965833472
2020-01-11,4f5edbbe-ee22-aee8-4718-07bbc8092029,aoa,XBt,-3001200000,Completed,External exchange,btc,,12:05.4,12:15.8,Withdrawal,-,40068510382,1351,-3001200000,40068510382
2020-01-17,1a7ecc88-6792-490e-d20c-1c39d6958b34,aoa,XBt,-5001200000,Completed,External exchange,btc,,20:47.9,12:35.0,Withdrawal,-,35584393312,1362,-5001200000,35584393312
2020-12-20,a84fc14c-38df-bc8e-6027-68764fcb2c61,aoa,XBt,-5001200000,Completed,External exchange,btc,,05:45.4,58:55.8,Withdrawal,-,57316720242,1434,-5001200000,57316720242
2021-03-08,f9f8e90a-bf0b-d49f-122a-1bd4da143b89,aoa,XBt,-5001200000,Completed,External exchange,btc,,04:05.7,55:05.8,Withdrawal,-,70297971668,1470,-5001200000,70297971668
2021-04-05,74880d08-7a78-2ef6-9a27-68dd379d86da,aoa,XBt,-10001200000,Completed,External exchange,btc,,08:33.5,58:17.7,Withdrawal,-,59044951113,1499,-10001200000,59044951113
2021-06-20,5fc738ed-4e55-8d03-2233-a64a0e5e1700,aoa,XBt,-30002100000,Completed,External exchange,btc,,10:05.4,54:11.4,Withdrawal,-,1.17513E+11,1751,-30002100000,117513000000
2021-07-27,b339a73e-7613-34ca-b968-ab522855338a,aoa,XBt,-30005000000,Completed,External exchange,btc,,08:07.5,48:43.5,Withdrawal,-,96441523272,1818,-30005000000,96441523272
2021-08-19,7e6761e2-b00f-9e84-6d23-81c45fe4b873,aoa,XBt,-40005000000,Completed,External exchange,btc,,05:43.8,57:57.7,Withdrawal,-,1.07022E+11,1867,-40005000000,107022000000
2021-09-03,332ae93e-e560-43e3-27f1-f709cc208286,aoa,XBt,-30005000000,Completed,External exchange,btc,,19:41.5,57:43.5,Withdrawal,-,92950583831,1890,-30005000000,92950583831
2021-09-23,c395f477-2e2e-838c-822b-65954f31b065,aoa,XBt,-30005000000,Completed,External exchange,btc,,10:08.6,17:55.9,Withdrawal,-,1.09502E+11,1950,-30005000000,109502000000
2021-01-29,73b80ee3-f654-a944-8903-66b926a89191,aoa,XBt,-10001200000,Completed,External exchange,btc,,07:27.2,57:00.1,Withdrawal,-,75247058482,2165,-10001200000,75247058482
