date,symbol,minutes,valid_minutes,basis_median_bps,basis_p01_bps,basis_p99_bps,max_abs_basis_bps,last_mark_abs_p99_bps,is_future
2019-04-01,XBTUSD,1440,1440,-1.9798514187030491,-9.597574291750743,-0.04841005558218203,9.897012989527054,18.46331077958134,False
2019-05-01,XBTUSD,1440,1440,-2.4674313290612426,-6.685042580572187,-0.0565124549796292,6.888296671032634,17.400416516875215,False
2019-06-01,XBTUSD,1440,1440,0.5868446303047836,0.011713207834662676,3.608057911704287,3.7143707481002153,16.427333437017182,False
2019-07-01,XBTUSD,1440,1440,0.9370613496917368,0.017934031954291996,14.114062670089607,14.550018084769079,46.71240036266246,False
2019-08-01,XBTUSD,1440,1440,0.5005183021278281,0.010012373404744146,0.989911450510883,1.0027123368705482,15.03449901913291,False
2019-09-01,XBTUSD,1440,1440,0.5003229453803826,0.010385900173459639,0.9914835011370471,1.0016056991357658,13.249000606945094,False
2019-10-01,XBTUSD,1440,1440,0.09593626008164158,-3.65757385949933,0.9311472270187239,3.7741564039250886,20.70700636204346,False
2019-11-01,XBTUSD,1440,1440,0.5032617093281289,0.0109094865501147,0.9907364158996623,1.0029327517058206,9.734871929176387,False
2019-12-01,XBTUSD,1440,1440,-0.09574469546025366,-0.5220496932371477,0.6659950929120528,0.6924671790908832,16.993281919678626,False
2020-01-01,XBTUSD,1440,1440,0.5010344322897708,0.013873895579763484,0.9882327371864896,1.003059330959566,9.076345685937536,False
2020-02-01,XBTH20,1440,1440,227.6276293640811,215.610558115435,243.26129801398403,258.4980871612408,10.402470737648697,True
2020-02-01,XBTUSD,1440,1440,0.650986778568674,0.010719164670636161,2.742824510148556,2.8353405404479837,12.63355896782176,False
2020-03-01,XBTUSD,1440,1440,0.5030507691239361,0.011596951617542928,0.990930243231624,1.0051108719077995,15.665741529870232,False
2020-04-01,XBTUSD,1440,1440,-1.775671115680777,-5.713231041869871,-0.03805143245869819,5.896822987807582,19.648964912961592,False
2020-05-01,XBTUSD,1440,1440,0.5011777929886385,0.011469113698958644,0.9881985966845751,1.0020374762031992,11.264572370630175,False
2020-06-01,XBTUSD,1440,1440,0.5017131513196382,0.010474461402854018,0.992503329896155,1.0045644899014938,55.55112432420808,False
2020-07-01,XBTUSD,1440,1440,0.10966728061667652,-0.3170252866487977,0.9837854585759143,1.0045762817356696,9.66805386896354,False
2020-08-01,XBTUSD,1440,1440,1.2697848356979513,0.025964883283302598,6.092897950796215,6.28422890025071,18.48355085895134,False
2020-09-01,XBTUSD,1440,1440,0.6262682016500154,0.016734584707633893,2.4571020465456335,2.5273394949865136,13.515055055852656,False
2020-10-01,XBTUSD,1440,1440,0.4985406202440146,-0.6012092610784836,0.9915705675640041,1.0001349238608626,14.277631110017168,False
2020-11-01,XBTUSD,1440,1440,0.0,-0.4388824433272376,0.6776419024209446,0.6999242477823131,11.684629831024191,False
2020-12-01,XBTUSD,1440,1440,2.1103239217890035,0.07185212804261543,5.732237108090698,5.9116410839443745,21.468927221199475,False
2021-01-01,XBTUSD,1440,1440,0.5002366479978093,0.011590113379411628,0.9908257218538274,1.0008027127961228,15.625687730156956,False
2021-01-01,XRPH21,1440,1440,-1697.8776529338325,-1760.1043024771834,-1513.4914953655173,1783.8541666666663,329.43410534945673,True
2021-01-01,XRPUSD,1440,1440,0.0,0.0,0.0,0.0,36.326270292874426,False
2021-02-01,XBTUSD,1440,1440,0.50056454822478,0.009995581284805157,0.9899622526029048,1.00140999716114,16.313782609530247,False
2021-02-01,XRPUSD,1440,1440,6.0745963980146644,0.0,14.03661013781201,126.44647099394612,138.58814365492725,False
2021-03-01,ETHUSD,1440,1440,3.566882601184762,0.06723561603456663,7.557779395777397,7.749969065249385,27.47799245328021,False
2021-03-01,XBTUSD,1440,1440,0.5009333167838026,0.011381940593713226,0.9907203352199411,1.0004657126549965,15.577842753628175,False
2021-04-01,XBTUSD,1440,1440,3.676946070720888,0.1024949196603897,10.835452671296128,11.169523910037338,14.153427958057005,False
2021-05-01,BCHUSD,1440,1440,1.4227497740926243,0.038135096022884396,8.31897600553677,8.5138864423695,26.563740123585717,False
2021-05-01,ETHUSD,1440,1440,3.4207708887556976,0.10492037641403051,10.360730507508807,10.663291705705902,21.29477972834526,False
2021-05-01,LINKUSDT,1440,1440,5.903414000324458,0.1614532855666262,15.519895423518545,15.997432127399236,43.708069078568045,False
2021-05-01,LTCUSD,1440,1440,2.975028356768661,0.18193653986411373,11.325361375825382,11.656709893632655,23.520609311708025,False
2021-05-01,XBTUSD,1440,1440,0.5004906444749935,0.011020398023453561,0.9903447311463862,1.0003835667560246,13.383308353840977,False
2021-05-01,XRPUSD,1440,1440,-0.3152933054340057,-3.170275496939823,3.719869200579961,4.06949444357485,60.124481915751645,False
2021-06-01,ETHUSD,1440,1440,3.565673341808795,0.07730712016380537,9.57277227349249,9.845762791644841,26.86208980762691,False
2021-06-01,ETHUSDM21,1440,1440,1018.9091772517289,939.9445225284115,1098.302350852627,1118.8294032590984,139.8795917952593,True
2021-06-01,XBTUSD,1440,1440,0.0,-0.4561298879340314,0.47573921192038937,0.49115511496999886,16.144650165221424,False
2021-07-01,ETHUSD,1440,1440,0.8468974199504764,-1.1784067812946941,7.6482658981627845,7.871673417083613,28.545331826924222,False
2021-07-01,XBTU21,1440,1440,69.91221631493794,46.40213617180946,117.10152727183161,117.11909432167822,28.404376649387427,True
2021-07-01,XBTUSD,1440,1440,-0.8905672328546332,-3.338051965344102,-0.010084592034176594,3.439805513819616,15.737357379564557,False
2021-08-01,ETHUSD,1440,1440,0.5029490498020817,0.0,0.9940037336130245,1.0145798887717383,13.52469501367846,False
2021-08-01,XBTU21,1440,1440,88.62800528895542,58.64092578466202,104.26587043875585,104.45334375000614,20.903764365767227,True
2021-08-01,XBTUSD,1440,1440,0.21772505624961802,-0.8143427980116802,0.9411804210885053,0.9696279167736854,16.621806253302786,False
2021-09-01,XBTU21,1440,1440,30.968592927594905,12.844444402127264,49.44307938003083,49.95990973490683,17.565301103697816,True
2021-09-01,XBTUSD,1440,1440,0.5012415619831678,0.011353140372150074,0.9909482590967577,0.9995187423594842,11.410533659171856,False
2021-10-01,ETHUSD,1440,1440,1.0502984858662412,0.030914798830927737,3.405192789230213,3.633781499716715,16.934141571148697,False
2021-10-01,XBTUSD,1440,1440,0.25074475882180813,-0.22446607308193034,0.9849003280405942,39.20918812017504,16.271915856719804,False
2021-10-01,XRPUSD,1440,1440,3.1294823506200498,0.0,7.3178656586088575,7.3493385595302385,29.92423801669881,False
2021-11-01,ETHUSD,1440,1439,1.6723195779166922,0.046034961208052394,7.228312293962124,7.471334824518117,18.434994016445792,False
2021-11-01,XBTUSD,1440,1439,0.7198886835158014,0.014678147452773516,2.463805442611244,2.539426988241722,14.089308648943664,False
2021-11-01,XRPUSD,1440,1440,0.9199208868038156,0.0,6.871155305740029,7.320979180964748,24.065749443762385,False
2021-12-01,XBTUSD,1440,1440,0.501080280255195,0.011173304855693901,0.9908923604869501,1.0004445256117656,9.858454578896213,False
