execid,orderid,symbol,side,lastqty,lastpx,lastliquidityind,exectype,ordtype,cumqty,text,execcost,execcomm,transacttime,source_row,source_file,time,posting_date,signed_contracts,position_after,position_before,maker_contracts,liquidation_label,position_abs_reduction,ends_flat,prior_settlement_rows,wallet_symbol_posting_sat,gross_sat,fee_sat,net_sat,xbtusd_episode_id
2634ed6a-28c6-d67c-d2ea-17d00c04da8f,00000000-0000-0000-0000-000000000000,XBTUSD,Sell,10000,8541.91,RemovedLiquidity,Trade,Limit,10000,Liquidation,117070000,79022,2018-03-09 05:49:16.663947,195,aoa-execution-2018-03-01-2018-12-31.csv,2018-03-09 05:49:16.663947,2018-03-09,-10000,0,10000,0,True,10000,True,0,3630907,-2290000.0,79022.0,-2369022.0,35.0
2cdb00fa-a78b-a807-628a-ef30fb305986,00000000-0000-0000-0000-000000000000,XBTUSD,Sell,10000,8791.22,RemovedLiquidity,Trade,Limit,10000,Liquidation,113750000,76781,2018-03-09 16:26:58.662496,265,aoa-execution-2018-03-01-2018-12-31.csv,2018-03-09 16:26:58.662496,2018-03-10,-10000,0,10000,0,True,10000,True,0,-6403106,-1860000.0,76781.0,-1936781.0,62.0
f6dcccda-c05d-7b9c-b008-dfd9c0f0bc24,00000000-0000-0000-0000-000000000000,XBTUSD,Buy,10000,9441.96,RemovedLiquidity,Trade,Limit,10000,Liquidation,-105910000,71489,2018-03-10 01:04:11.711528,420,aoa-execution-2018-03-01-2018-12-31.csv,2018-03-10 01:04:11.711528,2018-03-10,10000,0,-10000,0,True,10000,True,0,-6403106,-1790000.0,71489.0,-1861489.0,69.0
c015b590-bb6e-a545-69c2-4eb239954729,00000000-0000-0000-0000-000000000000,XBTUSD,Sell,45000,9016.33,RemovedLiquidity,Trade,Limit,45000,Liquidation,499095000,336889,2018-03-12 16:03:15.628659,705,aoa-execution-2018-03-01-2018-12-31.csv,2018-03-12 16:03:15.628659,2018-03-13,-45000,0,45000,0,True,45000,True,0,-21090265,-20531723.0,336889.0,-20868612.0,106.0
28424bf0-afdd-3c28-db32-29c85303833f,00000000-0000-0000-0000-000000000000,XBTUSD,Sell,100000,9030.99,RemovedLiquidity,Trade,Limit,100000,Liquidation,1107300000,747427,2018-03-13 10:41:40.68263,918,aoa-execution-2018-03-01-2018-12-31.csv,2018-03-13 10:41:40.682630,2018-03-13,-100000,0,100000,0,True,100000,True,0,-21090265,-18812680.0,747427.0,-19560107.0,151.0
cae73931-9cb4-1d88-6958-a93f6b881979,00000000-0000-0000-0000-000000000000,XBTUSD,Sell,130000,8829.26,RemovedLiquidity,Trade,Limit,130000,Liquidation,1472380000,993856,2018-03-14 09:40:49.480453,1315,aoa-execution-2018-03-01-2018-12-31.csv,2018-03-14 09:40:49.480453,2018-03-14,-130000,0,130000,0,True,130000,True,0,-31394156,-47514796.0,993856.0,-48508652.0,152.0
497dace6-8e4f-5d6b-c9d2-44dba9ea746b,00000000-0000-0000-0000-000000000000,XBTUSD,Buy,700000,9034.22,RemovedLiquidity,Trade,Limit,700000,Liquidation,-7748300000,5230102,2018-03-20 20:05:53.705011,2486,aoa-execution-2018-03-01-2018-12-31.csv,2018-03-20 20:05:53.705011,2018-03-21,700000,0,-700000,0,True,700000,True,0,-244125250,-184669419.0,5230102.0,-189899521.0,224.0
25364c28-9d1b-44a6-ef9d-9f8845bc01d7,00000000-0000-0000-0000-000000000000,XBTUSD,Sell,100000,7262.71,RemovedLiquidity,Trade,Limit,100000,Liquidation,1376900000,929407,2018-03-29 20:09:56.625202,4234,aoa-execution-2018-03-01-2018-12-31.csv,2018-03-29 20:09:56.625202,2018-03-30,-100000,0,100000,0,True,100000,True,0,83256038,-39051228.0,929407.0,-39980635.0,247.0
06a8d551-3061-22d9-26ad-1b5d919a8fda,00000000-0000-0000-0000-000000000000,XBTM18,Sell,30000,7152.58,RemovedLiquidity,Trade,Limit,30000,Liquidation,419430000,283115,2018-03-29 20:10:02.172876,4024,aoa-execution-2018-03-01-2018-12-31.csv,2018-03-29 20:10:02.172876,2018-03-30,-30000,0,30000,0,True,30000,True,0,-14091071,,,,
c87cf3ab-71c8-5f41-95ab-f6a09d93c689,00000000-0000-0000-0000-000000000000,XBTUSD,Buy,50000,7154.6,RemovedLiquidity,Trade,Limit,50000,Liquidation,-698850000,471723,2018-03-31 01:54:22.633975,5128,aoa-execution-2018-03-01-2018-12-31.csv,2018-03-31 01:54:22.633975,2018-03-31,50000,0,-50000,0,True,50000,True,0,36407160,-47025000.0,471723.0,-47496723.0,274.0
5e06329d-e8cd-f7e9-3fca-fb3e3da6ee88,00000000-0000-0000-0000-000000000000,XBTM18,Sell,30000,6417.26,RemovedLiquidity,Trade,Limit,30000,Liquidation,467490000,315555,2018-04-01 09:07:47.752142,6550,aoa-execution-2018-03-01-2018-12-31.csv,2018-04-01 09:07:47.752142,2018-04-01,-30000,0,30000,0,True,30000,True,0,-24319569,,,,
cabc5bdf-8b56-44f0-4a41-e249e5ba3bf5,00000000-0000-0000-0000-000000000000,XBTUSD,Sell,50000,6805.51,RemovedLiquidity,Trade,Limit,50000,Liquidation,734700000,495922,2018-04-04 15:55:52.682983,10244,aoa-execution-2018-03-01-2018-12-31.csv,2018-04-04 15:55:52.682983,2018-04-05,-50000,0,50000,0,True,50000,True,0,10228935,-7250000.0,495922.0,-7745922.0,405.0
41f96927-0dc3-7db7-85c6-80a8229d0184,00000000-0000-0000-0000-000000000000,XBTUSD,Sell,400000,8183.32,RemovedLiquidity,Trade,Limit,400000,Liquidation,4888000000,3299400,2018-04-16 02:12:26.80763,14605,aoa-execution-2018-03-01-2018-12-31.csv,2018-04-16 02:12:26.807630,2018-04-16,-400000,0,400000,0,True,400000,True,0,45716144,-95552897.0,3299400.0,-98852297.0,570.0
073c8963-8fbc-541c-2c17-9a168a7925f5,00000000-0000-0000-0000-000000000000,XBTUSD,Sell,400000,7934.0,RemovedLiquidity,Trade,Limit,400000,Liquidation,5041600000,3403080,2018-05-22 22:50:57.695986,21694,aoa-execution-2018-03-01-2018-12-31.csv,2018-05-22 22:50:57.695986,2018-05-23,-400000,0,400000,0,True,400000,True,0,-68722243,-146600000.0,3403080.0,-150003080.0,756.0
f4c1e071-d291-94d4-e532-f0b09dad5a0a,00000000-0000-0000-0000-000000000000,XBTUSD,Sell,1,7316.91,RemovedLiquidity,Trade,Limit,1,Liquidation,13667,9,2018-05-26 22:41:53.924393,23569,aoa-execution-2018-03-01-2018-12-31.csv,2018-05-26 22:41:53.924393,2018-05-27,-1,0,1,0,True,1,True,0,-18900711,-446.0,9.0,-455.0,798.0
f25f1e12-4737-8e7d-8aca-76694e1639e8,00000000-0000-0000-0000-000000000000,XBTUSD,Sell,1,6928.58,RemovedLiquidity,Trade,Limit,1,Liquidation,14433,9,2018-06-10 17:35:15.961816,25606,aoa-execution-2018-03-01-2018-12-31.csv,2018-06-10 17:35:15.961816,2018-06-11,-1,0,1,0,True,1,True,0,35124042,-576.0,9.0,-585.0,855.0
ab2ac5c8-191e-e3af-8849-5c45c432f495,00000000-0000-0000-0000-000000000000,XBTUSD,Buy,226841,6185.81,RemovedLiquidity,Trade,Limit,226841,Liquidation,-3667111606,2475300,2018-06-24 16:43:49.921194,29133,aoa-execution-2018-03-01-2018-12-31.csv,2018-06-24 16:43:49.921194,2018-06-25,226841,0,-226841,0,True,226841,True,0,44751210,-135807854.0,2475300.0,-138283154.0,927.0
10f05bf9-f3a5-2f92-df8f-f0f1441de68d,00000000-0000-0000-0000-000000000000,XBTUSD,Buy,599999,7220.72,RemovedLiquidity,Trade,Limit,599999,Liquidation,-8309386151,5608835,2018-07-17 17:44:13.555348,34274,aoa-execution-2018-03-01-2018-12-31.csv,2018-07-17 17:44:13.555348,2018-07-18,599999,0,-599999,0,True,599999,True,0,-504218655,-594030199.0,5608835.0,-599639034.0,1003.0
1d7ee500-239b-b551-932f-be538c3a0567,00000000-0000-0000-0000-000000000000,XRPU18,Sell,310444,5.499e-05,RemovedLiquidity,Trade,Limit,310444,Liquidation,-1707131556,3841046,2018-07-20 19:17:04.206809,36232,aoa-execution-2018-03-01-2018-12-31.csv,2018-07-20 19:17:04.206809,2018-07-21,-310444,0,310444,0,True,310444,True,0,-268236153,,,,
d0847e3b-3891-257b-fad5-bc730262937d,00000000-0000-0000-0000-000000000000,XBTUSD,Buy,1,6432.92,RemovedLiquidity,Trade,Limit,1,Liquidation,-15545,11,2018-09-09 09:32:01.238134,60254,aoa-execution-2018-03-01-2018-12-31.csv,2018-09-09 09:32:01.238134,2018-09-09,1,0,-1,0,True,1,True,0,112002682,-649.0,11.0,-660.0,1259.0
1085325c-4103-3cf5-dcee-9d89a4cdbb4b,ab8a10fa-1f1f-611e-c659-d9926c3a245c,ETHUSD,Buy,11677,222.4,RemovedLiquidity,Trade,Limit,11677,Liquidation,259696480,194772,2018-09-14 03:15:59.393974,62785,aoa-execution-2018-03-01-2018-12-31.csv,2018-09-14 03:15:59.393974,2018-09-14,11677,-288323,-300000,0,True,11677,False,0,-472131523,,,,
71871fbd-a562-a939-c316-0021088a87a9,ab8a10fa-1f1f-611e-c659-d9926c3a245c,ETHUSD,Buy,23,222.4,RemovedLiquidity,Trade,Limit,11700,Liquidation,511520,383,2018-09-14 03:15:59.393974,62786,aoa-execution-2018-03-01-2018-12-31.csv,2018-09-14 03:15:59.393974,2018-09-14,23,-288300,-288323,0,True,23,False,0,-472131523,,,,
978b70e4-aa0a-20f7-77f7-fcdc1de2c3ee,ab8a10fa-1f1f-611e-c659-d9926c3a245c,ETHUSD,Buy,500,222.45,RemovedLiquidity,Trade,Limit,12200,Liquidation,11122500,8341,2018-09-14 03:15:59.393974,62787,aoa-execution-2018-03-01-2018-12-31.csv,2018-09-14 03:15:59.393974,2018-09-14,500,-287800,-288300,0,True,500,False,0,-472131523,,,,
24b6a261-6fef-5351-b65e-1e42a39e2e2c,ab8a10fa-1f1f-611e-c659-d9926c3a245c,ETHUSD,Buy,500,222.45,RemovedLiquidity,Trade,Limit,12700,Liquidation,11122500,8341,2018-09-14 03:15:59.393974,62788,aoa-execution-2018-03-01-2018-12-31.csv,2018-09-14 03:15:59.393974,2018-09-14,500,-287300,-287800,0,True,500,False,0,-472131523,,,,
2cf27076-d4f5-80ee-c30c-4f157592f1b3,ab8a10fa-1f1f-611e-c659-d9926c3a245c,ETHUSD,Buy,2500,222.45,RemovedLiquidity,Trade,Limit,15200,Liquidation,55612500,41709,2018-09-14 03:15:59.393974,62789,aoa-execution-2018-03-01-2018-12-31.csv,2018-09-14 03:15:59.393974,2018-09-14,2500,-284800,-287300,0,True,2500,False,0,-472131523,,,,
67fffab6-1109-c3b6-76c1-320d5dbb9bf0,ab8a10fa-1f1f-611e-c659-d9926c3a245c,ETHUSD,Buy,1000,222.5,RemovedLiquidity,Trade,Limit,16200,Liquidation,22250000,16687,2018-09-14 03:15:59.393974,62790,aoa-execution-2018-03-01-2018-12-31.csv,2018-09-14 03:15:59.393974,2018-09-14,1000,-283800,-284800,0,True,1000,False,0,-472131523,,,,
16f43313-4c6a-aae8-ca42-8e1852387d75,ab8a10fa-1f1f-611e-c659-d9926c3a245c,ETHUSD,Buy,100,222.5,RemovedLiquidity,Trade,Limit,16300,Liquidation,2225000,1668,2018-09-14 03:15:59.393974,62791,aoa-execution-2018-03-01-2018-12-31.csv,2018-09-14 03:15:59.393974,2018-09-14,100,-283700,-283800,0,True,100,False,0,-472131523,,,,
2536f613-d411-f5de-1f99-bf4d95581cd1,ab8a10fa-1f1f-611e-c659-d9926c3a245c,ETHUSD,Buy,2000,222.5,RemovedLiquidity,Trade,Limit,18300,Liquidation,44500000,33375,2018-09-14 03:15:59.393974,62792,aoa-execution-2018-03-01-2018-12-31.csv,2018-09-14 03:15:59.393974,2018-09-14,2000,-281700,-283700,0,True,2000,False,0,-472131523,,,,
568fb186-9a64-cf2b-7eb3-e2b301a76800,ab8a10fa-1f1f-611e-c659-d9926c3a245c,ETHUSD,Buy,100,222.5,RemovedLiquidity,Trade,Limit,18400,Liquidation,2225000,1668,2018-09-14 03:15:59.393974,62793,aoa-execution-2018-03-01-2018-12-31.csv,2018-09-14 03:15:59.393974,2018-09-14,100,-281600,-281700,0,True,100,False,0,-472131523,,,,
b2d032c4-591e-e3cb-220b-c7bef6cea2a2,ab8a10fa-1f1f-611e-c659-d9926c3a245c,ETHUSD,Buy,200,222.5,RemovedLiquidity,Trade,Limit,18600,Liquidation,4450000,3337,2018-09-14 03:15:59.393974,62794,aoa-execution-2018-03-01-2018-12-31.csv,2018-09-14 03:15:59.393974,2018-09-14,200,-281400,-281600,0,True,200,False,0,-472131523,,,,
fd2a1f65-3abb-6831-ee69-b3fccc614971,ab8a10fa-1f1f-611e-c659-d9926c3a245c,ETHUSD,Buy,200,222.5,RemovedLiquidity,Trade,Limit,18800,Liquidation,4450000,3337,2018-09-14 03:15:59.393974,62795,aoa-execution-2018-03-01-2018-12-31.csv,2018-09-14 03:15:59.393974,2018-09-14,200,-281200,-281400,0,True,200,False,0,-472131523,,,,
007e9cc8-5a82-9923-bb7a-eb1a3da0784e,ab8a10fa-1f1f-611e-c659-d9926c3a245c,ETHUSD,Buy,4000,222.5,RemovedLiquidity,Trade,Limit,22800,Liquidation,89000000,66750,2018-09-14 03:15:59.393974,62796,aoa-execution-2018-03-01-2018-12-31.csv,2018-09-14 03:15:59.393974,2018-09-14,4000,-277200,-281200,0,True,4000,False,0,-472131523,,,,
74c94280-43b7-fedd-44ce-8735953f9961,ab8a10fa-1f1f-611e-c659-d9926c3a245c,ETHUSD,Buy,5000,222.5,RemovedLiquidity,Trade,Limit,27800,Liquidation,111250000,83437,2018-09-14 03:15:59.393974,62797,aoa-execution-2018-03-01-2018-12-31.csv,2018-09-14 03:15:59.393974,2018-09-14,5000,-272200,-277200,0,True,5000,False,0,-472131523,,,,
3850048a-9c77-6039-c81e-3bd65a6f902e,ab8a10fa-1f1f-611e-c659-d9926c3a245c,ETHUSD,Buy,30,222.5,RemovedLiquidity,Trade,Limit,27830,Liquidation,667500,500,2018-09-14 03:15:59.393974,62798,aoa-execution-2018-03-01-2018-12-31.csv,2018-09-14 03:15:59.393974,2018-09-14,30,-272170,-272200,0,True,30,False,0,-472131523,,,,
117fdc4c-3d8b-d4b8-f653-4f3a1ea7aac2,ab8a10fa-1f1f-611e-c659-d9926c3a245c,ETHUSD,Buy,1000,222.5,RemovedLiquidity,Trade,Limit,28830,Liquidation,22250000,16687,2018-09-14 03:15:59.393974,62799,aoa-execution-2018-03-01-2018-12-31.csv,2018-09-14 03:15:59.393974,2018-09-14,1000,-271170,-272170,0,True,1000,False,0,-472131523,,,,
20becac5-375e-69c9-68af-a31b605a7977,ab8a10fa-1f1f-611e-c659-d9926c3a245c,ETHUSD,Buy,500,222.5,RemovedLiquidity,Trade,Limit,29330,Liquidation,11125000,8343,2018-09-14 03:15:59.393974,62769,aoa-execution-2018-03-01-2018-12-31.csv,2018-09-14 03:15:59.393974,2018-09-14,500,-270670,-271170,0,True,500,False,0,-472131523,,,,
553fe919-0f1b-140b-15a0-d2d9fecb617d,ab8a10fa-1f1f-611e-c659-d9926c3a245c,ETHUSD,Buy,1000,222.5,RemovedLiquidity,Trade,Limit,30330,Liquidation,22250000,16687,2018-09-14 03:15:59.393974,62770,aoa-execution-2018-03-01-2018-12-31.csv,2018-09-14 03:15:59.393974,2018-09-14,1000,-269670,-270670,0,True,1000,False,0,-472131523,,,,
1da5dc18-99c4-6346-2973-a19ccf68bdf5,ab8a10fa-1f1f-611e-c659-d9926c3a245c,ETHUSD,Buy,10000,222.5,RemovedLiquidity,Trade,Limit,40330,Liquidation,222500000,166875,2018-09-14 03:15:59.393974,62771,aoa-execution-2018-03-01-2018-12-31.csv,2018-09-14 03:15:59.393974,2018-09-14,10000,-259670,-269670,0,True,10000,False,0,-472131523,,,,
22c1c4ab-b3c1-2e42-fbae-c365a3855092,ab8a10fa-1f1f-611e-c659-d9926c3a245c,ETHUSD,Buy,23,222.5,RemovedLiquidity,Trade,Limit,40353,Liquidation,511750,383,2018-09-14 03:15:59.393974,62772,aoa-execution-2018-03-01-2018-12-31.csv,2018-09-14 03:15:59.393974,2018-09-14,23,-259647,-259670,0,True,23,False,0,-472131523,,,,
7793d646-28ae-18d5-0085-cd0ed5bf4ada,ab8a10fa-1f1f-611e-c659-d9926c3a245c,ETHUSD,Buy,2600,222.5,RemovedLiquidity,Trade,Limit,42953,Liquidation,57850000,43387,2018-09-14 03:15:59.393974,62773,aoa-execution-2018-03-01-2018-12-31.csv,2018-09-14 03:15:59.393974,2018-09-14,2600,-257047,-259647,0,True,2600,False,0,-472131523,,,,
1600d213-6d17-b280-1620-30f44f114870,ab8a10fa-1f1f-611e-c659-d9926c3a245c,ETHUSD,Buy,1000,222.5,RemovedLiquidity,Trade,Limit,43953,Liquidation,22250000,16687,2018-09-14 03:15:59.393974,62774,aoa-execution-2018-03-01-2018-12-31.csv,2018-09-14 03:15:59.393974,2018-09-14,1000,-256047,-257047,0,True,1000,False,0,-472131523,,,,
4cf0bbe2-3d10-7b65-1003-594f7659c0d4,ab8a10fa-1f1f-611e-c659-d9926c3a245c,ETHUSD,Buy,47,222.55,RemovedLiquidity,Trade,Limit,44000,Liquidation,1045985,784,2018-09-14 03:15:59.393974,62775,aoa-execution-2018-03-01-2018-12-31.csv,2018-09-14 03:15:59.393974,2018-09-14,47,-256000,-256047,0,True,47,False,0,-472131523,,,,
507a686e-e21c-1f06-38f4-ff306ea90b8c,ab8a10fa-1f1f-611e-c659-d9926c3a245c,ETHUSD,Buy,2500,222.55,RemovedLiquidity,Trade,Limit,46500,Liquidation,55637500,41728,2018-09-14 03:15:59.393974,62776,aoa-execution-2018-03-01-2018-12-31.csv,2018-09-14 03:15:59.393974,2018-09-14,2500,-253500,-256000,0,True,2500,False,0,-472131523,,,,
bcebd4cb-0317-0806-af43-436c0207e21a,ab8a10fa-1f1f-611e-c659-d9926c3a245c,ETHUSD,Buy,20000,222.55,RemovedLiquidity,Trade,Limit,66500,Liquidation,445100000,333825,2018-09-14 03:15:59.393974,62777,aoa-execution-2018-03-01-2018-12-31.csv,2018-09-14 03:15:59.393974,2018-09-14,20000,-233500,-253500,0,True,20000,False,0,-472131523,,,,
225e33f8-40d6-31d9-da8d-1b31f82a98ce,ab8a10fa-1f1f-611e-c659-d9926c3a245c,ETHUSD,Buy,3000,222.6,RemovedLiquidity,Trade,Limit,69500,Liquidation,66780000,50085,2018-09-14 03:15:59.393974,62778,aoa-execution-2018-03-01-2018-12-31.csv,2018-09-14 03:15:59.393974,2018-09-14,3000,-230500,-233500,0,True,3000,False,0,-472131523,,,,
1dc88dd2-beab-e0b2-56d6-a5d40bae946c,ab8a10fa-1f1f-611e-c659-d9926c3a245c,ETHUSD,Buy,387,222.6,RemovedLiquidity,Trade,Limit,69887,Liquidation,8614620,6460,2018-09-14 03:15:59.393974,62779,aoa-execution-2018-03-01-2018-12-31.csv,2018-09-14 03:15:59.393974,2018-09-14,387,-230113,-230500,0,True,387,False,0,-472131523,,,,
5c985a6e-fc09-4e0b-9930-3ec18e08ce28,ab8a10fa-1f1f-611e-c659-d9926c3a245c,ETHUSD,Buy,777,222.65,RemovedLiquidity,Trade,Limit,70664,Liquidation,17299905,12974,2018-09-14 03:15:59.393974,62780,aoa-execution-2018-03-01-2018-12-31.csv,2018-09-14 03:15:59.393974,2018-09-14,777,-229336,-230113,0,True,777,False,0,-472131523,,,,
0cfcc7a5-533c-fc4f-2ad1-e0ebb1e9feeb,ab8a10fa-1f1f-611e-c659-d9926c3a245c,ETHUSD,Buy,1000,222.65,RemovedLiquidity,Trade,Limit,71664,Liquidation,22265000,16698,2018-09-14 03:15:59.393974,62781,aoa-execution-2018-03-01-2018-12-31.csv,2018-09-14 03:15:59.393974,2018-09-14,1000,-228336,-229336,0,True,1000,False,0,-472131523,,,,
4c0f7a3c-2dd2-5bbe-4300-7065aaa05106,ab8a10fa-1f1f-611e-c659-d9926c3a245c,ETHUSD,Buy,50,222.65,RemovedLiquidity,Trade,Limit,71714,Liquidation,1113250,834,2018-09-14 03:15:59.393974,62782,aoa-execution-2018-03-01-2018-12-31.csv,2018-09-14 03:15:59.393974,2018-09-14,50,-228286,-228336,0,True,50,False,0,-472131523,,,,
dfa35f34-4666-7534-e246-8871b70e5f2e,ab8a10fa-1f1f-611e-c659-d9926c3a245c,ETHUSD,Buy,2000,222.65,RemovedLiquidity,Trade,Limit,73714,Liquidation,44530000,33397,2018-09-14 03:15:59.393974,62783,aoa-execution-2018-03-01-2018-12-31.csv,2018-09-14 03:15:59.393974,2018-09-14,2000,-226286,-228286,0,True,2000,False,0,-472131523,,,,
9a88f810-bae9-c4c3-a40b-f69472bb54e7,ab8a10fa-1f1f-611e-c659-d9926c3a245c,ETHUSD,Buy,1345,222.65,RemovedLiquidity,Trade,Limit,75059,Liquidation,29946425,22459,2018-09-14 03:15:59.393974,62784,aoa-execution-2018-03-01-2018-12-31.csv,2018-09-14 03:15:59.393974,2018-09-14,1345,-224941,-226286,0,True,1345,False,0,-472131523,,,,
321f34fa-319f-8bdf-e12d-266d0908b0a2,00000000-0000-0000-0000-000000000000,XRPU18,Buy,330000,0.00012972,RemovedLiquidity,Trade,Limit,330000,Liquidation,4280760000,10701900,2018-09-21 14:57:06.504871,69029,aoa-execution-2018-03-01-2018-12-31.csv,2018-09-21 14:57:06.504871,2018-09-22,330000,0,-330000,0,True,330000,True,0,-1525761046,,,,
07142c19-b747-4665-b078-e9f7b2eab1f7,00000000-0000-0000-0000-000000000000,XRPU18,Sell,10000,9.5e-05,RemovedLiquidity,Trade,Limit,10000,Liquidation,-95000000,237500,2018-09-21 15:05:32.744461,67956,aoa-execution-2018-03-01-2018-12-31.csv,2018-09-21 15:05:32.744461,2018-09-22,-10000,0,10000,0,True,10000,True,0,-1525761046,,,,
a2982706-6c37-9ed8-ac03-46bcf93ce712,00000000-0000-0000-0000-000000000000,XRPU18,Sell,218,8.241e-05,RemovedLiquidity,Trade,Limit,218,Liquidation,-1796538,4491,2018-09-21 16:14:54.590121,69054,aoa-execution-2018-03-01-2018-12-31.csv,2018-09-21 16:14:54.590121,2018-09-22,-218,0,218,0,True,218,True,0,-1525761046,,,,
79aa5b23-ca5f-2b18-f259-952def61bf8f,00000000-0000-0000-0000-000000000000,ETHUSD,Buy,1,231.28,RemovedLiquidity,Trade,Limit,1,Liquidation,23128,17,2018-09-29 09:05:38.412854,73701,aoa-execution-2018-03-01-2018-12-31.csv,2018-09-29 09:05:38.412854,2018-09-29,1,0,-1,0,True,1,True,0,-156031070,,,,
618a6fe6-e5e3-b315-91fb-6818e781e68e,00000000-0000-0000-0000-000000000000,BCHZ18,Sell,501,0.07759,RemovedLiquidity,Trade,StopLimit,501,Liquidation,-3887259000,9718147,2018-11-09 21:15:34.311057,81833,aoa-execution-2018-03-01-2018-12-31.csv,2018-11-09 21:15:34.311057,2018-11-10,-501,0,501,0,True,501,True,0,-397129274,,,,
70fdc2e9-fae1-8833-bb3f-a526814abfc6,00000000-0000-0000-0000-000000000000,ETHUSD,Sell,1,131.27,RemovedLiquidity,Trade,StopLimit,1,Liquidation,-13127,9,2018-11-20 08:06:38.27444,91142,aoa-execution-2018-03-01-2018-12-31.csv,2018-11-20 08:06:38.274440,2018-11-20,-1,0,1,0,True,1,True,0,5783403,,,,
ddbf3f21-c67a-aba1-92b6-e491581bb671,00000000-0000-0000-0000-000000000000,XBTUSD,Sell,576,8075.6,RemovedLiquidity,Trade,StopLimit,576,Liquidation,7132608,5349,2019-09-24 19:45:00.88798,161703,aoa-execution-2019-01-01-2020-12-31.csv,2019-09-24 19:45:00.887980,2019-09-25,-576,0,576,0,True,576,True,0,373351135,-1187712.0,5349.0,-1193061.0,2148.0
b617a447-d54a-cff7-13a7-503c7d7c9a48,00000000-0000-0000-0000-000000000000,XBTUSD,Sell,126,5767.03,RemovedLiquidity,Trade,StopLimit,126,Liquidation,2184840,1638,2020-03-12 10:48:12.744702,276460,aoa-execution-2019-01-01-2020-12-31.csv,2020-03-12 10:48:12.744702,2020-03-12,-126,0,126,0,True,126,True,0,-2248469416,-569396.0,1638.0,-571034.0,2238.0
