outcome,specification,calendar_block_days,term,coefficient,hac_se,block_wild_low,block_wild_high,n,r_squared,design_condition_number,rank
log_orders,year_only,7,intercept,2.4266563421725236,0.2084994544085391,2.039253276822475,2.7824426919352674,1389,0.08622265635589277,5.168610616065579,4
log_orders,year_only,7,year_2019,-0.7576458883371935,0.23572273310571581,-1.1920938277154187,-0.34561373085591635,1389,0.08622265635589277,5.168610616065579,4
log_orders,year_only,7,year_2020,-0.7954217902429854,0.23270592559175193,-1.1845856278957334,-0.3473995589399103,1389,0.08622265635589277,5.168610616065579,4
log_orders,year_only,7,year_2021,-1.1665997558193602,0.23630349156073327,-1.6145249053769137,-0.7453965827664404,1389,0.08622265635589277,5.168610616065579,4
log_orders,year_only,14,intercept,2.4266563421725236,0.26801521069751943,1.9130591784853141,2.8972580703814836,1389,0.08622265635589277,5.168610616065579,4
log_orders,year_only,14,year_2019,-0.7576458883371935,0.2985839840465889,-1.345743677038501,-0.19414352749683272,1389,0.08622265635589277,5.168610616065579,4
log_orders,year_only,14,year_2020,-0.7954217902429854,0.29228380171467433,-1.3270568986224682,-0.26926511697286526,1389,0.08622265635589277,5.168610616065579,4
log_orders,year_only,14,year_2021,-1.1665997558193602,0.3017976360737028,-1.6728446422786702,-0.5699283679313542,1389,0.08622265635589277,5.168610616065579,4
log_orders,year_only,28,intercept,2.4266563421725236,0.336061137947127,1.7585880393897524,3.022874208391159,1389,0.08622265635589277,5.168610616065579,4
log_orders,year_only,28,year_2019,-0.7576458883371935,0.3726036943718256,-1.440426175190864,-0.051100930684943396,1389,0.08622265635589277,5.168610616065579,4
log_orders,year_only,28,year_2020,-0.7954217902429854,0.3593658911627171,-1.4417833218887388,-0.0886831410397223,1389,0.08622265635589277,5.168610616065579,4
log_orders,year_only,28,year_2021,-1.1665997558193602,0.37914715565138063,-1.8798965467991573,-0.4371028564269224,1389,0.08622265635589277,5.168610616065579,4
log_orders,market_adjusted,7,intercept,8.256642928509448,1.462653559926514,5.460963888385922,11.128601304798558,1389,0.1752859081599415,292.55371872101887,7
log_orders,market_adjusted,7,year_2019,-0.8378738293582425,0.19107464756694253,-1.1583847528411289,-0.48644431400374905,1389,0.1752859081599415,292.55371872101887,7
log_orders,market_adjusted,7,year_2020,-0.551498855791744,0.21560206033890114,-0.9478720444377708,-0.12365226977222717,1389,0.1752859081599415,292.55371872101887,7
log_orders,market_adjusted,7,year_2021,-0.24888701118103682,0.3487604806314171,-0.8903955299998426,0.5013115006094073,1389,0.1752859081599415,292.55371872101887,7
log_orders,market_adjusted,7,log_price,-0.6067435306005469,0.16314930489632262,-0.9331190906527734,-0.29632431319511643,1389,0.1752859081599415,292.55371872101887,7
log_orders,market_adjusted,7,log_vol,1.0041356319646444,0.1974171547046375,0.6160720229538579,1.3914806174881273,1389,0.1752859081599415,292.55371872101887,7
log_orders,market_adjusted,7,lag_return_30d,0.6175530678684839,0.24389807359382004,0.15570386316528426,1.0497921320897756,1389,0.1752859081599415,292.55371872101887,7
log_orders,market_adjusted,14,intercept,8.256642928509448,1.6837892169027568,4.840433993176503,11.337437801854547,1389,0.1752859081599415,292.55371872101887,7
log_orders,market_adjusted,14,year_2019,-0.8378738293582425,0.23411590112421837,-1.2951888856602451,-0.4108066810600349,1389,0.1752859081599415,292.55371872101887,7
log_orders,market_adjusted,14,year_2020,-0.551498855791744,0.26605785946756877,-1.0587277816959972,-0.07592165283345997,1389,0.1752859081599415,292.55371872101887,7
log_orders,market_adjusted,14,year_2021,-0.24888701118103682,0.401108965342881,-1.037836711076631,0.5102124548324143,1389,0.1752859081599415,292.55371872101887,7
log_orders,market_adjusted,14,log_price,-0.6067435306005469,0.1867496513761808,-0.9463502588355674,-0.21946352878452394,1389,0.1752859081599415,292.55371872101887,7
log_orders,market_adjusted,14,log_vol,1.0041356319646444,0.240935543873979,0.5586958357093309,1.4406814770579062,1389,0.1752859081599415,292.55371872101887,7
log_orders,market_adjusted,14,lag_return_30d,0.6175530678684839,0.2773098121210933,0.04691231663072687,1.1680001917044067,1389,0.1752859081599415,292.55371872101887,7
log_orders,market_adjusted,28,intercept,8.256642928509448,1.9272510392593352,4.3325933430345165,12.074825507519085,1389,0.1752859081599415,292.55371872101887,7
log_orders,market_adjusted,28,year_2019,-0.8378738293582425,0.28108228693754694,-1.3568614509332468,-0.2427576125711287,1389,0.1752859081599415,292.55371872101887,7
log_orders,market_adjusted,28,year_2020,-0.551498855791744,0.3187153612164376,-1.2023105882947644,0.15517558349153993,1389,0.1752859081599415,292.55371872101887,7
log_orders,market_adjusted,28,year_2021,-0.24888701118103682,0.4601838527193878,-1.2403652504106921,0.6553633412574784,1389,0.1752859081599415,292.55371872101887,7
log_orders,market_adjusted,28,log_price,-0.6067435306005469,0.21334014748148056,-1.0398237369446712,-0.16847695653700376,1389,0.1752859081599415,292.55371872101887,7
log_orders,market_adjusted,28,log_vol,1.0041356319646444,0.28649301992754495,0.42730801990481126,1.5984862004569886,1389,0.1752859081599415,292.55371872101887,7
log_orders,market_adjusted,28,lag_return_30d,0.6175530678684839,0.30697667220715613,-0.040659553743708915,1.286716919267575,1389,0.1752859081599415,292.55371872101887,7
log_orders,capital_and_market,7,intercept,8.436586156653094,1.5079916680941412,5.728533036864083,11.372504796484243,1389,0.17548494676265602,577.5383846974288,8
log_orders,capital_and_market,7,year_2019,-0.7558372688158606,0.3239928407697349,-1.3692166247598507,-0.10754379681016824,1389,0.17548494676265602,577.5383846974288,8
log_orders,capital_and_market,7,year_2020,-0.4346583302607732,0.4217281535493684,-1.3189696030706042,0.5071335690167701,1389,0.17548494676265602,577.5383846974288,8
log_orders,capital_and_market,7,year_2021,-0.09935163239788568,0.5497220328640436,-1.2349624847592693,1.09753470580305,1389,0.17548494676265602,577.5383846974288,8
log_orders,capital_and_market,7,log_capital,-0.028485041323316196,0.09469296612108158,-0.24967389123604403,0.16330755473685615,1389,0.17548494676265602,577.5383846974288,8
log_orders,capital_and_market,7,log_price,-0.5911867262474394,0.17971737968875265,-0.9640087947189607,-0.23147477911869582,1389,0.17548494676265602,577.5383846974288,8
log_orders,capital_and_market,7,log_vol,0.9973885933070207,0.19774997255356336,0.6364045517946482,1.3686840400476459,1389,0.17548494676265602,577.5383846974288,8
log_orders,capital_and_market,7,lag_return_30d,0.6057808434614761,0.24931042432487283,0.11225017056294964,1.0387237078353289,1389,0.17548494676265602,577.5383846974288,8
log_orders,capital_and_market,14,intercept,8.436586156653094,1.7151688958416358,4.942244971276305,11.778363505568294,1389,0.17548494676265602,577.5383846974288,8
log_orders,capital_and_market,14,year_2019,-0.7558372688158606,0.38144030578310306,-1.5025044163294181,-0.07564732403279599,1389,0.17548494676265602,577.5383846974288,8
log_orders,capital_and_market,14,year_2020,-0.4346583302607732,0.49159978182204345,-1.2931923763618538,0.4652358192019157,1389,0.17548494676265602,577.5383846974288,8
log_orders,capital_and_market,14,year_2021,-0.09935163239788568,0.6178158671255349,-1.2485683239830212,1.1084327489509502,1389,0.17548494676265602,577.5383846974288,8
log_orders,capital_and_market,14,log_capital,-0.028485041323316196,0.10873727283586711,-0.23126957239120816,0.1614194886648871,1389,0.17548494676265602,577.5383846974288,8
log_orders,capital_and_market,14,log_price,-0.5911867262474394,0.20808860445811686,-0.9294114667354793,-0.16949692689717777,1389,0.17548494676265602,577.5383846974288,8
log_orders,capital_and_market,14,log_vol,0.9973885933070207,0.24133387626498146,0.5347849490418605,1.4392917718745677,1389,0.17548494676265602,577.5383846974288,8
log_orders,capital_and_market,14,lag_return_30d,0.6057808434614761,0.28332996028610696,0.029665226060289217,1.196223437700421,1389,0.17548494676265602,577.5383846974288,8
log_orders,capital_and_market,28,intercept,8.436586156653094,1.9647097818677688,4.296230090805273,12.647467170181324,1389,0.17548494676265602,577.5383846974288,8
log_orders,capital_and_market,28,year_2019,-0.7558372688158606,0.4557271817018177,-1.6223660270693436,0.009684703095934109,1389,0.17548494676265602,577.5383846974288,8
log_orders,capital_and_market,28,year_2020,-0.4346583302607732,0.5824108122344097,-1.5311979169481582,0.5687397466485646,1389,0.17548494676265602,577.5383846974288,8
log_orders,capital_and_market,28,year_2021,-0.09935163239788568,0.7206457147134051,-1.4828676124366271,1.1667275406427369,1389,0.17548494676265602,577.5383846974288,8
log_orders,capital_and_market,28,log_capital,-0.028485041323316196,0.1307111426196734,-0.24994570652194045,0.21341198176400789,1389,0.17548494676265602,577.5383846974288,8
log_orders,capital_and_market,28,log_price,-0.5911867262474394,0.24043508150106643,-1.0700598876372602,-0.11641411437149286,1389,0.17548494676265602,577.5383846974288,8
log_orders,capital_and_market,28,log_vol,0.9973885933070207,0.2877317243605401,0.39829741240962724,1.5919989580898828,1389,0.17548494676265602,577.5383846974288,8
log_orders,capital_and_market,28,lag_return_30d,0.6057808434614761,0.3160477090366726,-0.037028031116716285,1.2793691880926155,1389,0.17548494676265602,577.5383846974288,8
log_size,year_only,7,intercept,11.743154315420655,0.18512852114924022,11.395617809318342,12.094480268309244,1026,0.5091831378815335,5.117717247321617,4
log_size,year_only,7,year_2019,1.859226133526417,0.21862018501723565,1.452215998524026,2.312329744270799,1026,0.5091831378815335,5.117717247321617,4
log_size,year_only,7,year_2020,2.6104672810706493,0.21087963714905456,2.1685387072172975,3.0293552872945533,1026,0.5091831378815335,5.117717247321617,4
log_size,year_only,7,year_2021,3.870369450260825,0.18949737477409667,3.497658542189912,4.247744986445433,1026,0.5091831378815335,5.117717247321617,4
log_size,year_only,14,intercept,11.743154315420655,0.21397866902175008,11.30099777937828,12.194153460906756,1026,0.5091831378815335,5.117717247321617,4
log_size,year_only,14,year_2019,1.859226133526417,0.25867239733091313,1.3426795831951734,2.4085504427753017,1026,0.5091831378815335,5.117717247321617,4
log_size,year_only,14,year_2020,2.6104672810706493,0.24311352021489782,2.1401547395201304,3.0701406764707833,1026,0.5091831378815335,5.117717247321617,4
log_size,year_only,14,year_2021,3.870369450260825,0.21933969639127981,3.4050036276573485,4.3417409489858265,1026,0.5091831378815335,5.117717247321617,4
log_size,year_only,28,intercept,11.743154315420655,0.23774300094105325,11.302238036044969,12.245485959303096,1026,0.5091831378815335,5.117717247321617,4
log_size,year_only,28,year_2019,1.859226133526417,0.30501773292772133,1.2822589649151885,2.4106284187955116,1026,0.5091831378815335,5.117717247321617,4
log_size,year_only,28,year_2020,2.6104672810706493,0.27629389002725563,2.1044587428351957,3.124047921866032,1026,0.5091831378815335,5.117717247321617,4
log_size,year_only,28,year_2021,3.870369450260825,0.24415970474164206,3.3890406695625734,4.3185798562828674,1026,0.5091831378815335,5.117717247321617,4
log_size,market_adjusted,7,intercept,3.597473758799212,1.4888324301201583,0.7717521185311209,5.9618759980669465,1026,0.5340979473619174,280.78419209049343,7
log_size,market_adjusted,7,year_2019,1.955549192584456,0.22761689472234084,1.5397915027376676,2.4149069254888325,1026,0.5340979473619174,280.78419209049343,7
log_size,market_adjusted,7,year_2020,2.322799107226136,0.2510639861953835,1.8390384590178408,2.843800219301324,1026,0.5340979473619174,280.78419209049343,7
log_size,market_adjusted,7,year_2021,2.2484581484188184,0.40610304149032067,1.4605355838063794,2.971104567348463,1026,0.5340979473619174,280.78419209049343,7
log_size,market_adjusted,7,log_price,0.9232090649816653,0.169137746073621,0.6354469767732308,1.2439519078867263,1026,0.5340979473619174,280.78419209049343,7
log_size,market_adjusted,7,log_vol,0.03662394431231811,0.1939884324457258,-0.32221568139114776,0.46672525257875636,1026,0.5340979473619174,280.78419209049343,7
log_size,market_adjusted,7,lag_return_30d,-0.7227861771997447,0.24508424165644122,-1.1815885141837585,-0.3128996052621329,1026,0.5340979473619174,280.78419209049343,7
log_size,market_adjusted,14,intercept,3.597473758799212,1.8116434773450112,0.4001478041016228,7.168750383655145,1026,0.5340979473619174,280.78419209049343,7
log_size,market_adjusted,14,year_2019,1.955549192584456,0.26358709279402337,1.3931318243194302,2.5150453713790815,1026,0.5340979473619174,280.78419209049343,7
log_size,market_adjusted,14,year_2020,2.322799107226136,0.2848648163386167,1.6909841188083194,2.900517602970214,1026,0.5340979473619174,280.78419209049343,7
log_size,market_adjusted,14,year_2021,2.2484581484188184,0.47770348452987565,1.3596688563225576,3.1658534587986393,1026,0.5340979473619174,280.78419209049343,7
log_size,market_adjusted,14,log_price,0.9232090649816653,0.20422787858198263,0.5238906477601104,1.2681593914467508,1026,0.5340979473619174,280.78419209049343,7
log_size,market_adjusted,14,log_vol,0.03662394431231811,0.21346362154042647,-0.3732867538366894,0.4522213923211304,1026,0.5340979473619174,280.78419209049343,7
log_size,market_adjusted,14,lag_return_30d,-0.7227861771997447,0.27106846622570063,-1.2249913967986614,-0.13803300936008334,1026,0.5340979473619174,280.78419209049343,7
log_size,market_adjusted,28,intercept,3.597473758799212,2.15880305887488,-0.7452372412311705,8.077838117458773,1026,0.5340979473619174,280.78419209049343,7
log_size,market_adjusted,28,year_2019,1.955549192584456,0.29824993953393003,1.365116029979856,2.5226618681119963,1026,0.5340979473619174,280.78419209049343,7
log_size,market_adjusted,28,year_2020,2.322799107226136,0.31650719726051346,1.7125805639681178,2.93539350030087,1026,0.5340979473619174,280.78419209049343,7
log_size,market_adjusted,28,year_2021,2.2484581484188184,0.5542917113343249,1.1878602030433707,3.3761259871860734,1026,0.5340979473619174,280.78419209049343,7
log_size,market_adjusted,28,log_price,0.9232090649816653,0.24235469048128658,0.41954906632053596,1.423062249413941,1026,0.5340979473619174,280.78419209049343,7
log_size,market_adjusted,28,log_vol,0.03662394431231811,0.2296813437372702,-0.3824039106202555,0.4666432783980388,1026,0.5340979473619174,280.78419209049343,7
log_size,market_adjusted,28,lag_return_30d,-0.7227861771997447,0.28507989703946446,-1.30367558742788,-0.1525256709667874,1026,0.5340979473619174,280.78419209049343,7
log_size,capital_and_market,7,intercept,-0.6096816422189715,0.9953361075725852,-2.509346628498318,1.1557240503532045,1026,0.5913636483592083,556.1846283696987,8
log_size,capital_and_market,7,year_2019,0.27637455299993563,0.16375139121266125,0.008631938260900815,0.5543045951999713,1026,0.5913636483592083,556.1846283696987,8
log_size,capital_and_market,7,year_2020,-0.10894534898902197,0.22183314119682174,-0.48046449846780503,0.26570095017687445,1026,0.5913636483592083,556.1846283696987,8
log_size,capital_and_market,7,year_2021,-0.9440375374863227,0.3272514816828026,-1.4959013952117552,-0.37727050400501694,1026,0.5913636483592083,556.1846283696987,8
log_size,capital_and_market,7,log_capital,0.5931410493477425,0.04385870107281676,0.523696654271813,0.6584181752386146,1026,0.5913636483592083,556.1846283696987,8
log_size,capital_and_market,7,log_price,0.6490061395747864,0.10624807936895027,0.4480919026145437,0.8616709045151415,1026,0.5913636483592083,556.1846283696987,8
log_size,capital_and_market,7,log_vol,0.1756721929416566,0.16488490528667915,-0.12722187510239694,0.5134126769095044,1026,0.5913636483592083,556.1846283696987,8
log_size,capital_and_market,7,lag_return_30d,-0.4618155219321516,0.2172356998496533,-0.8425571844250233,-0.0740793945766842,1026,0.5913636483592083,556.1846283696987,8
log_size,capital_and_market,14,intercept,-0.6096816422189715,1.046573263922745,-2.602433999435438,1.630085581071958,1026,0.5913636483592083,556.1846283696987,8
log_size,capital_and_market,14,year_2019,0.27637455299993563,0.1651004066087698,-0.04417231532451607,0.5839593667066877,1026,0.5913636483592083,556.1846283696987,8
log_size,capital_and_market,14,year_2020,-0.10894534898902197,0.21523188559486925,-0.5170184321450028,0.28216724777825963,1026,0.5913636483592083,556.1846283696987,8
log_size,capital_and_market,14,year_2021,-0.9440375374863227,0.33329925771307845,-1.5976616082349595,-0.27673487931236757,1026,0.5913636483592083,556.1846283696987,8
log_size,capital_and_market,14,log_capital,0.5931410493477425,0.04078900680784227,0.505260612719121,0.674063003183278,1026,0.5913636483592083,556.1846283696987,8
log_size,capital_and_market,14,log_price,0.6490061395747864,0.11095746643714044,0.42351601267471617,0.8698722543190767,1026,0.5913636483592083,556.1846283696987,8
log_size,capital_and_market,14,log_vol,0.1756721929416566,0.17095953694051688,-0.16874052191795277,0.5096048789011455,1026,0.5913636483592083,556.1846283696987,8
log_size,capital_and_market,14,lag_return_30d,-0.4618155219321516,0.23675181884597415,-0.9613931541207292,0.057467696500323635,1026,0.5913636483592083,556.1846283696987,8
log_size,capital_and_market,28,intercept,-0.6096816422189715,1.0965572767773537,-2.659557773119007,1.369199728686545,1026,0.5913636483592083,556.1846283696987,8
log_size,capital_and_market,28,year_2019,0.27637455299993563,0.1658902782291618,-0.02348707068024409,0.5585293743908802,1026,0.5913636483592083,556.1846283696987,8
log_size,capital_and_market,28,year_2020,-0.10894534898902197,0.21813800813761486,-0.46970866789761306,0.2856722207897197,1026,0.5913636483592083,556.1846283696987,8
log_size,capital_and_market,28,year_2021,-0.9440375374863227,0.351393543345884,-1.556082650078832,-0.28679637841966815,1026,0.5913636483592083,556.1846283696987,8
log_size,capital_and_market,28,log_capital,0.5931410493477425,0.037947480057316865,0.5198356836885675,0.6698520280490259,1026,0.5913636483592083,556.1846283696987,8
log_size,capital_and_market,28,log_price,0.6490061395747864,0.11198650055188479,0.4382512618710714,0.846696519857257,1026,0.5913636483592083,556.1846283696987,8
log_size,capital_and_market,28,log_vol,0.1756721929416566,0.16874342949614893,-0.1283717944555164,0.5038827771445763,1026,0.5913636483592083,556.1846283696987,8
log_size,capital_and_market,28,lag_return_30d,-0.4618155219321516,0.2532476081849174,-0.9568488790993699,0.042171876752338834,1026,0.5913636483592083,556.1846283696987,8
log_holding_168h,year_only,7,intercept,0.596694686592309,0.06554101381091186,0.4649815504034246,0.7113835544212098,2571,0.27773764453373895,4.862821623687098,4
log_holding_168h,year_only,7,year_2019,1.1458082920749222,0.17058416473329133,0.82786974839995,1.4961175843963663,2571,0.27773764453373895,4.862821623687098,4
log_holding_168h,year_only,7,year_2020,1.5349738262554231,0.18346877081930543,1.1562747219868093,1.87736842054731,2571,0.27773764453373895,4.862821623687098,4
log_holding_168h,year_only,7,year_2021,2.3043776318643374,0.19737313510332086,2.002831112543641,2.684783970919866,2571,0.27773764453373895,4.862821623687098,4
log_holding_168h,year_only,14,intercept,0.596694686592309,0.07997514587606275,0.44953439500328757,0.7385386932541612,2571,0.27773764453373895,4.862821623687098,4
log_holding_168h,year_only,14,year_2019,1.1458082920749222,0.19452036998988675,0.7683224653565994,1.5376920385987367,2571,0.27773764453373895,4.862821623687098,4
log_holding_168h,year_only,14,year_2020,1.5349738262554231,0.20489455200566611,1.1653539415948213,1.9196401902605524,2571,0.27773764453373895,4.862821623687098,4
log_holding_168h,year_only,14,year_2021,2.3043776318643374,0.201123801693388,1.9067203068150953,2.665084091193207,2571,0.27773764453373895,4.862821623687098,4
log_holding_168h,year_only,28,intercept,0.596694686592309,0.10264173205165124,0.3992616809763123,0.7935365145846596,2571,0.27773764453373895,4.862821623687098,4
log_holding_168h,year_only,28,year_2019,1.1458082920749222,0.2263331664557159,0.6784121722375429,1.6201179608639702,2571,0.27773764453373895,4.862821623687098,4
log_holding_168h,year_only,28,year_2020,1.5349738262554231,0.2236177439181366,1.1001904423235582,1.9634302803798511,2571,0.27773764453373895,4.862821623687098,4
log_holding_168h,year_only,28,year_2021,2.3043776318643374,0.2035062369595699,1.970994267730818,2.6380672713828224,2571,0.27773764453373895,4.862821623687098,4
log_holding_168h,market_adjusted,7,intercept,0.9320628437140439,1.551648241884126,-1.94089560565258,3.8109396461186194,2571,0.30291803702845765,291.4221478857781,7
log_holding_168h,market_adjusted,7,year_2019,1.1478837753553963,0.157765304062549,0.8163955882556353,1.4388051730989775,2571,0.30291803702845765,291.4221478857781,7
log_holding_168h,market_adjusted,7,year_2020,1.4743661925510452,0.1943211856177037,1.0908762223444912,1.8109004988531843,2571,0.30291803702845765,291.4221478857781,7
log_holding_168h,market_adjusted,7,year_2021,2.553014185143506,0.3334026447818498,1.9647448709749369,3.2038752982030605,2571,0.30291803702845765,291.4221478857781,7
log_holding_168h,market_adjusted,7,log_price,-0.061216012455456825,0.17521575370398118,-0.38388685874253553,0.2638687943314111,2571,0.30291803702845765,291.4221478857781,7
log_holding_168h,market_adjusted,7,log_vol,-0.7009641278853969,0.13046059460423162,-0.9369522746870477,-0.43796312114226393,2571,0.30291803702845765,291.4221478857781,7
log_holding_168h,market_adjusted,7,lag_return_30d,-0.4087607720590767,0.26604278502174034,-0.9033945078677418,0.08562864367983472,2571,0.30291803702845765,291.4221478857781,7
log_holding_168h,market_adjusted,14,intercept,0.9320628437140439,1.7638491457660455,-2.7176608518163565,4.379079738209202,2571,0.30291803702845765,291.4221478857781,7
log_holding_168h,market_adjusted,14,year_2019,1.1478837753553963,0.18055648879344083,0.7420167587804976,1.5200610197181166,2571,0.30291803702845765,291.4221478857781,7
log_holding_168h,market_adjusted,14,year_2020,1.4743661925510452,0.21214125027634054,1.1014401457026253,1.8840001268314397,2571,0.30291803702845765,291.4221478857781,7
log_holding_168h,market_adjusted,14,year_2021,2.553014185143506,0.36827095146461064,1.7729199144987284,3.349878234912572,2571,0.30291803702845765,291.4221478857781,7
log_holding_168h,market_adjusted,14,log_price,-0.061216012455456825,0.1994635916242323,-0.45452458720788336,0.3465662129388772,2571,0.30291803702845765,291.4221478857781,7
log_holding_168h,market_adjusted,14,log_vol,-0.7009641278853969,0.13999921185999153,-0.9599905043432735,-0.4457746602481759,2571,0.30291803702845765,291.4221478857781,7
log_holding_168h,market_adjusted,14,lag_return_30d,-0.4087607720590767,0.2936233423436245,-0.988183147540378,0.14737996116811408,2571,0.30291803702845765,291.4221478857781,7
log_holding_168h,market_adjusted,28,intercept,0.9320628437140439,2.0329837246147164,-3.157546674444756,4.838532187638782,2571,0.30291803702845765,291.4221478857781,7
log_holding_168h,market_adjusted,28,year_2019,1.1478837753553963,0.20650189316869463,0.7132159927490964,1.6437509037227238,2571,0.30291803702845765,291.4221478857781,7
log_holding_168h,market_adjusted,28,year_2020,1.4743661925510452,0.22612034355437255,1.0174927831245597,1.8816102352761264,2571,0.30291803702845765,291.4221478857781,7
log_holding_168h,market_adjusted,28,year_2021,2.553014185143506,0.4135310329672172,1.7598971429774337,3.3694955876001904,2571,0.30291803702845765,291.4221478857781,7
log_holding_168h,market_adjusted,28,log_price,-0.061216012455456825,0.2301979624949372,-0.5037650025455332,0.4036345026679243,2571,0.30291803702845765,291.4221478857781,7
log_holding_168h,market_adjusted,28,log_vol,-0.7009641278853969,0.15104949891206335,-0.9730286493000386,-0.42484962075583016,2571,0.30291803702845765,291.4221478857781,7
log_holding_168h,market_adjusted,28,lag_return_30d,-0.4087607720590767,0.31657541691222774,-1.007260812984723,0.20771658284105465,2571,0.30291803702845765,291.4221478857781,7
log_holding_168h,capital_and_market,7,intercept,-2.1037049247134516,1.8016071293272395,-5.698027644622737,1.3739616527702758,2571,0.31263695883792486,614.6544856312319,8
log_holding_168h,capital_and_market,7,year_2019,0.8447361312412422,0.17988906503499472,0.5268271151095626,1.1913360534675947,2571,0.31263695883792486,614.6544856312319,8
log_holding_168h,capital_and_market,7,year_2020,0.9360296980638471,0.2749187473020986,0.349101248000471,1.4298811769834368,2571,0.31263695883792486,614.6544856312319,8
log_holding_168h,capital_and_market,7,year_2021,1.4893548285185885,0.4966865818001189,0.5850997230283423,2.479926955313534,2571,0.31263695883792486,614.6544856312319,8
log_holding_168h,capital_and_market,7,log_capital,0.09528522466285827,0.038927645362280036,0.02412285874285188,0.16736085368205067,2571,0.31263695883792486,614.6544856312319,8
log_holding_168h,capital_and_market,7,log_price,0.1728389305085497,0.17789565126158283,-0.17545880649925294,0.5240064795429643,2571,0.31263695883792486,614.6544856312319,8
log_holding_168h,capital_and_market,7,log_vol,-0.5566047330817665,0.13739685905905732,-0.8186386288298969,-0.2554447385247132,2571,0.31263695883792486,614.6544856312319,8
log_holding_168h,capital_and_market,7,lag_return_30d,-0.3941395336731045,0.2382906556008745,-0.8105542332405815,0.0645382606522886,2571,0.31263695883792486,614.6544856312319,8
log_holding_168h,capital_and_market,14,intercept,-2.1037049247134516,1.9263244133362785,-6.133726761392585,1.5362614832109902,2571,0.31263695883792486,614.6544856312319,8
log_holding_168h,capital_and_market,14,year_2019,0.8447361312412422,0.19758266792713028,0.4666187424972806,1.2276733999165395,2571,0.31263695883792486,614.6544856312319,8
log_holding_168h,capital_and_market,14,year_2020,0.9360296980638471,0.2960994075919716,0.3302966072917333,1.5003957882534136,2571,0.31263695883792486,614.6544856312319,8
log_holding_168h,capital_and_market,14,year_2021,1.4893548285185885,0.522807085759149,0.4178124590893722,2.5231152046099385,2571,0.31263695883792486,614.6544856312319,8
log_holding_168h,capital_and_market,14,log_capital,0.09528522466285827,0.041374559486642384,0.021940042193467648,0.1700353304968265,2571,0.31263695883792486,614.6544856312319,8
log_holding_168h,capital_and_market,14,log_price,0.1728389305085497,0.19076956965333483,-0.1991719020344786,0.5904847349257712,2571,0.31263695883792486,614.6544856312319,8
log_holding_168h,capital_and_market,14,log_vol,-0.5566047330817665,0.14088959789248484,-0.8217823548827221,-0.2993307647194988,2571,0.31263695883792486,614.6544856312319,8
log_holding_168h,capital_and_market,14,lag_return_30d,-0.3941395336731045,0.2581670042034114,-0.8713269194836861,0.06488538409061505,2571,0.31263695883792486,614.6544856312319,8
log_holding_168h,capital_and_market,28,intercept,-2.1037049247134516,2.1372117055497832,-6.520699158503929,2.3457994491577154,2571,0.31263695883792486,614.6544856312319,8
log_holding_168h,capital_and_market,28,year_2019,0.8447361312412422,0.2126397729189755,0.4192214131130426,1.3349449213910722,2571,0.31263695883792486,614.6544856312319,8
log_holding_168h,capital_and_market,28,year_2020,0.9360296980638471,0.30737845523200485,0.29941435428159935,1.5295390451080944,2571,0.31263695883792486,614.6544856312319,8
log_holding_168h,capital_and_market,28,year_2021,1.4893548285185885,0.5597842314335594,0.2935344646159306,2.6198591104641067,2571,0.31263695883792486,614.6544856312319,8
log_holding_168h,capital_and_market,28,log_capital,0.09528522466285827,0.040783376924492076,0.010262890933987941,0.1781721384003921,2571,0.31263695883792486,614.6544856312319,8
log_holding_168h,capital_and_market,28,log_price,0.1728389305085497,0.2136181767351417,-0.26584652055807134,0.6037080540998221,2571,0.31263695883792486,614.6544856312319,8
log_holding_168h,capital_and_market,28,log_vol,-0.5566047330817665,0.1462437668401169,-0.8425484162249051,-0.2845785427775169,2571,0.31263695883792486,614.6544856312319,8
log_holding_168h,capital_and_market,28,lag_return_30d,-0.3941395336731045,0.28109033099235065,-0.888084058825366,0.1494210917676994,2571,0.31263695883792486,614.6544856312319,8
