date,grid_seconds,max_age_seconds,snapshots,valid_snapshots,coverage,peak_gross_usd,min_equity_btc,max_abs_basis_equity_usd
2019-04-01,10,30,8640,8638,0.9997685185185186,2100822.5376585885,185.65538528202887,1387.2145369537132
2019-04-01,10,60,8640,8640,1.0,2100822.5376585885,185.65538528202887,1387.2145369537132
2019-04-01,10,300,8640,8640,1.0,2100822.5376585885,185.65538528202887,1387.2145369537132
2019-04-01,60,30,1440,1440,1.0,2100822.5376585885,185.72130609070976,1387.0902125968557
2019-04-01,60,60,1440,1440,1.0,2100822.5376585885,185.72130609070976,1387.0902125968557
2019-04-01,60,300,1440,1440,1.0,2100822.5376585885,185.72130609070976,1387.0902125968557
2019-04-01,300,30,288,288,1.0,2100822.5376585885,186.11963736804222,1377.0460407744324
2019-04-01,300,60,288,288,1.0,2100822.5376585885,186.11963736804222,1377.0460407744324
2019-04-01,300,300,288,288,1.0,2100822.5376585885,186.11963736804222,1377.0460407744324
2019-05-01,10,30,8640,8639,0.9998842592592593,3001087.1989756906,164.4969773102037,1020.198975690516
2019-05-01,10,60,8640,8640,1.0,3001087.1989756906,164.4969773102037,1020.198975690516
2019-05-01,10,300,8640,8640,1.0,3001087.1989756906,164.4969773102037,1020.198975690516
2019-05-01,60,30,1440,1440,1.0,3001086.75831892,164.6898987862296,1019.7583189200362
2019-05-01,60,60,1440,1440,1.0,3001086.75831892,164.6898987862296,1019.7583189200362
2019-05-01,60,300,1440,1440,1.0,3001086.75831892,164.6898987862296,1019.7583189200362
2019-05-01,300,30,288,288,1.0,3001076.8006637837,164.6898987862296,1009.800663783512
2019-05-01,300,60,288,288,1.0,3001076.8006637837,164.6898987862296,1009.800663783512
2019-05-01,300,300,288,288,1.0,3001076.8006637837,164.6898987862296,1009.800663783512
2019-06-01,10,30,8640,8640,1.0,4200410.800543873,162.8674046998584,1039.9984173971357
2019-06-01,10,60,8640,8640,1.0,4200410.800543873,162.8674046998584,1039.9984173971357
2019-06-01,10,300,8640,8640,1.0,4200410.800543873,162.8674046998584,1039.9984173971357
2019-06-01,60,30,1440,1440,1.0,4200405.862059439,162.8674046998584,1039.8741670659156
2019-06-01,60,60,1440,1440,1.0,4200405.862059439,162.8674046998584,1039.8741670659156
2019-06-01,60,300,1440,1440,1.0,4200405.862059439,162.8674046998584,1039.8741670659156
2019-06-01,300,30,288,288,1.0,4200405.862059439,163.22244202067776,1032.3231524802043
2019-06-01,300,60,288,288,1.0,4200405.862059439,163.22244202067776,1032.3231524802043
2019-06-01,300,300,288,288,1.0,4200405.862059439,163.22244202067776,1032.3231524802043
2019-07-01,10,30,8640,8640,1.0,3597442.193579739,149.23187058676118,3490.664699501429
2019-07-01,10,60,8640,8640,1.0,3597442.193579739,149.23187058676118,3490.664699501429
2019-07-01,10,300,8640,8640,1.0,3597442.193579739,149.23187058676118,3490.664699501429
2019-07-01,60,30,1440,1440,1.0,3597431.0322065265,149.3347242487395,3489.5242372179255
2019-07-01,60,60,1440,1440,1.0,3597431.0322065265,149.3347242487395,3489.5242372179255
2019-07-01,60,300,1440,1440,1.0,3597431.0322065265,149.3347242487395,3489.5242372179255
2019-07-01,300,30,288,288,1.0,3597407.4150388357,149.42040415340347,3444.1790899436623
2019-07-01,300,60,288,288,1.0,3597407.4150388357,149.42040415340347,3444.1790899436623
2019-07-01,300,300,288,288,1.0,3597407.4150388357,149.42040415340347,3444.1790899436623
2019-08-01,10,30,8640,8640,1.0,2000592.0000000002,167.05816746143887,200.09041410486128
2019-08-01,10,60,8640,8640,1.0,2000592.0000000002,167.05816746143887,200.09041410486128
2019-08-01,10,300,8640,8640,1.0,2000592.0000000002,167.05816746143887,200.09041410486128
2019-08-01,60,30,1440,1440,1.0,2000592.0000000002,167.05816746143887,200.06740276337908
2019-08-01,60,60,1440,1440,1.0,2000592.0000000002,167.05816746143887,200.06740276337908
2019-08-01,60,300,1440,1440,1.0,2000592.0000000002,167.05816746143887,200.06740276337908
2019-08-01,300,30,288,288,1.0,2000592.0000000002,167.2409156573422,197.91867949352132
2019-08-01,300,60,288,288,1.0,2000592.0000000002,167.2409156573422,197.91867949352132
2019-08-01,300,300,288,288,1.0,2000592.0000000002,167.2409156573422,197.91867949352132
2019-09-01,10,30,8640,8640,1.0,2000424.0000000002,211.96413784355818,201.41367412748846
2019-09-01,10,60,8640,8640,1.0,2000424.0000000002,211.96413784355818,201.41367412748846
2019-09-01,10,300,8640,8640,1.0,2000424.0000000002,211.96413784355818,201.41367412748846
2019-09-01,60,30,1440,1440,1.0,2000424.0,211.9862878205772,199.32089986741823
2019-09-01,60,60,1440,1440,1.0,2000424.0,211.9862878205772,199.32089986741823
2019-09-01,60,300,1440,1440,1.0,2000424.0,211.9862878205772,199.32089986741823
2019-09-01,300,30,288,288,1.0,2000424.0,212.0047856007894,199.29132083468818
2019-09-01,300,60,288,288,1.0,2000424.0,212.0047856007894,199.29132083468818
2019-09-01,300,300,288,288,1.0,2000424.0,212.0047856007894,199.29132083468818
2019-10-01,10,30,8640,8640,1.0,4000578.392993103,213.04287878513617,346.9188853404793
2019-10-01,10,60,8640,8640,1.0,4000578.392993103,213.04287878513617,346.9188853404793
2019-10-01,10,300,8640,8640,1.0,4000578.392993103,213.04287878513617,346.9188853404793
2019-10-01,60,30,1440,1440,1.0,4000578.355980452,213.780335446343,192.45018100016316
2019-10-01,60,60,1440,1440,1.0,4000578.355980452,213.780335446343,192.45018100016316
2019-10-01,60,300,1440,1440,1.0,4000578.355980452,213.780335446343,192.45018100016316
2019-10-01,300,30,288,288,1.0,4000578.355980452,214.07319707136475,189.52525203501125
2019-10-01,300,60,288,288,1.0,4000578.355980452,214.07319707136475,189.52525203501125
2019-10-01,300,300,288,288,1.0,4000578.355980452,214.07319707136475,189.52525203501125
2019-11-01,10,30,8640,8640,1.0,497.00000000000006,214.74772096322297,0.04985862630342154
2019-11-01,10,60,8640,8640,1.0,497.00000000000006,214.74772096322297,0.04985862630342154
2019-11-01,10,300,8640,8640,1.0,497.00000000000006,214.74772096322297,0.04985862630342154
2019-11-01,60,30,1440,1440,1.0,497.00000000000006,214.74772580807038,0.04984075906673774
2019-11-01,60,60,1440,1440,1.0,497.00000000000006,214.74772580807038,0.04984075906673774
2019-11-01,60,300,1440,1440,1.0,497.00000000000006,214.74772580807038,0.04984075906673774
2019-11-01,300,30,288,288,1.0,497.00000000000006,214.74775147148327,0.049350706665074066
2019-11-01,300,60,288,288,1.0,497.00000000000006,214.74775147148327,0.049350706665074066
2019-11-01,300,300,288,288,1.0,497.00000000000006,214.74775147148327,0.049350706665074066
2019-12-01,10,30,8640,8640,1.0,4000355.1061341166,315.8247428876141,90.21797875335191
2019-12-01,10,60,8640,8640,1.0,4000355.1061341166,315.8247428876141,90.21797875335191
2019-12-01,10,300,8640,8640,1.0,4000355.1061341166,315.8247428876141,90.21797875335191
2019-12-01,60,30,1440,1440,1.0,4000350.130843402,316.04545746548223,90.21151637040352
2019-12-01,60,60,1440,1440,1.0,4000350.130843402,316.04545746548223,90.21151637040352
2019-12-01,60,300,1440,1440,1.0,4000350.130843402,316.04545746548223,90.21151637040352
2019-12-01,300,30,288,288,1.0,4000350.0647361916,316.46918415935664,90.09499351489457
2019-12-01,300,60,288,288,1.0,4000350.0647361916,316.46918415935664,90.09499351489457
2019-12-01,300,300,288,288,1.0,4000350.0647361916,316.46918415935664,90.09499351489457
2020-01-01,10,30,8640,8640,1.0,2500254.0,376.8151436541735,250.07020424468368
2020-01-01,10,60,8640,8640,1.0,2500254.0,376.8151436541735,250.07020424468368
2020-01-01,10,300,8640,8640,1.0,2500254.0,376.8151436541735,250.07020424468368
2020-01-01,60,30,1440,1440,1.0,2500254.0,376.8370921095211,250.07020424468368
2020-01-01,60,60,1440,1440,1.0,2500254.0,376.8370921095211,250.07020424468368
2020-01-01,60,300,1440,1440,1.0,2500254.0,376.8370921095211,250.07020424468368
2020-01-01,300,30,288,288,1.0,2500253.9999999995,376.8370921095211,246.58536056867658
2020-01-01,300,60,288,288,1.0,2500253.9999999995,376.8370921095211,246.58536056867658
2020-01-01,300,300,288,288,1.0,2500253.9999999995,376.8370921095211,246.58536056867658
2020-02-01,10,30,8640,8620,0.9976851851851852,7999522.83265242,425.13288320777997,88345.41206200336
2020-02-01,10,60,8640,8640,1.0,7999522.83265242,425.13288320777997,88345.41206200336
2020-02-01,10,300,8640,8640,1.0,7999522.83265242,425.13288320777997,88345.41206200336
2020-02-01,60,30,1440,1436,0.9972222222222222,7994562.669883797,425.30996642038855,88345.41206200336
2020-02-01,60,60,1440,1440,1.0,7994562.669883797,425.30996642038855,88345.41206200336
2020-02-01,60,300,1440,1440,1.0,7994562.669883797,425.30996642038855,88345.41206200336
2020-02-01,300,30,288,287,0.9965277777777778,7994562.429778923,426.05784896431777,87860.53801940178
2020-02-01,300,60,288,288,1.0,7994562.429778923,426.05784896431777,87860.53801940178
2020-02-01,300,300,288,288,1.0,7994562.429778923,426.05784896431777,87860.53801940178
2020-03-01,10,30,8640,8640,1.0,7500620.707763928,415.430374183966,473.8391661415609
2020-03-01,10,60,8640,8640,1.0,7500620.707763928,415.430374183966,473.8391661415609
2020-03-01,10,300,8640,8640,1.0,7500620.707763928,415.430374183966,473.8391661415609
2020-03-01,60,30,1440,1440,1.0,7500620.562274919,415.484475525116,473.8391661415609
2020-03-01,60,60,1440,1440,1.0,7500620.562274919,415.484475525116,473.8391661415609
2020-03-01,60,300,1440,1440,1.0,7500620.562274919,415.484475525116,473.8391661415609
2020-03-01,300,30,288,288,1.0,7500610.818518333,415.708118551543,473.8391661415609
2020-03-01,300,60,288,288,1.0,7500610.818518333,415.708118551543,473.8391661415609
2020-03-01,300,300,288,288,1.0,7500610.818518333,415.708118551543,473.8391661415609
2020-04-01,10,30,8640,8640,1.0,4001448.8778342837,595.4034920430062,1770.494041736144
2020-04-01,10,60,8640,8640,1.0,4001448.8778342837,595.4034920430062,1770.494041736144
2020-04-01,10,300,8640,8640,1.0,4001448.8778342837,595.4034920430062,1770.494041736144
2020-04-01,60,30,1440,1440,1.0,4001443.2591971382,596.3578033773936,1770.2765470104378
2020-04-01,60,60,1440,1440,1.0,4001443.2591971382,596.3578033773936,1770.2765470104378
2020-04-01,60,300,1440,1440,1.0,4001443.2591971382,596.3578033773936,1770.2765470104378
2020-04-01,300,30,288,288,1.0,4001430.4013554654,597.2578996998445,1751.192623618623
2020-04-01,300,60,288,288,1.0,4001430.4013554654,597.2578996998445,1751.192623618623
2020-04-01,300,300,288,288,1.0,4001430.4013554654,597.2578996998445,1751.192623618623
2020-05-01,10,30,8640,8640,1.0,8000588.000000001,564.6572346324774,802.3209762689663
2020-05-01,10,60,8640,8640,1.0,8000588.000000001,564.6572346324774,802.3209762689663
2020-05-01,10,300,8640,8640,1.0,8000588.000000001,564.6572346324774,802.3209762689663
2020-05-01,60,30,1440,1440,1.0,8000588.0,565.9195963433898,801.6085765819595
2020-05-01,60,60,1440,1440,1.0,8000588.0,565.9195963433898,801.6085765819595
2020-05-01,60,300,1440,1440,1.0,8000588.0,565.9195963433898,801.6085765819595
2020-05-01,300,30,288,288,1.0,8000588.0,566.2175096966042,792.0125055113073
2020-05-01,300,60,288,288,1.0,8000588.0,566.2175096966042,792.0125055113073
2020-05-01,300,300,288,288,1.0,8000588.0,566.2175096966042,792.0125055113073
2020-06-01,10,30,8640,8640,1.0,48.00000000000001,537.9408728186578,0.004823686309656108
2020-06-01,10,60,8640,8640,1.0,48.00000000000001,537.9408728186578,0.004823686309656108
2020-06-01,10,300,8640,8640,1.0,48.00000000000001,537.9408728186578,0.004823686309656108
2020-06-01,60,30,1440,1440,1.0,48.00000000000001,537.9408737156677,0.004821425208272023
2020-06-01,60,60,1440,1440,1.0,48.00000000000001,537.9408737156677,0.004821425208272023
2020-06-01,60,300,1440,1440,1.0,48.00000000000001,537.9408737156677,0.004821425208272023
2020-06-01,300,30,288,288,1.0,48.0,537.9408909061126,0.004770892533547277
2020-06-01,300,60,288,288,1.0,48.0,537.9408909061126,0.004770892533547277
2020-06-01,300,300,288,288,1.0,48.0,537.9408909061126,0.004770892533547277
2020-07-01,10,30,8640,8640,1.0,9004170.75615202,572.2938815650182,681.6676097986401
2020-07-01,10,60,8640,8640,1.0,9004170.75615202,572.2938815650182,681.6676097986401
2020-07-01,10,300,8640,8640,1.0,9004170.75615202,572.2938815650182,681.6676097986401
2020-07-01,60,30,1440,1440,1.0,9004161.133305252,572.2938815650182,681.628521659427
2020-07-01,60,60,1440,1440,1.0,9004161.133305252,572.2938815650182,681.628521659427
2020-07-01,60,300,1440,1440,1.0,9004161.133305252,572.2938815650182,681.628521659427
2020-07-01,300,30,288,288,1.0,9004161.133305252,572.3748186251498,681.5717412204303
2020-07-01,300,60,288,288,1.0,9004161.133305252,572.3748186251498,681.5717412204303
2020-07-01,300,300,288,288,1.0,9004161.133305252,572.3748186251498,681.5717412204303
2020-08-01,10,30,8640,8640,1.0,7879513.122011937,617.8684740117626,3062.4753756709692
2020-08-01,10,60,8640,8640,1.0,7879513.122011937,617.8684740117626,3062.4753756709692
2020-08-01,10,300,8640,8640,1.0,7879513.122011937,617.8684740117626,3062.4753756709692
2020-08-01,60,30,1440,1440,1.0,7879506.534444731,618.0372541370638,1149.2610908957847
2020-08-01,60,60,1440,1440,1.0,7879506.534444731,618.0372541370638,1149.2610908957847
2020-08-01,60,300,1440,1440,1.0,7879506.534444731,618.0372541370638,1149.2610908957847
2020-08-01,300,30,288,288,1.0,7879498.353897203,618.1392984700257,1140.317412070181
2020-08-01,300,60,288,288,1.0,7879498.353897203,618.1392984700257,1140.317412070181
2020-08-01,300,300,288,288,1.0,7879498.353897203,618.1392984700257,1140.317412070181
2020-09-01,10,30,8640,8640,1.0,24005039.85017029,521.8441121308786,6071.568232161974
2020-09-01,10,60,8640,8640,1.0,24005039.85017029,521.8441121308786,6071.568232161974
2020-09-01,10,300,8640,8640,1.0,24005039.85017029,521.8441121308786,6071.568232161974
2020-09-01,60,30,1440,1440,1.0,24005021.15081434,522.5106614267846,6064.229242521535
2020-09-01,60,60,1440,1440,1.0,24005021.15081434,522.5106614267846,6064.229242521535
2020-09-01,60,300,1440,1440,1.0,24005021.15081434,522.5106614267846,6064.229242521535
2020-09-01,300,30,288,288,1.0,24005002.205424376,522.6377524391488,5834.232947434251
2020-09-01,300,60,288,288,1.0,24005002.205424376,522.6377524391488,5834.232947434251
2020-09-01,300,300,288,288,1.0,24005002.205424376,522.6377524391488,5834.232947434251
2020-10-01,10,30,8640,8639,0.9998842592592593,9002327.261160335,665.8533074158065,1150.2611603345208
2020-10-01,10,60,8640,8640,1.0,9002327.261160335,665.8533074158065,1150.2611603345208
2020-10-01,10,300,8640,8640,1.0,9002327.261160335,665.8533074158065,1150.2611603345208
2020-10-01,60,30,1440,1440,1.0,9001753.004804976,666.7428380831816,900.0718630075282
2020-10-01,60,60,1440,1440,1.0,9001753.004804976,666.7428380831816,900.0718630075282
2020-10-01,60,300,1440,1440,1.0,9001753.004804976,666.7428380831816,900.0718630075282
2020-10-01,300,30,288,288,1.0,9001743.024334013,666.7897086909555,892.5320043827634
2020-10-01,300,60,288,288,1.0,9001743.024334013,666.7897086909555,892.5320043827634
2020-10-01,300,300,288,288,1.0,9001743.024334013,666.7897086909555,892.5320043827634
2020-11-01,10,30,8640,8640,1.0,9999788.469870076,590.8767367160535,999.8511305269542
2020-11-01,10,60,8640,8640,1.0,9999788.469870076,590.8767367160535,999.8511305269542
2020-11-01,10,300,8640,8640,1.0,9999788.469870076,590.8767367160535,999.8511305269542
2020-11-01,60,30,1440,1440,1.0,9999788.330555936,591.0578890700698,699.8287900971172
2020-11-01,60,60,1440,1440,1.0,9999788.330555936,591.0578890700698,699.8287900971172
2020-11-01,60,300,1440,1440,1.0,9999788.330555936,591.0578890700698,699.8287900971172
2020-11-01,300,30,288,288,1.0,9999780.898243558,591.0615130478326,693.3203418380857
2020-11-01,300,60,288,288,1.0,9999780.898243558,591.0615130478326,693.3203418380857
2020-11-01,300,300,288,288,1.0,9999780.898243558,591.0615130478326,693.3203418380857
2020-12-01,10,30,8640,8640,1.0,34985770.289953746,543.1605015824158,39322.335686526036
2020-12-01,10,60,8640,8640,1.0,34985770.289953746,543.1605015824158,39322.335686526036
2020-12-01,10,300,8640,8640,1.0,34985770.289953746,543.1605015824158,39322.335686526036
2020-12-01,60,30,1440,1440,1.0,34985755.74646782,543.5187277969802,17263.990105652803
2020-12-01,60,60,1440,1440,1.0,34985755.74646782,543.5187277969802,17263.990105652803
2020-12-01,60,300,1440,1440,1.0,34985755.74646782,543.5187277969802,17263.990105652803
2020-12-01,300,30,288,288,1.0,34985703.66296237,545.0206093239544,17115.704425884353
2020-12-01,300,60,288,288,1.0,34985703.66296237,545.0206093239544,17115.704425884353
2020-12-01,300,300,288,288,1.0,34985703.66296237,545.0206093239544,17115.704425884353
2021-01-01,10,30,8640,8351,0.966550925925926,23134681.62025672,496.16265662637284,222449.60375742285
2021-01-01,10,60,8640,8619,0.9975694444444444,23134681.62025672,496.16265662637284,222449.60375742285
2021-01-01,10,300,8640,8640,1.0,23134681.62025672,496.16265662637284,222449.60375742285
2021-01-01,60,30,1440,1386,0.9625,23129115.449498862,496.2746118976236,220989.417324784
2021-01-01,60,60,1440,1435,0.9965277777777778,23129115.449498862,496.2746118976236,220989.417324784
2021-01-01,60,300,1440,1440,1.0,23129115.449498862,496.2746118976236,220989.417324784
2021-01-01,300,30,288,274,0.9513888888888888,23116799.543154556,497.2409437595574,220989.417324784
2021-01-01,300,60,288,287,0.9965277777777778,23116799.543154556,497.2409437595574,220989.417324784
2021-01-01,300,300,288,288,1.0,23116799.543154556,497.2409437595574,220989.417324784
2021-02-01,10,30,8640,8640,1.0,31488037.367465653,731.8377456294422,17003.303511379803
2021-02-01,10,60,8640,8640,1.0,31488037.367465653,731.8377456294422,17003.303511379803
2021-02-01,10,300,8640,8640,1.0,31488037.367465653,731.8377456294422,17003.303511379803
2021-02-01,60,30,1440,1440,1.0,31471550.673794266,731.9245974532862,17003.303511379803
2021-02-01,60,60,1440,1440,1.0,31471550.673794266,731.9245974532862,17003.303511379803
2021-02-01,60,300,1440,1440,1.0,31471550.673794266,731.9245974532862,17003.303511379803
2021-02-01,300,30,288,288,1.0,31388264.011209946,732.7932249861441,2972.0512293515667
2021-02-01,300,60,288,288,1.0,31388264.011209946,732.7932249861441,2972.0512293515667
2021-02-01,300,300,288,288,1.0,31388264.011209946,732.7932249861441,2972.0512293515667
2021-03-01,10,30,8640,8640,1.0,25456817.96800973,690.5806305722058,12850.080941042557
2021-03-01,10,60,8640,8640,1.0,25456817.96800973,690.5806305722058,12850.080941042557
2021-03-01,10,300,8640,8640,1.0,25456817.96800973,690.5806305722058,12850.080941042557
2021-03-01,60,30,1440,1440,1.0,25456817.96800973,690.8430383568783,12849.407312434148
2021-03-01,60,60,1440,1440,1.0,25456817.96800973,690.8430383568783,12849.407312434148
2021-03-01,60,300,1440,1440,1.0,25456817.96800973,690.8430383568783,12849.407312434148
2021-03-01,300,30,288,288,1.0,25309263.637865223,691.9033065841741,12741.137207686405
2021-03-01,300,60,288,288,1.0,25309263.637865223,691.9033065841741,12741.137207686405
2021-03-01,300,300,288,288,1.0,25309263.637865223,691.9033065841741,12741.137207686405
2021-04-01,10,30,8640,8640,1.0,60002544.51538616,626.2414523718459,66950.83451765576
2021-04-01,10,60,8640,8640,1.0,60002544.51538616,626.2414523718459,66950.83451765576
2021-04-01,10,300,8640,8640,1.0,60002544.51538616,626.2414523718459,66950.83451765576
2021-04-01,60,30,1440,1440,1.0,60002544.51538616,627.3091010388587,66945.32417633837
2021-04-01,60,60,1440,1440,1.0,60002544.51538616,627.3091010388587,66945.32417633837
2021-04-01,60,300,1440,1440,1.0,60002544.51538616,627.3091010388587,66945.32417633837
2021-04-01,300,30,288,288,1.0,60002544.51538616,628.2865375515848,66393.53639288127
2021-04-01,300,60,288,288,1.0,60002544.51538616,628.2865375515848,66393.53639288127
2021-04-01,300,300,288,288,1.0,60002544.51538616,628.2865375515848,66393.53639288127
2021-05-01,10,30,8640,8635,0.9994212962962963,101794787.67056525,636.2873443800231,89564.09336069766
2021-05-01,10,60,8640,8640,1.0,101794787.67056525,636.2873443800231,89564.09336069766
2021-05-01,10,300,8640,8640,1.0,101794787.67056525,636.2873443800231,89564.09336069766
2021-05-01,60,30,1440,1439,0.9993055555555556,101794787.67056525,636.298583882758,47708.39748736029
2021-05-01,60,60,1440,1440,1.0,101794787.67056525,636.298583882758,47708.39748736029
2021-05-01,60,300,1440,1440,1.0,101794787.67056525,636.298583882758,47708.39748736029
2021-05-01,300,30,288,288,1.0,101715995.28871776,637.5322168867078,47388.58785478435
2021-05-01,300,60,288,288,1.0,101715995.28871776,637.5322168867078,47388.58785478435
2021-05-01,300,300,288,288,1.0,101715995.28871776,637.5322168867078,47388.58785478435
2021-06-01,10,30,8640,8640,1.0,51361174.8511195,818.2238912912096,923467.8332535344
2021-06-01,10,60,8640,8640,1.0,51361174.8511195,818.2238912912096,923467.8332535344
2021-06-01,10,300,8640,8640,1.0,51361174.8511195,818.2238912912096,923467.8332535344
2021-06-01,60,30,1440,1440,1.0,51361174.8511195,818.2238912912096,922925.9324200257
2021-06-01,60,60,1440,1440,1.0,51361174.8511195,818.2238912912096,922925.9324200257
2021-06-01,60,300,1440,1440,1.0,51361174.8511195,818.2238912912096,922925.9324200257
2021-06-01,300,30,288,288,1.0,50558281.961526945,819.5114751543559,905386.8057228364
2021-06-01,300,60,288,288,1.0,50558281.961526945,819.5114751543559,905386.8057228364
2021-06-01,300,300,288,288,1.0,50558281.961526945,819.5114751543559,905386.8057228364
2021-07-01,10,30,8640,8640,1.0,104633447.21187998,947.1957538528486,449515.22804663394
2021-07-01,10,60,8640,8640,1.0,104633447.21187998,947.1957538528486,449515.22804663394
2021-07-01,10,300,8640,8640,1.0,104633447.21187998,947.1957538528486,449515.22804663394
2021-07-01,60,30,1440,1440,1.0,104629682.3563578,948.6183535231339,448083.0124937675
2021-07-01,60,60,1440,1440,1.0,104629682.3563578,948.6183535231339,448083.0124937675
2021-07-01,60,300,1440,1440,1.0,104629682.3563578,948.6183535231339,448083.0124937675
2021-07-01,300,30,288,288,1.0,104537663.90521836,950.5989309267286,448083.0124937675
2021-07-01,300,60,288,288,1.0,104537663.90521836,950.5989309267286,448083.0124937675
2021-07-01,300,300,288,288,1.0,104537663.90521836,950.5989309267286,448083.0124937675
2021-08-01,10,30,8640,8640,1.0,127057557.71341415,1002.1862830109324,412158.371756072
2021-08-01,10,60,8640,8640,1.0,127057557.71341415,1002.1862830109324,412158.371756072
2021-08-01,10,300,8640,8640,1.0,127057557.71341415,1002.1862830109324,412158.371756072
2021-08-01,60,30,1440,1440,1.0,127031533.66558276,1002.672119347341,412149.60978373454
2021-08-01,60,60,1440,1440,1.0,127031533.66558276,1002.672119347341,412149.60978373454
2021-08-01,60,300,1440,1440,1.0,127031533.66558276,1002.672119347341,412149.60978373454
2021-08-01,300,30,288,288,1.0,127031533.66558276,1002.672119347341,412121.76863702235
2021-08-01,300,60,288,288,1.0,127031533.66558276,1002.672119347341,412121.76863702235
2021-08-01,300,300,288,288,1.0,127031533.66558276,1002.672119347341,412121.76863702235
2021-09-01,10,30,8640,8640,1.0,63355052.88875901,1290.228674034614,76471.93846014935
2021-09-01,10,60,8640,8640,1.0,63355052.88875901,1290.228674034614,76471.93846014935
2021-09-01,10,300,8640,8640,1.0,63355052.88875901,1290.228674034614,76471.93846014935
2021-09-01,60,30,1440,1440,1.0,63355051.61581738,1290.5330412372211,68712.991043836
2021-09-01,60,60,1440,1440,1.0,63355051.61581738,1290.5330412372211,68712.991043836
2021-09-01,60,300,1440,1440,1.0,63355051.61581738,1290.5330412372211,68712.991043836
2021-09-01,300,30,288,288,1.0,63355051.61581738,1291.3147145682954,68405.39081180503
2021-09-01,300,60,288,288,1.0,63355051.61581738,1291.3147145682954,68405.39081180503
2021-09-01,300,300,288,288,1.0,63355051.61581738,1291.3147145682954,68405.39081180503
2021-10-01,10,30,8640,8640,1.0,66989096.081743635,1128.907082755219,140163.99975187588
2021-10-01,10,60,8640,8640,1.0,66989096.081743635,1128.907082755219,140163.99975187588
2021-10-01,10,300,8640,8640,1.0,66989096.081743635,1128.907082755219,140163.99975187588
2021-10-01,60,30,1440,1440,1.0,66976777.46678374,1129.1416841174396,115845.95706864065
2021-10-01,60,60,1440,1440,1.0,66976777.46678374,1129.1416841174396,115845.95706864065
2021-10-01,60,300,1440,1440,1.0,66976777.46678374,1129.1416841174396,115845.95706864065
2021-10-01,300,30,288,288,1.0,66924684.93394118,1130.1061809436271,12287.1398462629
2021-10-01,300,60,288,288,1.0,66924684.93394118,1130.1061809436271,12287.1398462629
2021-10-01,300,300,288,288,1.0,66924684.93394118,1130.1061809436271,12287.1398462629
2021-11-01,10,30,8640,8606,0.9960648148148148,112190096.44881597,773.0365976109281,77486.37983062828
2021-11-01,10,60,8640,8609,0.9964120370370371,112190096.44881597,773.0365976109281,77486.37983062828
2021-11-01,10,300,8640,8633,0.9991898148148148,112190096.44881597,773.0365976109281,77486.37983062828
2021-11-01,60,30,1440,1434,0.9958333333333333,112174239.98415616,773.6002168615177,77416.37580847337
2021-11-01,60,60,1440,1435,0.9965277777777778,112174239.98415616,773.6002168615177,77416.37580847337
2021-11-01,60,300,1440,1439,0.9993055555555556,112174239.98415616,773.6002168615177,77416.37580847337
2021-11-01,300,30,288,287,0.9965277777777778,111998848.65159878,773.6002168615177,76758.36052329082
2021-11-01,300,60,288,287,0.9965277777777778,111998848.65159878,773.6002168615177,76758.36052329082
2021-11-01,300,300,288,288,1.0,111998848.65159878,773.6002168615177,76758.36052329082
2021-12-01,10,30,8640,8640,1.0,50143091.27550526,858.935630589074,5017.570983310118
2021-12-01,10,60,8640,8640,1.0,50143091.27550526,858.935630589074,5017.570983310118
2021-12-01,10,300,8640,8640,1.0,50143091.27550526,858.935630589074,5017.570983310118
2021-12-01,60,30,1440,1440,1.0,50143091.27440154,859.4594455088833,5016.0371625298585
2021-12-01,60,60,1440,1440,1.0,50143091.27440154,859.4594455088833,5016.0371625298585
2021-12-01,60,300,1440,1440,1.0,50143091.27440154,859.4594455088833,5016.0371625298585
2021-12-01,300,30,288,288,1.0,50143091.27440154,859.8236645456926,4973.862341277317
2021-12-01,300,60,288,288,1.0,50143091.27440154,859.8236645456926,4973.862341277317
2021-12-01,300,300,288,288,1.0,50143091.27440154,859.8236645456926,4973.862341277317
