date,asset,gross_sat,fee_sat,funding_credit_sat
2018-03-05,btc,-6689000,1235355,556325
2018-03-06,btc,-1067880,1299692,-79993
2018-03-08,btc,8101731,3289340,-77143
2018-03-09,btc,4257246,4601862,-10518
2018-03-10,btc,1368833,3307832,-593189
2018-03-11,btc,2078932,1911031,0
2018-03-12,btc,-11581336,2480386,49884
2018-03-13,btc,29607486,21954113,1889512
2018-03-14,btc,-26548303,2525167,45207
2018-03-15,btc,18239973,3885997,0
2018-03-16,btc,85415133,16096119,0
2018-03-17,btc,8665238,6066083,154359
2018-03-19,btc,121799605,5888988,-541168
2018-03-20,btc,-217423224,18325509,782530
2018-03-21,btc,91911098,12890051,-1201287
2018-03-22,btc,-9859172,18761420,554300
2018-03-29,btc,13667037,30274968,-470825
2018-03-30,btc,180609886,57376649,143337
2018-03-31,btc,58769602,56974390,1429112
2018-04-01,btc,118795426,152197693,2124379
2018-04-02,btc,-2322906,74750301,-3529458
2018-04-03,btc,-55398644,35800168,-1251062
2018-04-04,btc,37058424,20096756,139290
2018-04-05,btc,38302776,21429796,0
2018-04-06,btc,24952149,3685845,-794674
2018-04-07,btc,4779000,5011618,0
2018-04-08,btc,4674824,2317119,-81433
2018-04-09,btc,38098093,3314545,238743
2018-04-10,btc,7279067,1735801,0
2018-04-11,btc,630000,194443,0
2018-04-12,btc,3521373,7224997,94491
2018-04-13,btc,99929196,34556042,-756095
2018-04-14,btc,-31299285,30064138,241946
2018-04-15,btc,27090048,32066152,0
2018-04-16,ada,0,-147670,0
2018-04-16,btc,150046159,29674182,494680
2018-04-17,ada,2718168,-141250,0
2018-04-17,btc,17400000,-593905,0
2018-04-18,btc,138869413,-2168234,0
2018-04-19,btc,-131129533,37738569,-15639
2018-04-20,btc,20043333,1549917,-758526
2018-04-21,btc,65536800,2885270,-118540
2018-04-22,btc,4745217,1285325,0
2018-04-23,bch,6560000,-862086,0
2018-04-24,bch,8110000,1865924,0
2018-04-24,btc,64889749,3446123,-296184
2018-04-25,ada,10187811,1221044,0
2018-04-25,btc,97879291,-524075,0
2018-04-26,btc,91010599,1609512,0
2018-04-27,btc,44413118,-2656448,0
2018-04-28,btc,15372989,9122755,0
2018-04-28,xrp,474450,-87313,0
2018-04-29,ada,31824564,-1628103,0
2018-04-29,btc,2972681,2476056,0
2018-05-01,btc,466925,2145440,0
2018-05-02,btc,3600000,-1967670,0
2018-05-03,ada,14202341,-1859137,0
2018-05-03,btc,-27311911,61135,0
2018-05-04,btc,7724271,1855420,0
2018-05-05,btc,17,1,0
2018-05-06,btc,17877247,-92174,-6662654
2018-05-07,ada,19530750,-532501,0
2018-05-07,btc,6432669,2204755,0
2018-05-07,xrp,14409794,-1346326,0
2018-05-09,ada,26874615,-1040319,0
2018-05-09,xrp,14699568,-893788,0
2018-05-11,ada,41920664,-3074666,0
2018-05-11,btc,120262039,-10475344,0
2018-05-12,btc,82369224,-10394629,0
2018-05-13,btc,5141595,-683069,0
2018-05-14,btc,5636846,-2091543,0
2018-05-15,btc,8839392,227400,0
2018-05-16,btc,76925852,-12164980,-244860
2018-05-17,btc,2872080,-966411,0
2018-05-18,bch,3300000,-532035,0
2018-05-18,eth,20000,305972,0
2018-05-19,btc,6884835,447625,0
2018-05-20,btc,-5785182,-3946981,0
2018-05-21,btc,4507950,-2808416,0
2018-05-22,ada,515000,-224416,0
2018-05-22,btc,-121390671,-7038212,-244280
2018-05-23,btc,-251426660,-32759452,0
2018-05-24,btc,-205609075,-34962348,1032151
2018-05-25,btc,39648643,-1440474,1204384
2018-05-26,btc,90090132,1163815,-415888
2018-05-28,btc,-27670110,11800677,0
2018-05-29,btc,86711782,1004488,0
2018-05-30,btc,33540672,9091925,-696455
2018-05-31,btc,22288101,1409449,-2
2018-06-01,btc,40792858,-3766459,102133
2018-06-02,btc,0,-967654,429164
2018-06-03,btc,4038444,-642735,45367
2018-06-04,ada,175500,-16867,0
2018-06-04,btc,36210791,-4901757,-491
2018-06-05,btc,31787633,-2977487,-97939
2018-06-06,btc,41704582,13462389,10
2018-06-07,btc,0,0,7
2018-06-08,btc,0,0,7
2018-06-09,btc,0,0,10
2018-06-10,ada,14718000,-2098,0
2018-06-10,btc,52567957,-4068439,10
2018-06-11,btc,813271,-1316101,51
2018-06-12,btc,-2733369,-2888447,2189051
2018-06-13,btc,21472592,8524842,-1007276
2018-06-14,btc,74154199,-9803815,-175427
2018-06-15,btc,59568065,4373735,27
2018-06-16,btc,102156907,-2964218,30
2018-06-17,btc,0,0,40
2018-06-18,ada,1950000,-579109,0
2018-06-18,btc,23807330,-3031102,4
2018-06-19,btc,4200144,-3327220,6
2018-06-20,btc,47285449,-13518216,-22
2018-06-21,btc,0,0,-15
2018-06-22,ada,179035,-417611,0
2018-06-22,btc,53133817,-3313940,4
2018-06-23,ada,0,927502,0
2018-06-23,btc,87798558,-5487391,97
2018-06-23,eos,15100180,-211086,0
2018-06-24,btc,-224220913,-5654098,-5870129
2018-06-24,eos,22302967,3126659,0
2018-06-25,btc,59899133,-1343151,-5064
2018-06-25,eos,63235654,-1132149,0
2018-06-26,btc,21437904,2898353,2
2018-06-26,eos,-1605480,-325987,0
2018-06-27,ada,0,-3724,0
2018-06-27,btc,13161807,3733204,-6
2018-06-27,eos,119038169,-62842,0
2018-06-28,ada,0,-275587,0
2018-06-28,btc,0,0,-876076
2018-06-28,eos,0,-403636,0
2018-06-29,ada,-191826251,0,0
2018-06-29,btc,-65440627,7913212,-340419
2018-06-29,eos,-97800120,2511932,0
2018-06-30,btc,62805971,3659758,313404
2018-06-30,eos,81852835,-1715675,0
2018-07-01,btc,0,0,-6
2018-07-02,btc,24200615,-24496,-6
2018-07-02,eos,117123418,-687762,0
2018-07-03,btc,110019957,12966763,1
2018-07-04,btc,20825172,964950,222095
2018-07-04,eos,29066551,-1214424,0
2018-07-05,btc,46383222,3447733,-6
2018-07-06,btc,0,0,-6
2018-07-06,eos,0,-894025,0
2018-07-07,btc,38000492,-577478,-6
2018-07-08,btc,10225227,-3997162,-892223
2018-07-09,btc,22270903,3960456,-1
2018-07-09,eos,-56837155,-1737275,0
2018-07-10,btc,75244609,-3131495,-628606
2018-07-10,eos,-126232623,-945352,0
2018-07-11,btc,20187417,-140369,-6
2018-07-11,eos,-48641218,-1733512,0
2018-07-12,btc,73022903,-24686,727456
2018-07-12,eos,-21360575,-492139,0
2018-07-13,ada,15078105,-1782995,0
2018-07-13,btc,91168439,1449201,789784
2018-07-13,eos,7081192,-2346336,0
2018-07-14,btc,1000065,-2872092,319158
2018-07-14,eos,-5603176,-993697,0
2018-07-15,btc,268,-708786,-1759954
2018-07-15,eos,73835339,-1371639,0
2018-07-16,ada,-60,-218425,0
2018-07-16,btc,-32335230,-263480,-2751570
2018-07-16,eos,4481469,-2096429,0
2018-07-17,ada,5400000,-215999,0
2018-07-17,btc,-586012875,-7930848,890459
2018-07-17,eos,20500052,-600898,0
2018-07-18,ada,5400000,-464482,0
2018-07-18,btc,291540742,-9898902,-265614
2018-07-18,eos,20993191,-1057855,0
2018-07-18,eth,0,2969100,0
2018-07-18,trx,10000000,-500399,0
2018-07-18,xrp,73536720,-2703259,0
2018-07-19,ada,7420662,-447747,0
2018-07-19,btc,91247433,-319971,1698332
2018-07-19,eos,0,-256701,0
2018-07-19,eth,2025000,-1238108,0
2018-07-19,trx,37807100,-1956814,0
2018-07-19,xrp,45251154,-1190450,0
2018-07-20,ada,0,-209698,0
2018-07-20,bch,14740000,-802322,0
2018-07-20,btc,72999850,-4214505,367717
2018-07-20,eos,673237,-262009,0
2018-07-20,trx,22825788,-1806219,0
2018-07-20,xrp,-264395107,3258640,0
2018-07-21,ada,0,-195930,0
2018-07-21,btc,10042823,839196,-337181
2018-07-21,eos,0,-241914,0
2018-07-21,trx,2928947,-38687,0
2018-07-22,ada,23894550,-194564,0
2018-07-22,btc,47817473,-1131379,3
2018-07-23,btc,418380928,3489817,-62524
2018-07-23,trx,4156193,-736855,0
2018-07-24,ada,4042733,-596024,0
2018-07-24,btc,-59313125,5873094,-2108520
2018-07-24,eos,-57222495,-1181873,0
2018-07-24,eth,-127333145,-1292473,0
2018-07-24,ltc,11377000,-1026579,0
2018-07-24,trx,94332277,-2445444,0
2018-07-25,btc,366784244,-12317277,-1370446
2018-07-25,eos,23051418,-563413,0
2018-07-25,eth,-53624446,-468080,0
2018-07-26,btc,120622996,-11562134,4457412
2018-07-26,eth,-52756867,277546,0
2018-07-27,ada,0,-186879,0
2018-07-27,btc,100027393,-219949,1397241
2018-07-27,eos,0,-437724,0
2018-07-27,eth,-11716127,-266486,0
2018-07-28,ada,0,-91530,0
2018-07-28,btc,76405840,-2697952,-2716846
2018-07-28,eos,0,-231907,0
2018-07-28,eth,0,-130026,0
2018-07-29,ada,-11550846,-186610,0
2018-07-29,btc,44733544,-437008,-3997998
2018-07-29,trx,30167188,-4032272,0
2018-07-30,ada,0,-323874,0
2018-07-30,btc,75952607,807880,-11972394
2018-07-30,eos,0,-661526,0
2018-07-30,trx,114813,12064,0
2018-07-31,ada,-64820062,-752166,0
2018-07-31,btc,-214613641,32624057,-19915024
2018-07-31,eos,-82035159,-657216,0
2018-07-31,eth,-4773493,26618,0
2018-07-31,trx,6949376,-521707,0
2018-08-01,ada,-2443322,-276735,0
2018-08-01,btc,-107127119,-6401946,-3004400
2018-08-01,eos,-30470343,-471919,0
2018-08-01,eth,0,-125325,0
2018-08-01,xrp,16437700,-326342,0
2018-08-02,ada,0,-166706,0
2018-08-02,btc,75833751,-7559770,-647862
2018-08-02,eos,0,-146654,0
2018-08-03,ada,-21273523,-163212,0
2018-08-03,btc,-1675639,-433033,-1010383
2018-08-03,eos,5330497,-359641,0
2018-08-03,eth,-18785114,312718,0
2018-08-03,trx,14999959,-371248,0
2018-08-03,xrp,1080,-330,0
2018-08-04,ada,-8328250,-161726,0
2018-08-04,btc,-144514216,10558292,-3095974
2018-08-04,eos,55623393,611535,0
2018-08-04,eth,8882192,999967,0
2018-08-05,ada,-11572733,-122589,0
2018-08-05,btc,-226627063,9410917,12157085
2018-08-06,btc,57957015,-12036292,1531276
2018-08-07,ada,0,11452,0
2018-08-07,btc,424717142,6868296,-1440490
2018-08-08,ada,-49678098,2019665,0
2018-08-08,btc,-346909080,-4882213,11995298
2018-08-08,eos,18145682,-1506142,0
2018-08-08,eth,1450000,-139372,0
2018-08-08,trx,-18,0,0
2018-08-08,xrp,1896800,-177913,0
2018-08-09,btc,624199660,10046666,9892894
2018-08-09,eos,34828770,1143866,0
2018-08-10,btc,318789921,-3298106,6121593
2018-08-11,btc,120914565,11726823,4098188
2018-08-11,eos,0,-348364,0
2018-08-12,btc,106421925,12333515,-3
2018-08-12,eos,0,-107127,0
2018-08-13,ada,0,-214875,0
2018-08-13,btc,54692640,1004024,387975
2018-08-13,eos,504650,1802922,0
2018-08-13,trx,4999983,-92338,0
2018-08-14,ada,0,-334157,0
2018-08-14,btc,-191845487,3336758,-125059
2018-08-14,eos,4973030,486628,0
2018-08-14,eth,4388030,-168039,0
2018-08-14,trx,0,-127348,0
2018-08-15,ada,26615740,-1088489,0
2018-08-15,btc,117047111,17624980,136045
2018-08-15,eos,95549150,3680761,0
2018-08-15,trx,74209913,419065,0
2018-08-16,btc,216015099,13346715,-1547214
2018-08-17,btc,-91847453,8705059,-7826163
2018-08-17,eos,0,-550072,0
2018-08-17,eth,0,-422945,0
2018-08-17,trx,628950,-344766,0
2018-08-17,xrp,-25209973,-2855281,0
2018-08-18,btc,-10448761,37675191,0
2018-08-18,eos,13891060,1835332,0
2018-08-18,eth,63163390,615129,1155035
2018-08-18,trx,60000000,-1447705,0
2018-08-18,xrp,32331050,-1791076,0
2018-08-19,btc,-8766885,6912713,32
2018-08-20,btc,9230700,-1752518,5
2018-08-21,btc,0,0,18
2018-08-22,btc,99592192,3619182,1
2018-08-23,btc,41215311,1902439,-2962014
2018-08-24,btc,-116660339,8590708,-4631821
2018-08-25,btc,-19707512,18429522,-3566407
2018-08-26,btc,36774562,-3736613,-130270
2018-08-27,btc,-203522746,2705944,-3391054
2018-08-28,btc,37801351,-3874212,704803
2018-08-29,btc,14749975,-4785215,-710153
2018-08-29,trx,9676313,-659443,0
2018-08-30,btc,88467218,4188412,-5092559
2018-08-31,btc,0,0,-3
2018-09-01,btc,15985173,6231627,-4
2018-09-02,btc,103036984,-215624,-342269
2018-09-03,btc,48961311,-172,2065153
2018-09-04,btc,-53759317,-8594102,2731628
2018-09-05,btc,760465117,-28780056,-1173797
2018-09-06,btc,-1412526620,-7938819,3421988
2018-09-07,btc,115616705,-3875459,-1124510
2018-09-08,btc,1001,-1023312,1412133
2018-09-09,btc,129655298,364339,3521193
2018-09-10,ada,0,-253829,0
2018-09-10,btc,300802893,-7316924,-28
2018-09-10,eth,26639134,1266101,-8
2018-09-11,btc,0,0,-10
2018-09-11,eth,20500826,-903856,0
2018-09-12,ada,-74077758,-1169434,0
2018-09-12,btc,0,0,-3
2018-09-12,eth,83208035,-1728358,-2300040
2018-09-13,ada,-1024190,-502199,0
2018-09-13,btc,-11605455,-6859620,-14941681
2018-09-13,eth,-232243099,-12456981,1193970
2018-09-14,btc,43447991,12092150,-13689873
2018-09-14,eth,-162001004,-2343449,-2471779
2018-09-15,btc,7269069,2166505,-23
2018-09-15,eth,16993858,-1264441,-29
2018-09-16,btc,0,0,-8
2018-09-16,eth,-156287425,185054,878639
2018-09-17,btc,0,0,-2
2018-09-17,eth,87146051,-362170,-305846
2018-09-18,btc,0,0,-4
2018-09-18,eth,-522987526,5041893,-4237187
2018-09-18,xrp,-224523863,10201542,0
2018-09-19,btc,0,0,0
2018-09-19,eth,401067068,7527149,-1033656
2018-09-20,btc,0,0,-2
2018-09-20,eth,64881947,2593716,-189
2018-09-21,ada,227,3,0
2018-09-21,btc,-463,11,-10
2018-09-21,eth,-18567910,13839058,6645414
2018-09-21,xrp,-1379438758,82611353,0
2018-09-22,eth,14750000,612815,0
2018-09-22,xrp,14568084,3464488,0
2018-09-23,eth,8750000,-614558,0
2018-09-23,xrp,1600000,-426499,0
2018-09-24,btc,-5278547,4607667,-298276
2018-09-24,eth,-13196140,15562,0
2018-09-25,btc,653,23,-2
2018-09-25,eth,192459148,-3282530,2393224
2018-09-25,xrp,10852236,1858528,0
2018-09-26,bch,920000,268220,0
2018-09-26,btc,0,0,0
2018-09-26,eth,86198367,13917104,457861
2018-09-26,xrp,19878792,5008558,0
2018-09-27,btc,0,0,-3
2018-09-27,eth,46375112,-3809028,7
2018-09-28,btc,0,0,-4
2018-09-28,eth,-146992997,16727128,37496
2018-09-29,btc,0,0,-6
2018-09-29,eth,27586772,4788398,12
2018-09-30,btc,0,0,-6
2018-10-01,btc,0,0,-9
2018-10-02,btc,0,0,-6
2018-10-02,eth,-2583333,-2269663,-3682056
2018-10-02,xrp,0,-403445,0
2018-10-03,btc,0,0,-6
2018-10-03,eth,-52681392,9112722,43
2018-10-03,xrp,10350000,820625,0
2018-10-04,btc,0,0,-9
2018-10-04,eth,0,0,21
2018-10-05,btc,0,0,-11
2018-10-05,eth,0,0,32
2018-10-06,btc,0,0,-12
2018-10-06,eth,25999195,-642460,6
2018-10-06,xrp,54247486,8578491,0
2018-10-07,btc,0,0,-6
2018-10-07,eth,0,0,45
2018-10-07,xrp,11500000,2179016,0
2018-10-08,ada,0,-1165226,0
2018-10-08,btc,0,0,-9
2018-10-08,eth,0,0,56
2018-10-08,trx,35999999,862003,0
2018-10-09,ada,-15308195,4426980,0
2018-10-09,btc,0,0,-11
2018-10-09,eth,0,0,48
2018-10-09,trx,25936965,2013291,0
2018-10-10,btc,-11947104,-8595073,-6
2018-10-10,eth,0,0,52
2018-10-10,xrp,8143720,2553323,0
2018-10-11,btc,245221874,41530499,805652
2018-10-11,eth,0,0,15
2018-10-12,btc,35347885,3069868,-805594
2018-10-12,eth,0,0,2
2018-10-13,btc,0,0,-8
2018-10-13,eth,0,0,-17
2018-10-14,btc,0,0,-4
2018-10-14,eth,6003150,971002,15
2018-10-15,btc,529226861,29875042,391252
2018-10-15,eth,0,0,39
2018-10-16,btc,-19210605,10078935,470534
2018-10-16,eth,0,0,6
2018-10-17,btc,0,0,3
2018-10-17,eth,0,0,21
2018-10-18,btc,24950382,12813,6
2018-10-18,eth,0,0,18
2018-10-19,btc,0,0,6
2018-10-19,eth,0,0,9
2018-10-20,btc,0,0,6
2018-10-20,eth,0,0,7
2018-10-21,btc,0,0,6
2018-10-21,eth,0,0,16
2018-10-22,btc,0,0,6
2018-10-22,eth,0,0,24
2018-10-23,btc,0,0,6
2018-10-23,eth,0,0,7
2018-10-24,btc,0,0,6
2018-10-24,eth,0,0,6
2018-10-25,btc,0,0,6
2018-10-25,eth,0,0,12
2018-10-26,btc,0,0,6
2018-10-26,eth,0,0,29
2018-10-27,btc,0,0,7
2018-10-27,eth,0,0,7
2018-10-28,btc,0,0,6
2018-10-28,eth,0,0,19
2018-10-29,btc,0,0,16
2018-10-29,eth,0,0,11
2018-10-30,btc,16250251,2000053,15
2018-10-30,eth,0,0,21
2018-10-31,btc,0,0,12
2018-10-31,eth,0,0,23
2018-11-01,btc,0,0,6
2018-11-01,eth,0,0,9
2018-11-02,btc,0,0,6
2018-11-02,eth,0,0,7
2018-11-03,btc,0,0,6
2018-11-03,eth,0,0,10
2018-11-04,bch,82220000,20393700,0
2018-11-04,btc,0,0,6
2018-11-04,eth,0,0,36
2018-11-05,bch,182270000,10485840,0
2018-11-05,btc,0,0,14
2018-11-05,eth,22093650,-3118857,-4635723
2018-11-05,xrp,45028264,-2314196,0
2018-11-06,bch,107720000,-7664715,0
2018-11-06,btc,0,0,18
2018-11-06,eth,25496310,-2921226,33
2018-11-06,xrp,-103403274,42581618,0
2018-11-07,bch,6080000,8676740,0
2018-11-07,btc,0,0,8
2018-11-07,eth,5186380,271405,0
2018-11-08,bch,-31250000,6093510,0
2018-11-08,btc,0,0,28
2018-11-08,eth,79620402,5267718,-6117454
2018-11-08,xrp,44101890,1728049,0
2018-11-09,bch,-352041000,9627832,0
2018-11-09,btc,-324,23,-25
2018-11-09,eth,7345498,5372949,-33812437
2018-11-09,xrp,57265866,2367661,0
2018-11-10,bch,5040000,-330540,0
2018-11-10,btc,0,0,-14
2018-11-10,eth,-2039205,2763201,45313
2018-11-11,ada,7957448,-866953,0
2018-11-11,bch,23240000,434290,0
2018-11-11,btc,0,0,-6
2018-11-11,eth,1504000,100704,0
2018-11-12,bch,-176901097,14750760,0
2018-11-12,btc,0,0,-6
2018-11-12,xrp,0,-1800872,0
2018-11-13,bch,64801097,7040130,0
2018-11-13,btc,0,0,-30
2018-11-13,eos,-46893140,4511899,0
2018-11-13,eth,9257280,2034237,0
2018-11-13,xrp,65282964,1580450,0
2018-11-14,bch,227480000,11652435,0
2018-11-14,btc,229546320,-2702124,-14
2018-11-14,eos,113901430,6930073,0
2018-11-14,eth,271360848,9482916,-7262557
2018-11-15,bch,279830000,37446170,0
2018-11-15,btc,20997658,-4474987,97
2018-11-15,eth,253727064,19360710,-5060597
2018-11-16,btc,0,0,40
2018-11-16,eth,34448503,14755383,535188
2018-11-17,btc,-8695893,4554829,356760
2018-11-17,eth,-35869740,-613831,-686975
2018-11-18,btc,-27390594,2811035,-1
2018-11-18,eth,-75542448,9720486,27694
2018-11-18,xrp,23702470,26731732,0
2018-11-19,btc,119873358,52549132,-838354
2018-11-19,eth,-131974,44417868,256362
2018-11-19,xrp,14985246,5552933,0
2018-11-20,btc,899670070,64879163,-1387828
2018-11-20,eth,124439984,15436328,-17
2018-11-21,btc,89927181,36413129,-16
2018-11-21,eth,0,0,-24
2018-11-22,btc,590730519,34818232,7
2018-11-22,eth,0,0,-5
2018-11-23,btc,431623862,62816157,4392982
2018-11-23,eth,186319785,14769264,1328279
2018-11-24,btc,1135271070,104056083,1191006
2018-11-24,eth,18372495,6477779,-9
2018-11-25,btc,1017123926,285845046,-48028939
2018-11-25,eth,211361561,12047480,-517557
2018-11-26,btc,1536661695,159600322,-13034772
2018-11-26,eth,93196139,408801,41
2018-11-27,btc,401669917,147314785,-36447608
2018-11-27,eth,0,0,-15
2018-11-28,btc,473448117,33128176,-16862454
2018-11-28,eth,0,0,-17
2018-11-29,btc,605857293,107973582,-16313428
2018-11-29,eth,0,0,-8
2018-11-30,btc,588295063,44219580,-21054699
2018-11-30,eth,0,0,-2
2018-12-01,btc,-755486862,1469054,-22627916
2018-12-01,eth,0,0,-10
2018-12-02,btc,613788126,-7954841,-5362705
2018-12-02,eth,0,0,-5
2018-12-03,btc,736121838,34465451,-13738953
2018-12-03,eth,0,0,-10
2018-12-04,btc,513065161,1381107,-9184883
2018-12-04,eth,0,0,-1
2018-12-05,btc,64846877,1467396,6428087
2018-12-05,eth,0,0,-3
2018-12-06,btc,1013894951,32143166,-62204
2018-12-06,eth,0,0,-11
2018-12-07,bch,35000000,-1567500,0
2018-12-07,btc,1953061732,89939206,-31995387
2018-12-07,eth,-2000,24,11
2018-12-08,btc,-55572427,2229721,17837877
2018-12-08,eth,0,0,-24
2018-12-09,btc,218959696,12435363,9672325
2018-12-09,eth,112533637,1236500,-4
2018-12-10,btc,-312096685,66714281,1348
2018-12-10,eth,363,13,2
2018-12-11,btc,-145291448,10569860,-414460
2018-12-11,eth,0,0,-14
2018-12-12,btc,-346990349,29777100,-12673633
2018-12-12,eth,0,0,0
2018-12-13,btc,690478397,67798346,1707899
2018-12-13,eth,0,0,-5
2018-12-14,btc,564287217,28841924,-31763969
2018-12-14,eth,0,0,-3
2018-12-15,btc,434054245,3466462,-1697094
2018-12-15,eth,0,0,-7
2018-12-16,btc,513298833,-36941884,-883220
2018-12-16,eth,0,0,-3
2018-12-17,btc,-2824181290,212943152,13489919
2018-12-17,eth,-249955115,-567968,-2
2018-12-17,xrp,-84088695,14919445,0
2018-12-18,btc,1172330256,-81766181,-2959079
2018-12-19,bch,73340000,1437970,0
2018-12-19,btc,417222769,33717647,-78240025
2018-12-19,eos,44246410,-3638586,0
2018-12-20,btc,794540788,83658477,-31321242
2018-12-21,bch,-180080000,29032530,0
2018-12-21,btc,1013329560,181188298,-23574338
2018-12-22,btc,-69478665,88604655,2311631
2018-12-23,btc,275643959,-23154982,-6732847
2018-12-24,bch,42210000,4566055,0
2018-12-24,btc,545955466,-11287513,6350329
2018-12-25,btc,1242278447,93336766,4068992
2018-12-26,btc,496413481,84548850,-1701544
2018-12-27,btc,494134491,12611135,2414
2018-12-28,btc,71710592,8825739,-8861382
2018-12-29,btc,574340801,-1870662,-4535758
2018-12-30,btc,-371120538,30551079,-14931445
2018-12-31,btc,348769963,7525038,2087870
2019-01-01,btc,35563926,1937123,1218529
2019-01-02,btc,72627573,14416600,1585
2019-01-03,btc,0,0,-10664
2019-01-04,btc,-52745531,18006813,241
2019-01-05,btc,47419763,-5866634,-916271
2019-01-05,eth,43813370,-3029497,0
2019-01-06,btc,0,0,-9878
2019-01-07,btc,119737022,-3734348,-1124254
2019-01-08,btc,-682161565,-4848770,-685
2019-01-09,btc,-67711,-1373829,2196
2019-01-10,btc,117830831,13861226,5361991
2019-01-10,trx,-55199211,300882,0
2019-01-11,btc,2469015928,-19912194,-54522155
2019-01-12,btc,17344441,-659445,-3087056
2019-01-13,btc,550676203,7090257,-1930749
2019-01-14,btc,534312056,-22627242,-10965809
2019-01-15,btc,532329318,8649942,-9837052
2019-01-16,btc,453940224,15544030,-7111073
2019-01-17,btc,0,-2699920,-5719622
2019-01-18,btc,0,0,-6735282
2019-01-19,btc,0,-3382838,-3508803
2019-01-20,btc,699410888,-10159123,6918142
2019-01-21,btc,309386101,-1276484,-50795896
2019-01-22,btc,0,0,-14704
2019-01-23,btc,15828764,-7015801,587036
2019-01-24,btc,0,0,-13534
2019-01-25,btc,0,0,-5653
2019-01-26,btc,0,-7043192,2792540
2019-01-27,btc,236749587,-9869984,-15303128
2019-01-28,btc,418613834,-12177742,549876
2019-01-29,btc,622933340,-40343538,4407750
2019-01-30,btc,-25263632,-8381226,1045583
2019-01-31,btc,82252096,-3661369,-6751393
2019-02-01,btc,268328065,22943110,-5837785
2019-02-02,btc,200525355,-10878213,-5818463
2019-02-03,btc,-255976161,-14550376,-56974
2019-02-04,btc,0,0,94
2019-02-05,btc,0,0,972
2019-02-06,btc,0,0,416
2019-02-07,btc,0,-3722481,-1011
2019-02-08,btc,158502372,19156523,-1825904
2019-02-09,btc,84727178,-10363483,-8304211
2019-02-10,btc,42704278,63636315,2775781
2019-02-11,btc,66229538,6959828,359
2019-02-12,btc,156004031,-13979359,-2799968
2019-02-13,btc,18002991,-13190185,82
2019-02-14,btc,0,10511587,1637212
2019-02-15,btc,0,-3494473,7002011
2019-02-16,btc,0,-3479258,9745187
2019-02-17,btc,-182139288,30937703,8121342
2019-02-18,btc,-376241252,-19813939,-25534888
2019-02-19,btc,-79066119,-55481287,2534645
2019-02-20,btc,187330413,3276453,1285071
2019-02-21,btc,145471374,-14982934,2702307
2019-02-22,btc,90580527,-5799015,1728242
2019-02-23,btc,163672,-3030151,151
2019-02-24,btc,358381948,41990160,4488142
2019-02-24,eth,839491930,-8930414,16220101
2019-02-25,btc,-120961116,41988658,-10563043
2019-02-25,eth,-36647172,22543403,5938022
2019-02-26,btc,79933917,-3961349,-20280804
2019-02-26,eth,310172847,9237314,1777640
2019-02-27,btc,0,0,-5023171
2019-02-28,btc,159497900,2410085,2199
2019-02-28,eth,92360125,1590689,0
2019-02-28,xrp,0,-1114985,0
2019-03-01,btc,153796719,-11796955,1009
2019-03-02,btc,0,0,-19682
2019-03-03,btc,0,0,-11676
2019-03-03,eth,0,4922663,-2664648
2019-03-04,btc,80840379,5184257,-422432
2019-03-04,eth,0,-224933,-3135300
2019-03-05,btc,503235464,-19948833,-4185921
2019-03-05,eth,148880780,-6561110,-2643503
2019-03-05,ltc,-79789000,2084989,0
2019-03-06,btc,347066718,-2969718,3116722
2019-03-07,btc,0,-13648838,1202544
2019-03-07,eth,0,3371197,8918056
2019-03-07,ltc,72328000,-1968326,0
2019-03-07,xrp,12475353,-2046235,0
2019-03-08,btc,-68270196,32535369,-9879586
2019-03-08,eth,72974575,10229532,0
2019-03-09,btc,0,0,-19005145
2019-03-10,btc,-27570687,-8822042,-17113291
2019-03-11,btc,0,-4544206,-5949615
2019-03-12,btc,810100652,-18282977,1839820
2019-03-13,btc,7752,3891,-1113
2019-03-14,btc,-147670115,39214444,6660
2019-03-15,btc,0,0,-36905
2019-03-16,btc,77166967,-4312078,1728894
2019-03-17,btc,122875970,-5432334,3532252
2019-03-18,btc,-65671729,-8749564,-5255180
2019-03-19,btc,53328272,-4406306,-1866332
2019-03-20,btc,0,0,-2041
2019-03-21,btc,32150248,24129541,-11566216
2019-03-22,btc,2767443,8850863,-11268836
2019-03-23,btc,106064434,-8794176,-21342443
2019-03-24,btc,0,0,-10355380
2019-03-25,btc,0,0,-18689679
2019-03-26,btc,371815178,19469810,-19705113
2019-03-27,btc,79707029,-21767323,-14307022
2019-03-28,btc,57420420,4334518,-5625463
2019-03-29,btc,291908390,-17365570,734
2019-03-30,btc,230386772,-21399203,-17700334
2019-03-31,btc,0,-4278744,-34097118
2019-04-01,btc,-116434482,-8475049,-43459089
2019-04-02,btc,-5452795008,94978397,-21543681
2019-04-03,bch,-135000000,-6232500,0
2019-04-03,btc,1250622199,-68022515,-2418507
2019-04-04,btc,378825774,-56934240,-4571359
2019-04-05,btc,382468133,-68214878,-6899650
2019-04-06,btc,-20013293,-3447266,-12465882
2019-04-07,btc,1198969866,25609795,-1345162
2019-04-08,btc,170519473,20691465,6556921
2019-04-08,eth,14326610,-432376,0
2019-04-09,btc,159999516,-16853251,-1603
2019-04-10,btc,16494655,-5418543,-1467
2019-04-11,btc,739134727,11145898,-4618523
2019-04-11,xrp,40200000,-1958077,0
2019-04-12,btc,396241996,-26298697,-3131222
2019-04-13,btc,28184092,-7877584,-2883683
2019-04-14,btc,192071632,-18132808,3199012
2019-04-15,btc,-329597213,-7552642,824685
2019-04-16,btc,57555918,-3960880,2771856
2019-04-17,btc,380515814,38752625,-3065151
2019-04-18,btc,62314323,33478111,6062110
2019-04-19,btc,80116143,5151443,1507107
2019-04-20,btc,-55278635,-7537201,-1010021
2019-04-21,btc,785146078,-11950864,-5607119
2019-04-22,btc,561402623,30864484,-4368609
2019-04-22,eth,2614050,-441642,0
2019-04-23,btc,1033582727,21462670,-47340605
2019-04-24,btc,1281535379,-619942,-8088640
2019-04-25,btc,1589071334,147839371,5996131
2019-04-26,btc,-1204668527,114710771,-16453401
2019-04-27,btc,73671723,35303657,-23921717
2019-04-28,btc,24607611,-2860938,-41952606
2019-04-29,btc,149316595,8120230,5221691
2019-04-30,btc,-728272538,66696905,-47739236
2019-05-01,btc,112353303,-5564698,-18931340
2019-05-02,btc,-646809608,42260849,-76969210
2019-05-03,btc,-54262073,-42638031,-56749130
2019-05-04,btc,529996201,-8843493,-2514779
2019-05-05,btc,713532895,11916769,-564
2019-05-06,btc,1812408624,-51733835,-27116949
2019-05-06,eth,16347945,-4346565,0
2019-05-07,btc,402518150,-361174,-11011259
2019-05-08,btc,373655597,-898086,-12973955
2019-05-09,btc,-519094212,123047306,-25644678
2019-05-10,btc,-3172570,17299193,-15279
2019-05-11,btc,-253219776,82592478,20396105
2019-05-12,btc,2939922704,-28640240,6867235
2019-05-13,ada,-4627538,1842427,0
2019-05-13,btc,-3151913136,95814942,-1788697
2019-05-14,btc,1542356632,-29316103,-7776146
2019-05-15,btc,410439011,-10787564,8586510
2019-05-16,btc,1009350538,4607126,-1593
2019-05-17,btc,121348416,-28239751,-9585
2019-05-18,btc,5237181,-33664384,-953
2019-05-19,btc,677438118,-61951655,6000196
2019-05-20,btc,507976499,-27964906,3950
2019-05-21,btc,-79918080,5573652,8416051
2019-05-22,btc,666960783,-27853798,15677165
2019-05-23,btc,70785608,-46394553,1798461
2019-05-23,eth,-88920410,9206006,0
2019-05-24,btc,-27702755,8662912,794
2019-05-25,btc,0,0,-18305
2019-05-26,btc,744188,8600,-15297
2019-05-27,btc,141685551,10063624,10765
2019-05-28,btc,0,-25470,165481
2019-05-29,btc,-218091562,-14194472,23921634
2019-05-30,btc,-270630112,22161057,15802753
2019-05-31,btc,227732986,-82968,10881062
2019-06-01,btc,-270116047,-4100585,11691704
2019-06-02,btc,-824508113,-8130095,7907
2019-06-03,btc,261997726,-858566,4542227
2019-06-04,btc,1000291390,-21511166,1441118
2019-06-05,btc,0,0,2265845
2019-06-06,btc,0,0,-4991255
2019-06-07,btc,0,0,1283288
2019-06-08,btc,0,0,-4247287
2019-06-09,btc,0,0,361710
2019-06-10,btc,650795379,3800335,-1236761
2019-06-11,btc,0,0,5328402
2019-06-12,btc,-164118783,802751,17916
2019-06-13,btc,0,11928735,3422895
2019-06-14,btc,-143799626,-3257049,586
2019-06-15,btc,263811889,-44212,-7075829
2019-06-16,btc,752530169,-19283709,-32468058
2019-06-17,btc,484605353,38860922,-450
2019-06-18,btc,196212680,979358,7743
2019-06-19,btc,109665247,3913373,8621014
2019-06-20,btc,-248996834,5751327,37000443
2019-06-21,btc,-1254183905,-7386629,9036048
2019-06-22,btc,28329441,-9268281,63196226
2019-06-23,btc,0,0,117997929
2019-06-24,btc,386187838,2366017,22236
2019-06-25,btc,-21444173,-7941598,-8908
2019-06-26,btc,1420738192,12428681,-2899722
2019-06-27,btc,679555025,58444209,-23195999
2019-06-28,btc,-766443493,26060854,10319174
2019-06-29,btc,939806056,5922181,7113020
2019-06-30,btc,0,0,4907
2019-07-01,btc,-1574260202,47569624,-4127373
2019-07-02,btc,655460983,-27154059,3562
2019-07-03,btc,-79653858,41313014,1852
2019-07-04,btc,0,10487309,2881271
2019-07-05,btc,1091065331,4189102,2770326
2019-07-06,btc,0,0,4440715
2019-07-07,btc,96834297,-3797370,5555498
2019-07-08,btc,64975530,22481553,5023
2019-07-09,btc,-144493252,15173344,36652201
2019-07-09,trx,0,-3412471,0
2019-07-10,btc,0,0,19951
2019-07-11,btc,0,22145060,5178551
2019-07-11,trx,-620273876,9097155,0
2019-07-12,btc,381612662,15005289,7006079
2019-07-13,btc,0,0,5277705
2019-07-14,btc,2520683609,-4906978,-1036500
2019-07-15,btc,-54213623,-25560252,-4228419
2019-07-16,btc,1676774508,20515796,-2019814
2019-07-17,btc,417363478,96554478,-195047
2019-07-18,btc,969297572,61698536,-7314374
2019-07-19,btc,-302524577,129137023,126580
2019-07-20,btc,0,0,5667891
2019-07-21,btc,340699754,28116789,6097203
2019-07-22,btc,410014266,-4721449,69
2019-07-23,btc,0,0,-1754
2019-07-24,btc,240862357,7594396,2058238
2019-07-25,btc,0,29994334,4008431
2019-07-26,btc,948509167,24214185,3675715
2019-07-27,btc,-1650595582,16538518,1266
2019-07-28,btc,0,15744694,-4564756
2019-07-29,btc,-124421665,42188338,5050746
2019-07-30,btc,0,0,1286
2019-07-31,btc,0,-5165493,6115247
2019-08-01,btc,-965917347,14842142,-2000560
2019-08-02,btc,-17650265,-2318622,-955848
2019-08-03,btc,291983901,3294630,-1644
2019-08-04,btc,0,0,-1643
2019-08-05,btc,292985222,40010394,3187317
2019-08-06,btc,675505801,36336291,17655981
2019-08-07,btc,942064076,7196492,-17972589
2019-08-08,btc,-196027576,75597365,-21425928
2019-08-09,btc,197934360,59704545,-63269858
2019-08-10,btc,0,0,-8418
2019-08-11,btc,0,0,-1517
2019-08-12,btc,0,0,-1628
2019-08-13,btc,0,0,-3494
2019-08-14,btc,627037105,34758592,-1421
2019-08-15,btc,-169849670,5991886,4224424
2019-08-16,btc,472406189,88867263,-11484558
2019-08-17,btc,192527783,8384076,2126768
2019-08-18,btc,-444119814,5873688,-489395
2019-08-19,btc,-616673073,19542652,1923000
2019-08-20,btc,300725916,18910881,7459584
2019-08-21,btc,974493197,78294899,1249
2019-08-22,btc,179241912,10029826,1966265
2019-08-23,btc,184144606,19932976,1923458
2019-08-24,btc,491740499,-5014996,1930443
2019-08-25,btc,402040314,-5884452,3538153
2019-08-26,btc,917208823,80905623,-1992
2019-08-27,btc,-185199165,-5378402,-10566328
2019-08-28,btc,31669106,78191813,-3969100
2019-08-29,btc,143252073,45321276,-7473940
2019-08-30,btc,0,0,-9874124
2019-08-31,btc,0,0,-2355809
2019-09-01,btc,-431894074,14640660,2077522
2019-09-02,btc,0,0,560
2019-09-03,btc,261466668,-18731237,6117248
2019-09-04,btc,146094795,-9535284,-426
2019-09-05,btc,100797428,-1496330,-2829288
2019-09-05,eth,0,-4360000,-7263556
2019-09-06,btc,76662573,38702176,7419280
2019-09-06,eth,252947025,-988285,-5016186
2019-09-07,btc,939945862,9668982,6571925
2019-09-08,btc,-178379678,24284636,-4018244
2019-09-09,btc,-978130330,32988376,5278006
2019-09-09,eth,232420000,-8921765,0
2019-09-10,btc,-50715019,9121781,7226071
2019-09-11,btc,139998053,-18419511,1986463
2019-09-12,btc,-200359248,-4567498,1536
2019-09-13,btc,0,0,1720
2019-09-14,btc,0,0,2522
2019-09-15,btc,0,0,2060
2019-09-16,btc,0,0,3062
2019-09-17,btc,0,0,2282
2019-09-18,btc,0,0,2453
2019-09-19,btc,-172608202,5407703,1510
2019-09-20,btc,-48096826,4930022,-1972100
2019-09-21,btc,0,0,-1717
2019-09-22,btc,0,0,-1737
2019-09-23,btc,258191965,17819307,2018883
2019-09-24,btc,-1093798,13088,-1186
2019-09-25,btc,389400966,-3808029,-4361499
2019-09-26,btc,2426295890,37282795,12021428
2019-09-27,btc,0,0,7501737
2019-09-28,btc,-516337774,36900048,-5657564
2019-09-29,btc,287635379,24700361,4514802
2019-09-30,btc,-514276699,-21848317,-9010567
2019-10-01,btc,-60492168,-11789506,-4109402
2019-10-02,btc,0,0,-2508
2019-10-03,btc,0,0,340
2019-10-04,btc,0,0,-724
2019-10-05,btc,0,0,-1164
2019-10-06,btc,805971970,13042246,1371
2019-10-07,btc,0,18082474,1241289
2019-10-08,btc,239622774,12153850,6294494
2019-10-09,btc,-1015801870,-12385253,4904018
2019-10-10,btc,56022779,-4060097,-1185180
2019-10-11,btc,0,0,-1772
2019-10-12,btc,0,0,-1709
2019-10-13,btc,295536709,27146365,6966152
2019-10-14,btc,332098496,29957347,-5994896
2019-10-15,btc,0,0,-7264205
2019-10-16,btc,-334724716,18365499,-1851
2019-10-17,btc,-151237,17372753,2479543
2019-10-18,btc,479262702,-6313011,717582
2019-10-19,btc,0,0,1788
2019-10-20,btc,73831352,-12088457,1037
2019-10-21,btc,0,0,1835
2019-10-22,btc,0,17164505,4862835
2019-10-23,btc,2628879678,20103069,5024185
2019-10-24,btc,181677246,13133496,-14893935
2019-10-25,btc,-4551832370,-27159223,-8405610
2019-10-26,btc,0,-5440482,-8947053
2019-10-27,btc,1035498714,-14816732,-2182961
2019-10-28,btc,83295130,-33621288,-9617228
2019-10-29,btc,194796327,-10586963,-18830703
2019-10-30,btc,-806083263,5269530,-4350221
2019-10-31,btc,0,0,-1627
2019-11-01,btc,0,0,-1629
2019-11-02,btc,69045,450584,-534
2019-11-03,btc,0,0,1637
2019-11-04,btc,0,0,2139
2019-11-05,btc,0,0,3749
2019-11-06,btc,0,0,3624
2019-11-07,btc,-145622095,9509397,12456665
2019-11-08,btc,1514911143,12004811,12063603
2019-11-09,btc,0,0,1745
2019-11-10,btc,0,0,1729
2019-11-11,btc,74176087,-11392413,2293540
2019-11-12,btc,0,0,1756
2019-11-13,btc,109508529,-1788134,-594
2019-11-14,btc,-99370367,9704688,629
2019-11-15,btc,214259137,-11644548,-4587905
2019-11-16,btc,23946713,-11804988,631
2019-11-17,btc,0,0,1804
2019-11-18,btc,-140008609,-11825005,-2322
2019-11-19,btc,474476001,10302951,12366970
2019-11-20,btc,102740356,-24713309,4929407
2019-11-21,btc,1345648574,3839015,1413
2019-11-22,btc,2068940049,-47111171,8109209
2019-11-23,btc,-137006964,-59375045,-13184663
2019-11-24,btc,1229822154,7352413,-1887881
2019-11-25,btc,1146050297,-38785657,-2076
2019-11-26,btc,131679555,-25811721,5166509
2019-11-27,btc,381912881,-23492274,2643562
2019-11-28,btc,1350809955,-46769275,3055751
2019-11-29,btc,-451000400,59289325,-13900332
2019-11-30,btc,863274988,16728777,2320787
2019-12-01,btc,733159164,32547367,193
2019-12-02,btc,1436809,19295546,-5078374
2019-12-03,btc,452181255,-8250188,-1100
2019-12-04,btc,1093506093,-10439339,-3372575
2019-12-05,btc,-1008484126,-403384,-1298
2019-12-06,btc,-287313432,10845259,3945836
2019-12-07,btc,0,0,2607
2019-12-08,btc,0,0,1636
2019-12-09,btc,328158250,120966055,10130889
2019-12-10,btc,3087056935,41114327,20398603
2019-12-11,btc,406479680,101142827,6695728
2019-12-12,btc,0,0,686
2019-12-13,btc,69623677,51982483,3806
2019-12-14,btc,0,0,-1364
2019-12-15,btc,0,0,-3545
2019-12-16,btc,136923205,48481143,3544136
2019-12-17,btc,1124860928,55536875,275
2019-12-18,btc,51607336,116543355,-25995783
2019-12-19,btc,352870719,-44612020,-5560782
2019-12-20,btc,73139791,73164392,-5029507
2019-12-21,btc,128980298,26248321,1290934
2019-12-22,btc,62538963,26298132,-3329323
2019-12-23,btc,0,-8411836,-3364905
2019-12-24,btc,322765475,15203381,-5267758
2019-12-25,btc,-66863421,-12711960,-5323848
2019-12-26,btc,-19982963,-17358287,3485851
2019-12-27,btc,129061724,17472161,1732
2019-12-28,btc,0,0,-1044
2019-12-29,btc,0,0,-1035
2019-12-30,btc,0,25636345,-10299296
2019-12-31,btc,-158210864,8465293,-3462309
2020-01-01,btc,-113673281,17173421,-3473309
2020-01-02,btc,1148774142,-9700956,5644888
2020-01-03,btc,606036505,16502528,-4805950
2020-01-04,btc,164448020,-8518733,-13656293
2020-01-05,btc,1199499744,4154690,-1331295
2020-01-06,btc,0,14943126,3981780
2020-01-07,btc,-597199240,34751263,5569939
2020-01-08,btc,2435042732,-55985482,8925859
2020-01-09,btc,894022738,6184221,-14184
2020-01-10,btc,906409385,-5097708,-1860148
2020-01-11,btc,476313387,-18465693,-3707962
2020-01-12,btc,-43562539,13921226,-1856064
2020-01-13,btc,0,0,-1316
2020-01-14,btc,142457210,-12172196,-806
2020-01-14,eth,0,-313103,0
2020-01-15,btc,-36094023,-7747259,-3122
2020-01-15,eth,0,-3783582,-35153900
2020-01-16,btc,93675012,-10637239,3878
2020-01-16,eth,65628615,11952710,-20233575
2020-01-17,btc,459089143,6636399,18544179
2020-01-18,btc,237065639,9865232,10438454
2020-01-19,btc,2378950872,-33570837,7166259
2020-01-20,btc,1773549234,46735,3466847
2020-01-21,btc,23759470,22741918,14562535
2020-01-22,btc,403764325,25936897,23761903
2020-01-23,btc,2089884292,-6969726,7008371
2020-01-24,btc,-414421773,32959866,575
2020-01-25,btc,0,0,986
2020-01-26,btc,0,0,969
2020-01-27,btc,-1017762435,16585965,6915035
2020-01-28,btc,613395887,11793738,-27440020
2020-01-29,btc,1333493225,16112281,-4562
2020-01-30,btc,-82771946,9000285,2544642
2020-01-31,btc,314425382,6556451,15394598
2020-02-01,btc,20069958,-4545552,20014032
2020-02-02,btc,74396451,510150,39859505
2020-02-03,btc,143393385,33847061,51379524
2020-02-04,btc,383708739,23114655,6710205
2020-02-05,btc,556054780,56040874,5434
2020-02-06,btc,53033972,18351673,-37194466
2020-02-07,btc,31479207,-3374385,16544339
2020-02-08,btc,-212810086,29676407,32417594
2020-02-09,btc,-909676392,89801965,50982963
2020-02-10,btc,953113805,-17485285,31237536
2020-02-11,btc,418773512,-27378449,-41913907
2020-02-12,btc,554259120,22361482,-12347211
2020-02-12,eth,0,-3424996,0
2020-02-13,btc,-545069371,43942483,49139569
2020-02-13,eth,155000000,-3386243,0
2020-02-14,btc,341203062,10644070,51996906
2020-02-15,btc,872215722,-25608667,17990835
2020-02-16,btc,-341284382,43974196,16006919
2020-02-17,btc,76155542,43351469,41466379
2020-02-18,btc,-1271686860,87938358,44451157
2020-02-19,btc,0,-3698153,17832467
2020-02-20,btc,0,33898181,26314640
2020-02-21,btc,3089052,-3887974,29360845
2020-02-22,btc,0,0,27912448
2020-02-23,btc,0,0,27390433
2020-02-24,btc,-479393202,-38837445,17489643
2020-02-25,btc,85565189,282376,6261942
2020-02-26,btc,1008700190,52565237,62648785
2020-02-27,btc,-2392757486,-30572698,30237658
2020-02-28,btc,3613491959,31769940,20627578
2020-02-29,btc,67219450,-4267139,17452296
2020-03-01,btc,882724358,21121436,12210950
2020-03-02,btc,-327169915,8513637,33064014
2020-03-03,btc,0,0,15302522
2020-03-04,btc,-143811624,8422175,17148746
2020-03-05,btc,-3023912058,-20467451,13302496
2020-03-06,btc,-144326917,-11551298,16489082
2020-03-07,btc,0,0,9955100
2020-03-08,btc,2295878724,-81298797,12284451
2020-03-09,btc,790978736,-7360396,2041
2020-03-10,btc,272577279,-49314153,-1651593
2020-03-11,btc,1975988951,-17939192,3901995
2020-03-12,btc,2898675532,41595614,-84177309
2020-03-13,btc,18531866403,133062893,-480382171
2020-03-14,btc,327005759,-9533606,-613695062
2020-03-15,btc,-7551427726,-38574973,-217407615
2020-03-16,btc,7863070018,38401567,-3164455
2020-03-17,btc,-23450759,-41898755,-166527629
2020-03-18,btc,-2614970644,67557232,-110538890
2020-03-19,btc,-1944537475,-95705162,-46368032
2020-03-20,btc,-5259752628,-17118241,-64080090
2020-03-21,btc,2469130678,-77504541,-91756
2020-03-22,btc,4352065662,-5478085,-88728435
2020-03-23,btc,3432287097,-5669116,24805356
2020-03-24,btc,-2630559518,2493265,-6107365
2020-03-25,btc,145357035,-14939461,-45008361
2020-03-26,btc,30729534,-4609495,-39067887
2020-03-27,btc,-1005806418,-5093421,-54182216
2020-03-28,btc,3871214960,15875000,-160032765
2020-03-29,btc,1370273822,-8154981,-66058356
2020-03-30,btc,4831335866,50301735,-955
2020-03-31,btc,962812170,89390774,5618665
2020-04-01,btc,0,31898400,-40209907
2020-04-02,btc,-10909290599,117201572,-17354639
2020-04-03,btc,0,0,-42935240
2020-04-04,btc,0,0,-89572603
2020-04-05,btc,0,0,4345962
2020-04-06,btc,-2952908236,38747364,4734503
2020-04-07,btc,189730933,32215633,5763502
2020-04-08,btc,-262470387,3859524,6973639
2020-04-09,btc,-74753600,16748393,-38910001
2020-04-10,btc,3506553110,7205743,-142391543
2020-04-11,btc,0,0,-127192803
2020-04-12,btc,2393887577,88887937,-61088819
2020-04-13,btc,903061912,64790495,-158705436
2020-04-14,btc,-92404775,31730601,-26439356
2020-04-15,btc,54734841,31109095,-9229693
2020-04-16,btc,-543047248,66274028,8080979
2020-04-17,btc,0,0,-3068
2020-04-18,btc,0,0,1206
2020-04-19,btc,0,0,594
2020-04-20,btc,1189683747,72010477,4119884
2020-04-21,btc,620189441,31814083,-46853051
2020-04-22,btc,-208351413,60300235,3638
2020-04-23,btc,0,0,518
2020-04-24,btc,0,0,1708
2020-04-25,btc,-133444959,87450424,1538
2020-04-26,btc,-524442110,67561590,5843456
2020-04-27,btc,912418030,71446851,-5902693
2020-04-28,btc,25386,9682,2374
2020-04-29,btc,540635564,134511627,4577563
2020-04-30,btc,1802908456,-34735224,17741030
2020-05-01,btc,2001001490,10181618,-16099868
2020-05-02,btc,1024671454,749495,-13565780
2020-05-03,btc,130496144,9412760,-2141
2020-05-04,btc,605631527,29833357,-1000890
2020-05-05,btc,0,-1540433,-4576039
2020-05-06,btc,550547394,62355404,-601625
2020-05-07,btc,-1190037798,23027509,5582
2020-05-08,btc,0,0,-2882
2020-05-09,btc,-24449036,-5897367,4128019
2020-05-10,btc,4881781905,-45941367,79964
2020-05-11,btc,-2878023577,-6009299,-897823
2020-05-12,btc,298095882,8593884,1160458
2020-05-13,btc,0,0,-719
2020-05-14,btc,-2398187975,75192457,17858366
2020-05-15,btc,605906219,-10548463,1580
2020-05-16,btc,0,0,1595
2020-05-17,btc,0,0,1558
2020-05-18,btc,0,0,2575
2020-05-19,btc,-955475946,10246990,527
2020-05-20,btc,0,10316530,8665249
2020-05-21,btc,3727346774,34488535,13506499
2020-05-22,btc,418506633,-562274,13696541
2020-05-23,btc,13259704,-12285497,-3587839
2020-05-24,btc,670223760,2221624,18104120
2020-05-25,btc,1472003443,-10182754,-20965098
2020-05-26,btc,446854331,8633101,7837646
2020-05-27,btc,-802591050,16563422,-5556351
2020-05-28,btc,0,11347061,9632137
2020-05-29,btc,-1612988494,4619659,152
2020-05-30,btc,0,0,151
2020-05-31,btc,0,0,150
2020-06-01,btc,0,0,150
2020-06-02,btc,-4284922160,58276708,-37767098
2020-06-03,btc,-146594124,34362809,27
2020-06-04,btc,0,0,27
2020-06-05,btc,0,34315444,9271827
2020-06-06,btc,758232058,28886240,9330777
2020-06-07,btc,-613052797,55194966,26337627
2020-06-08,btc,0,0,100750
2020-06-09,btc,0,0,13897377
2020-06-10,btc,0,0,13801977
2020-06-11,btc,-1290984190,41457154,9436058
2020-06-12,btc,68644181,25979565,-19390605
2020-06-13,btc,0,-7957032,30409325
2020-06-14,btc,0,0,10773795
2020-06-15,btc,3796480926,62089603,7423253
2020-06-16,btc,666961422,-6437006,-2038375
2020-06-17,btc,0,23465729,-3222374
2020-06-18,btc,4092717,15534049,-6368779
2020-06-19,btc,0,35184843,-19326686
2020-06-20,btc,0,0,-19331485
2020-06-21,btc,-19942410,36982633,-12820283
2020-06-22,btc,60409,19223968,371
2020-06-23,btc,0,23327960,17265559
2020-06-24,btc,1895197336,33769322,26302056
2020-06-25,btc,1365045584,24901944,22581627
2020-06-26,btc,1221977719,-14517853,28215612
2020-06-27,btc,1670809011,57696852,14753130
2020-06-28,btc,24745,16428,-11
2020-06-29,btc,70698232,-2633621,-103280
2020-06-30,btc,31335,34938029,-666
2020-07-01,btc,-1024202952,65150943,-241632
2020-07-02,btc,1124165434,16752374,31124889
2020-07-03,btc,0,16121670,8806159
2020-07-04,btc,0,0,18018511
2020-07-05,btc,373014927,127486726,9591897
2020-07-06,btc,-1195055598,33648743,4504704
2020-07-07,btc,0,0,-9713458
2020-07-08,btc,0,0,-9625541
2020-07-08,eth,0,-4692379,-19761677
2020-07-09,btc,-763313194,52848567,-9701445
2020-07-09,eth,0,0,-41113492
2020-07-10,btc,0,0,-1872
2020-07-10,eth,0,0,-27041120
2020-07-11,btc,0,0,-1866
2020-07-11,eth,0,0,-16823089
2020-07-12,btc,0,0,-1862
2020-07-12,eth,0,0,-6979504
2020-07-13,btc,0,0,-1858
2020-07-13,eth,0,0,-20358789
2020-07-14,btc,-142632,8168,299
2020-07-14,eth,50516450,14115011,0
2020-07-15,btc,0,0,1387
2020-07-16,btc,0,0,1400
2020-07-17,btc,0,0,1399
2020-07-18,btc,0,0,1029
2020-07-19,btc,0,0,1397
2020-07-20,btc,0,0,1394
2020-07-21,btc,376743370,-11303778,-6413000
2020-07-22,btc,-270195935,35920491,-3204845
2020-07-23,btc,1142938318,7062176,-1418
2020-07-24,btc,0,23665470,-6274414
2020-07-25,btc,426009637,-7781999,-3129806
2020-07-26,btc,0,0,-3407
2020-07-27,btc,568719,-8972839,49977824
2020-07-28,btc,591871582,-20614525,213557496
2020-07-29,btc,243135290,-33035750,149954183
2020-07-30,btc,430911444,48390715,25531844
2020-07-31,btc,1468598609,8941844,-59603802
2020-08-01,btc,1378258664,62350930,10088438
2020-08-02,btc,4539759776,90768777,3500
2020-08-03,btc,632790343,14186852,-10851
2020-08-04,btc,-31916201,27519519,-38561041
2020-08-05,btc,3030935302,80728972,-10773417
2020-08-06,btc,1225918771,136900756,20337428
2020-08-07,btc,1726336503,134580240,21552361
2020-08-08,btc,0,28000768,-10238241
2020-08-09,btc,0,0,-30791435
2020-08-10,btc,0,0,-66512488
2020-08-11,btc,-2210683428,143781784,-20354163
2020-08-12,btc,1445874725,189689375,21943168
2020-08-13,btc,1149237731,44080829,17844993
2020-08-14,btc,0,0,4414
2020-08-15,btc,0,0,5084
2020-08-16,btc,0,0,5472
2020-08-17,btc,-327281,32396830,5808
2020-08-18,btc,-1155304338,154534637,-32494655
2020-08-19,btc,2947756475,95742013,11398485
2020-08-20,btc,1482669550,75211566,-20400101
2020-08-21,btc,361300037,6725615,-19217867
2020-08-22,btc,-438900330,21174421,-22486167
2020-08-23,btc,0,18140689,-20130823
2020-08-24,btc,1172688045,15974228,-14083400
2020-08-25,btc,2270219998,83045656,6455689
2020-08-26,btc,-1742499064,37677807,16807974
2020-08-27,btc,-2230870244,-12925339,15881058
2020-08-28,btc,-103389,26201,2297
2020-08-29,btc,57005,5037833,-724848
2020-08-30,btc,99106234,3570512,10318242
2020-08-31,btc,0,79926,41012692
2020-09-01,btc,-1002904922,80571103,88877070
2020-09-02,btc,9384872489,58113945,73786649
2020-09-03,btc,6599818912,92028033,23588078
2020-09-04,btc,1628898412,-14246195,-39380699
2020-09-05,btc,6552468619,-1339739,3216574
2020-09-06,btc,-130074613,-38129224,8498887
2020-09-07,btc,578534557,149244893,-11287346
2020-09-08,btc,-3769462273,37427028,60095035
2020-09-09,btc,-182288382,11655716,4901378
2020-09-10,btc,-2222714540,38656796,8672084
2020-09-11,btc,0,0,240
2020-09-12,btc,0,0,2274
2020-09-13,btc,1687267,84078173,17105071
2020-09-14,btc,-889473419,-27773629,-98606623
2020-09-15,btc,0,0,10282995
2020-09-16,btc,-6225101915,11098918,-944098
2020-09-17,btc,-2062679878,-13129788,26622559
2020-09-18,btc,0,-6844466,15436680
2020-09-19,btc,0,0,-3695571
2020-09-20,btc,0,11912143,-5875577
2020-09-21,btc,2872448859,36996768,-3765231
2020-09-22,btc,-369169231,-12357783,-24326266
2020-09-23,btc,2625972246,-3448296,-22480964
2020-09-24,btc,-3478269092,16579854,-3089209
2020-09-25,btc,436016297,-44718027,5515629
2020-09-26,btc,0,0,18056857
2020-09-27,btc,0,0,17872242
2020-09-28,btc,0,0,24827047
2020-09-29,btc,0,0,21821553
2020-09-30,btc,0,0,25203295
2020-10-01,btc,1105794877,23036967,-2414180
2020-10-02,btc,0,0,-1027
2020-10-03,btc,0,0,-2834
2020-10-04,btc,0,0,-1477
2020-10-05,btc,0,-20966828,-4275559
2020-10-06,btc,247125340,-7050737,-4798725
2020-10-07,btc,0,-7072499,-63160201
2020-10-08,bch,0,1189234,-1149079
2020-10-08,btc,810447594,9600041,-32799528
2020-10-09,bch,0,0,-2682142
2020-10-09,btc,0,0,-1558
2020-10-10,bch,0,0,-3443523
2020-10-10,btc,0,0,-1507
2020-10-11,bch,0,0,-5138064
2020-10-11,btc,0,0,-1510
2020-10-12,bch,0,0,-1789781
2020-10-12,btc,-134285099,2324282,-5688223
2020-10-13,bch,697018580,-510753,-1726629
2020-10-13,btc,217475105,-2029809,-18844139
2020-10-14,btc,0,13593235,-21114677
2020-10-15,btc,-717950355,-928376,-20947794
2020-10-16,btc,-350272154,34772048,11638326
2020-10-17,btc,0,0,-14887896
2020-10-18,btc,0,0,-25639006
2020-10-19,btc,0,33310104,28942029
2020-10-20,btc,-5387791086,52000866,30738745
2020-10-21,btc,-7357228479,57453519,-129377
2020-10-22,btc,-1323928059,-19552905,26211083
2020-10-23,btc,0,0,-14979145
2020-10-24,btc,0,0,-23004683
2020-10-25,btc,0,0,-22885680
2020-10-26,btc,0,0,-22915681
2020-10-27,btc,3140704502,20928451,-17486342
2020-10-28,btc,3380048159,-51831042,22342540
2020-10-29,btc,3178544120,-135367438,7126197
2020-10-30,btc,-2132274756,-55520107,-16329400
2020-10-31,btc,1701794395,-25279798,13078518
2020-11-01,btc,0,0,9086897
2020-11-02,btc,3940088227,-2055481,-18808747
2020-11-03,btc,-18024847,3584187,15695895
2020-11-04,btc,-1323717159,1853328,-8852597
2020-11-05,btc,1406352749,-10601034,8558075
2020-11-06,btc,-2306296323,-54547147,25820877
2020-11-06,eth,0,5371670,0
2020-11-07,btc,53646803,1065923,-3220263
2020-11-07,eth,-134587645,-7048789,0
2020-11-07,link,-23657640,1128946,0
2020-11-07,yfi,11196490,508395,0
2020-11-08,btc,-3773811368,-38912067,55652672
2020-11-09,btc,-3150848175,-99615408,23229011
2020-11-10,btc,-119407826,-15049782,-14915677
2020-11-15,btc,0,12178516,6297000
2020-11-16,btc,0,0,18350000
2020-11-17,btc,0,0,17560000
2020-11-18,btc,-2489630155,6850001,17983303
2020-11-19,btc,-817894287,-1670677,11206840
2020-11-20,btc,-44593521,48178252,-3085818
2020-11-21,btc,-139207107,7805875,-14046735
2020-11-22,btc,-702454492,-10768045,0
2020-11-23,btc,-215983205,-5846421,-33754642
2020-11-24,btc,1665849578,-12273713,-30444270
2020-11-24,xrp,467729680,3330146,0
2020-11-25,btc,-22670345,-18280563,-13464523
2020-11-26,btc,4888599063,-38432772,-26843597
2020-11-27,btc,2557089564,-25047839,20518045
2020-11-28,btc,1934900198,42007470,-5855075
2020-11-29,btc,871863988,-1973980,-8331321
2020-11-30,btc,-6539414055,-36195880,21499169
2020-12-01,btc,3199583801,18973837,244055586
2020-12-02,btc,1834899564,2268055,-2912
2020-12-03,btc,0,0,-2859
2020-12-04,btc,67457184,-36747329,2065326
2020-12-05,btc,2525,-22509270,17234171
2020-12-06,btc,-251266681,-689057,23469622
2020-12-07,btc,-1205408366,3097135,-203486
2020-12-08,btc,0,0,-95109
2020-12-09,btc,-16202251,-22022453,16028049
2020-12-10,btc,-35618612,-21456676,-7026484
2020-12-11,btc,-181020563,21326390,-22352688
2020-12-12,btc,1208028660,-6685074,-32374664
2020-12-13,btc,4774836233,-30295552,-2836076
2020-12-14,btc,0,0,-1217
2020-12-15,btc,0,0,-632
2020-12-16,btc,165882,-3575572,7222364
2020-12-17,btc,-4397406076,-101704361,65607576
2020-12-18,btc,0,-5417478,113297628
2020-12-19,btc,44514239,-3769023,46105167
2020-12-20,btc,-2587941521,-59529818,112499315
2020-12-21,btc,3894992077,-1927940,35539672
2020-12-22,btc,0,0,-14809541
2020-12-23,btc,518729393,17174755,-146030
2020-12-23,xrp,1455567624,-3034883,0
2020-12-24,btc,0,-10964311,17532444
2020-12-24,xrp,3044904122,-5568338,9613
2020-12-25,btc,0,13840242,77517401
2020-12-25,xrp,0,0,10269
2020-12-26,btc,0,0,122644336
2020-12-26,xrp,0,0,734
2020-12-27,bch,3550000,-352379,0
2020-12-27,btc,-13038951827,-5689528,176813918
2020-12-27,eth,0,-8696073,-15372270
2020-12-27,xrp,122544,1460,-382
2020-12-28,btc,13183840,-9488856,-1030086
2020-12-28,eth,0,0,-220562521
2020-12-29,btc,75719397,-9339929,24576118
2020-12-29,eth,0,0,-109442007
2020-12-29,xrp,157864699,5472270,-44120
2020-12-30,btc,0,0,12190
2020-12-30,eth,1855000000,-9159885,-26467437
2020-12-30,xrp,-123237670,1086700,7421508
2020-12-31,btc,-1028952880,-62607869,47797346
2020-12-31,xrp,0,0,16548087
2021-01-01,btc,0,0,20488611
2021-01-01,xrp,0,0,-1103104
2021-01-02,btc,-3034604584,14424053,6794203
2021-01-02,xrp,0,0,-1944058
2021-01-03,btc,-1946638192,-38624029,88886449
2021-01-03,xrp,0,0,-8693609
2021-01-04,btc,3319191576,-2981763,37310328
2021-01-04,xrp,0,0,-50661255
2021-01-05,btc,3282052154,-18954587,4807001
2021-01-05,eth,-1274969875,-16797995,50394273
2021-01-05,xrp,777632406,-50450,0
2021-01-06,btc,32146525,7825970,150056295
2021-01-07,btc,-1960048448,-11392572,74626490
2021-01-07,xrp,565550746,1668095,0
2021-01-08,btc,0,-890212,168034023
2021-01-09,btc,0,0,82100756
2021-01-10,btc,233759336,-54110015,101019551
2021-01-11,btc,5623057010,-138070899,-61967875
2021-01-11,eos,0,2040627,0
2021-01-11,eth,1375019000,-9434916,71169612
2021-01-12,btc,2086161173,-35959230,116107210
2021-01-12,eos,687902670,-25354,0
2021-01-13,btc,2030223396,-20970539,-13272134
2021-01-14,btc,0,-14083914,146012195
2021-01-15,btc,1502577293,-45118735,199822183
2021-01-16,btc,-689438785,-14898047,-15799015
2021-01-17,btc,-302081863,-16078978,-12957394
2021-01-18,btc,471142320,-2531703,-30571505
2021-01-19,btc,475141344,-1214006,-18883146
2021-01-20,btc,964017,-8291300,33316973
2021-01-21,btc,4467595175,-23089451,23227325
2021-01-22,btc,5534573196,-66830122,873623
2021-01-23,btc,-4014214304,49904077,-298412
2021-01-24,btc,5131394,-4245726,-4616330
2021-01-25,btc,2263616670,-16216106,-9005438
2021-01-26,btc,-5778,-15755178,2933874
2021-01-27,btc,5369399217,11264058,8917147
2021-01-28,btc,-1234177503,-3358075,4691609
2021-01-29,btc,4189592070,-56122240,-50758126
2021-01-30,btc,0,-2729986,5830818
2021-01-31,btc,1317940944,1162817,14890031
2021-02-01,btc,0,7130863,19281302
2021-02-01,xrp,1598584086,-8759152,0
2021-02-02,btc,0,-14233600,72895346
2021-02-03,btc,-1736750132,4324231,135095407
2021-02-04,btc,-5924557580,-28533909,103388209
2021-02-04,xrp,0,-2592225,14045982
2021-02-05,btc,0,-2949410,91918653
2021-02-05,xrp,0,0,53694614
2021-02-06,btc,-902793156,6092121,238620080
2021-02-06,xrp,0,0,13470984
2021-02-07,btc,-1157169615,-50646556,132849070
2021-02-07,xrp,0,0,3117482
2021-02-08,btc,-6515620074,-57745191,35298956
2021-02-08,xrp,0,0,3100196
2021-02-09,btc,-2184460415,-5202950,282446620
2021-02-09,xrp,-133974156,-722828,0
2021-02-10,btc,306337706,-13365686,46954494
2021-02-11,btc,314402347,-2827482,226
2021-02-12,btc,-889332041,-24185315,21494661
2021-02-13,btc,0,-2666228,117705007
2021-02-14,btc,-2240219057,-24261053,2505805
2021-02-15,btc,-123329759,-23706964,151691293
2021-02-16,btc,-2788473123,9884502,5897472
2021-02-17,btc,500480000,-1756246,-24641158
2021-02-17,eth,0,-4287460,0
2021-02-18,btc,0,0,-8718
2021-02-18,eth,-57673537,-4144791,234447145
2021-02-19,btc,1006934051,-35924080,26050702
2021-02-19,eth,-40783188,-977592,155885669
2021-02-20,btc,0,-8083695,7942257
2021-02-20,eth,0,0,205843320
2021-02-21,btc,0,0,59538232
2021-02-21,eth,-202694383,-1669056,52116395
2021-02-22,btc,2335819351,-14558735,164411959
2021-02-22,eth,764285403,873439,24569924
2021-02-23,btc,5171565343,6048893,6720142
2021-02-24,btc,803061776,-585870,19936479
2021-02-25,btc,1070126858,-52994757,15904567
2021-02-25,eth,684801125,-14764418,0
2021-02-26,btc,2927707117,-22756119,21437911
2021-02-26,eth,1261123815,-21749737,-3123574
2021-02-27,btc,-903131513,-15358975,-4840419
2021-02-27,eth,0,0,-150407011
2021-02-28,btc,0,0,-6692240
2021-02-28,eth,0,0,-108137628
2021-03-01,btc,644892386,4187604,-4245283
2021-03-01,eth,516930713,55929,-60335147
2021-03-02,btc,0,0,703
2021-03-02,eth,0,0,-75070672
2021-03-03,btc,263318091,-10604483,12883866
2021-03-03,eth,2881894737,-665315,-22531373
2021-03-04,btc,0,0,34942619
2021-03-05,btc,0,0,21857993
2021-03-06,btc,589095735,3857424,19628990
2021-03-07,btc,0,0,23758525
2021-03-08,btc,61446965,2052587,68527114
2021-03-09,btc,0,0,131448277
2021-03-10,btc,-1057063799,8532495,42460614
2021-03-11,btc,-966221033,-4581156,154091421
2021-03-12,btc,-1314593165,1492630,178159947
2021-03-13,btc,-6222187090,-19563942,19278210
2021-03-14,btc,0,-4088677,60846503
2021-03-15,btc,4315623,-3462764,27045874
2021-03-16,btc,2452541277,1873034,9135622
2021-03-17,btc,0,6754872,14265530
2021-03-18,btc,0,10383976,127221549
2021-03-19,btc,0,0,54023159
2021-03-20,btc,-2994444195,-37499969,16256545
2021-03-21,btc,1396191134,9405842,67438085
2021-03-22,btc,0,0,18771405
2021-03-23,btc,1146888415,-4580759,14563480
2021-03-24,btc,3903457044,-4165431,19913489
2021-03-25,btc,2063713266,1335613,10590786
2021-03-26,btc,0,0,1552
2021-03-27,btc,0,25718481,23571119
2021-03-28,btc,0,0,43180987
2021-03-29,btc,64078705,3013887,83181493
2021-03-30,btc,-562543701,4792507,208294625
2021-03-31,btc,0,0,223393511
2021-04-01,btc,0,0,280799663
2021-04-02,btc,0,0,284102688
2021-04-03,btc,-1051634043,9256196,140707885
2021-04-04,btc,-442740002,14111950,45019700
2021-04-05,btc,0,0,61966892
2021-04-06,btc,0,0,341203967
2021-04-07,btc,0,0,52850811
2021-04-08,btc,-81069417,19351990,24365889
2021-04-09,btc,-896637547,5047946,35686046
2021-04-10,btc,-2174979773,5629593,13163041
2021-04-11,btc,0,0,3417129
2021-04-12,btc,0,0,4096956
2021-04-13,btc,0,0,3816251
2021-04-14,btc,0,0,3281597
2021-04-15,btc,0,0,1573307
2021-04-16,btc,0,-4161642,9243631
2021-04-17,btc,0,0,24440083
2021-04-18,btc,9073908595,-4082449,643950
2021-04-19,btc,963456220,-11273606,29020590
2021-04-20,btc,2428067221,5837323,7241220
2021-04-21,btc,-466456016,15694002,9391230
2021-04-22,btc,2383657031,-5493360,22381190
2021-04-22,eth,0,-13558316,0
2021-04-23,btc,2694839824,-24834626,13951995
2021-04-23,eth,-3610361710,3324591,-126934943
2021-04-24,btc,2243917416,17784652,-541529
2021-04-24,eth,0,-3310522,-82149401
2021-04-25,btc,0,0,-12107680
2021-04-25,eth,0,163883,-109945067
2021-04-26,btc,-3253892613,24845557,44963112
2021-04-26,eth,2859314600,-4125880,0
2021-04-27,btc,0,12606294,12553230
2021-04-28,btc,0,0,14617374
2021-04-29,btc,0,0,14237076
2021-04-30,bch,0,-1606617,0
2021-04-30,btc,-281311455,4406857,9184522
2021-04-30,eth,0,4212946,0
2021-04-30,link,0,-1692301,0
2021-04-30,xrp,0,-782222,0
2021-05-01,bch,0,-1138550,55643441
2021-05-01,btc,0,12911576,16694169
2021-05-01,eth,0,2173813,84281993
2021-05-01,link,0,97253,80854012
2021-05-01,ltc,0,-2402205,45239168
2021-05-01,xrp,0,-1594298,10325375
2021-05-02,bch,0,0,12060874
2021-05-02,btc,-182883006,4397263,21113372
2021-05-02,eth,0,0,49724727
2021-05-02,link,0,0,54186514
2021-05-02,ltc,0,0,15016982
2021-05-02,xrp,0,0,70912888
2021-05-03,bch,0,0,60903257
2021-05-03,btc,0,-455631,39650376
2021-05-03,dot,-2164,-1849859,18778305
2021-05-03,eth,0,0,102446793
2021-05-03,link,0,0,68050728
2021-05-03,ltc,0,-90260,37001683
2021-05-03,xrp,0,0,167099286
2021-05-04,bch,0,0,51094404
2021-05-04,btc,2403538667,-21223137,9495397
2021-05-04,dot,0,0,29174434
2021-05-04,eth,-1727008885,-2080154,53919858
2021-05-04,link,0,0,49921756
2021-05-04,ltc,0,0,26539173
2021-05-04,xrp,1386599328,262997,82349932
2021-05-05,bch,-2104529153,-1430095,63586304
2021-05-05,btc,-263733777,11354051,6460090
2021-05-05,dot,0,0,20146479
2021-05-05,eth,-4071927255,-284267,43540407
2021-05-05,link,0,0,59677839
2021-05-05,ltc,0,0,12187664
2021-05-05,xrp,0,0,61264461
2021-05-06,bch,-4269054089,-3466508,18565614
2021-05-06,btc,-822998029,12301676,6377144
2021-05-06,dot,0,0,26806313
2021-05-06,link,0,0,77413614
2021-05-06,ltc,0,0,79225486
2021-05-06,xrp,-483095995,-1693320,44865314
2021-05-07,bch,0,0,15980884
2021-05-07,btc,0,0,-703
2021-05-07,dot,0,0,28126228
2021-05-07,link,0,0,82783230
2021-05-07,ltc,0,0,63698650
2021-05-07,xrp,0,0,31996239
2021-05-08,bch,0,0,17057664
2021-05-08,btc,0,4904097,-12015729
2021-05-08,dot,0,0,14506299
2021-05-08,link,-1672052600,-1684702,49677464
2021-05-08,ltc,0,0,26742589
2021-05-08,xrp,0,0,32516765
2021-05-09,bch,0,0,16763042
2021-05-09,btc,0,0,-23752105
2021-05-09,dot,0,0,14068798
2021-05-09,link,0,0,24457239
2021-05-09,ltc,0,0,66516975
2021-05-09,xrp,0,0,25364869
2021-05-10,ada,-930080,53084,0
2021-05-10,bch,0,-844643,15952660
2021-05-10,btc,-4972832933,27807343,-59654149
2021-05-10,dot,0,-1773499,12410169
2021-05-10,link,-223789001,-1988046,23685909
2021-05-10,ltc,-2810836164,-1115943,39737713
2021-05-10,xrp,1678036,-3141509,23567416
2021-05-11,bch,-584673939,-904113,19995916
2021-05-11,btc,0,0,-14932439
2021-05-11,dot,0,0,21804474
2021-05-11,link,-810860876,-1846561,15747496
2021-05-11,ltc,-283941075,-353531,11991345
2021-05-11,xrp,0,0,35830142
2021-05-12,bch,-1079917829,-1409699,1954453
2021-05-12,btc,-2401436352,24354707,-19464607
2021-05-12,dot,-279547967,-1584940,9222273
2021-05-12,eth,789841813,-7262142,0
2021-05-12,link,-31992566,-598713,23736491
2021-05-12,ltc,-83895917,-799588,38769293
2021-05-12,xrp,-224268186,-2555373,40723346
2021-05-13,btc,-2234713201,-25651596,-2065985
2021-05-13,dot,-220476730,-1726677,2723651
2021-05-13,eth,3171403973,-36938055,105790675
2021-05-13,link,26017676,-132264,13641345
2021-05-13,ltc,36533573,237538,12945620
2021-05-13,xrp,1103186121,-1758390,17421105
2021-05-14,btc,0,0,6248171
2021-05-14,dot,0,0,4199803
2021-05-14,eth,0,0,171355217
2021-05-14,link,0,0,17082237
2021-05-14,ltc,0,0,6637411
2021-05-14,xrp,0,0,20675555
2021-05-15,btc,0,0,6387713
2021-05-15,dot,0,0,16896796
2021-05-15,eth,-688583060,-3858970,50758889
2021-05-15,link,0,0,20957877
2021-05-15,ltc,0,0,13877140
2021-05-15,xrp,0,0,17119401
2021-05-16,btc,1958040117,-4822112,4277668
2021-05-16,dot,-560731769,-1480809,13799035
2021-05-16,eth,885528494,-627505,35806673
2021-05-16,link,255498892,-1285006,11244408
2021-05-16,ltc,156340877,-568441,15530522
2021-05-16,xrp,37391626,-805899,21110626
2021-05-17,btc,5614122240,-17120044,1320
2021-05-17,eth,3174770055,-14020926,3025619
2021-05-17,link,16670415,189872,-1391272
2021-05-17,ltc,142808002,-420154,4357490
2021-05-18,btc,1650989563,10368797,10630161
2021-05-18,eth,0,-2642587,22206011
2021-05-19,btc,-16786298916,-130598391,-7050735
2021-05-19,eth,-15045913825,-40090231,-193568285
2021-05-20,btc,5908841376,-76335741,-288448
2021-05-20,eth,-1263084840,-63931794,290449060
2021-05-21,btc,1944101579,-7463928,-22811809
2021-05-21,eth,10335105095,-33386618,46661228
2021-05-22,btc,0,0,13982152
2021-05-22,eth,224755642,-11655891,-394116757
2021-05-23,btc,-459946191,-6393847,1697980
2021-05-23,eth,1840067504,-30120933,-311627823
2021-05-24,btc,0,-10563837,-6768617
2021-05-24,eth,11236073759,-38872695,-160591827
2021-05-25,btc,2300128144,-3556986,5208141
2021-05-25,eth,-526139930,-42190486,-43035813
2021-05-26,btc,0,0,-13832245
2021-05-26,eth,7079968869,-6359458,-373146802
2021-05-27,btc,1922277120,6433331,10634277
2021-05-27,eth,0,0,-68337791
2021-05-28,btc,794437953,-11700961,10280131
2021-05-28,eth,3006583031,-22565532,-32296499
2021-05-29,btc,1648403445,-27021069,-1752253
2021-05-29,eth,0,2349797,-96582766
2021-05-30,btc,345461385,2327273,-19194642
2021-05-30,eth,1477802721,-14575757,-122613293
2021-05-31,btc,2572804000,-44425715,-17032454
2021-05-31,eth,2644176084,-8793966,-61410475
2021-06-01,btc,2920799689,-12171176,-1198441
2021-06-01,eth,628037610,-20120982,-46793195
2021-06-02,btc,-916842757,-3096246,-8746349
2021-06-02,eth,0,-15566428,-303506873
2021-06-03,ada,1859710,-1332588,0
2021-06-03,bnb,0,-2270981,11873458
2021-06-03,btc,0,15950937,-59515392
2021-06-03,doge,0,223565,41643904
2021-06-03,dot,0,-676324,9841549
2021-06-03,eth,7224005190,-16559982,-237712777
2021-06-03,ltc,0,-965437,10562093
2021-06-03,xrp,0,-502730,19164229
2021-06-04,bnb,0,0,10832612
2021-06-04,btc,8948845210,-37307462,-83823912
2021-06-04,doge,0,0,30125914
2021-06-04,dot,0,0,4072011
2021-06-04,eth,1875976969,-22412944,20825643
2021-06-04,ltc,0,0,23820174
2021-06-04,xrp,0,0,16917116
2021-06-05,bnb,0,0,4371225
2021-06-05,btc,-566871131,-11367128,-202470623
2021-06-05,doge,0,0,11255530
2021-06-05,dot,0,0,3247581
2021-06-05,eth,-1092792957,-23853565,18505872
2021-06-05,ltc,0,0,4609814
2021-06-05,xrp,0,0,7160089
2021-06-06,bnb,0,0,27400614
2021-06-06,btc,15394633,1044121,-118392329
2021-06-06,doge,0,0,10316640
2021-06-06,dot,0,0,3170539
2021-06-06,eth,0,0,72517176
2021-06-06,ltc,0,0,3753835
2021-06-06,xrp,0,0,13696013
2021-06-07,bnb,0,0,3456671
2021-06-07,btc,6731397951,-17554436,-43562853
2021-06-07,doge,0,0,30477299
2021-06-07,dot,0,0,3254041
2021-06-07,eth,478674577,-7002464,220204182
2021-06-07,ltc,0,0,7675224
2021-06-07,xrp,0,0,20541682
2021-06-08,bnb,0,0,2867811
2021-06-08,btc,10661374642,-70620054,-45236238
2021-06-08,doge,1735922620,-829769,6948068
2021-06-08,dot,751725728,-470136,2633174
2021-06-08,eth,7405254743,-40294726,-323108
2021-06-08,ltc,0,0,4669361
2021-06-08,xrp,0,0,5647907
2021-06-09,bnb,0,0,6500927
2021-06-09,btc,-4403380739,-38092682,-96336182
2021-06-09,doge,0,-851465,14543297
2021-06-09,dot,0,0,2236161
2021-06-09,eth,1944815014,-33415027,41030772
2021-06-09,ltc,0,0,3466191
2021-06-09,xrp,0,0,3677448
2021-06-10,bnb,1473519636,-1799012,4482550
2021-06-10,btc,-11938328888,-18098632,-50253939
2021-06-10,doge,1015796467,-1417241,5084714
2021-06-10,dot,1671928812,-1780358,5567021
2021-06-10,eth,-258845481,-9653368,16751461
2021-06-10,ltc,1872328650,-2295179,1998286
2021-06-10,xrp,2473511938,-2885783,9557483
2021-06-11,bnb,365448843,-470570,0
2021-06-11,btc,-139423682,6811760,-26052752
2021-06-11,eth,0,-1511055,-12344450
2021-06-12,btc,1910918911,12098970,42124995
2021-06-12,eth,0,-2394218,-66483691
2021-06-13,btc,7325369552,17748804,29455347
2021-06-13,eth,0,0,-34571524
2021-06-14,btc,0,-14988458,26609732
2021-06-14,eth,2081631185,-12962455,-11212744
2021-06-15,btc,0,0,-45446499
2021-06-15,eth,0,-471726,21864663
2021-06-16,btc,1033895254,2081743,-80714968
2021-06-16,eth,0,0,21022630
2021-06-17,btc,2871945945,14176107,-147975748
2021-06-17,eth,2369138131,-3058780,18012248
2021-06-18,btc,5968873423,-5793840,-9294007
2021-06-18,eth,4520559039,-5067667,2366445
2021-06-19,btc,0,3800886,73153687
2021-06-20,btc,-5647392006,30203711,-275896
2021-06-21,btc,-1564240979,-53696325,-6978324
2021-06-21,doge,0,-490354,0
2021-06-21,eth,7331759584,-57404596,1132378
2021-06-22,btc,954663430,-75380406,-44588685
2021-06-22,doge,553978769,-598694,0
2021-06-22,eth,1213179026,-50822332,26664224
2021-06-22,xrp,0,-3058425,1793721
2021-06-23,btc,-6982428179,8921972,-34237752
2021-06-23,eth,-806230722,-7914617,33792060
2021-06-23,xrp,-801708276,-3259291,2274736
2021-06-24,btc,0,-6817328,5545151
2021-06-24,eth,-98863583,-10758684,-77162380
2021-06-25,btc,0,-479489,-2247212
2021-06-25,eth,13992024794,0,-50736763
2021-06-26,btc,-8136975775,-15378034,-15630922
2021-06-26,eth,-1544979290,-18247041,34532825
2021-06-27,btc,0,-607386,-49892582
2021-06-27,eth,0,-6238659,27538334
2021-06-28,btc,-4309341422,2022622,-15691358
2021-06-28,eth,0,-1287843,21144402
2021-06-29,btc,0,0,-15840
2021-06-29,eth,0,0,58436434
2021-06-30,btc,876784368,-3112189,1928
2021-06-30,eth,-8963641913,-14313499,67177445
2021-07-01,btc,2449708107,17109578,-5527107
2021-07-01,eth,-2811132543,-13645603,258784779
2021-07-02,btc,0,0,574706
2021-07-02,eth,-1773108344,-11382222,2073366
2021-07-03,btc,-225391123,26782428,-1654934
2021-07-04,btc,503675614,4578699,-2927504
2021-07-04,eth,0,-10866297,69279509
2021-07-05,btc,-217007709,-7648171,-5881196
2021-07-05,eth,0,-3229626,29967138
2021-07-06,btc,0,0,-13800220
2021-07-06,eth,0,0,39253327
2021-07-07,btc,0,4645039,-8156625
2021-07-07,eth,0,0,113400814
2021-07-08,btc,2238815430,983145,5280664
2021-07-08,eth,4915226445,-12893449,20280394
2021-07-09,btc,37367524,7912030,-9044563
2021-07-09,eth,2275156125,-182251,0
2021-07-10,btc,0,20293120,-29004704
2021-07-11,btc,0,0,-8098873
2021-07-12,btc,-1813763740,51266074,-29075187
2021-07-13,btc,244026211,12561579,-50923583
2021-07-14,btc,341374962,-20472,-58496349
2021-07-15,btc,1354518765,6622018,3248492
2021-07-16,btc,0,0,-19703800
2021-07-17,btc,0,0,-18567925
2021-07-18,btc,706957774,170927,10880000
2021-07-19,btc,0,0,-15640857
2021-07-20,btc,0,0,-8133926
2021-07-21,btc,1184237357,8864033,-1676979
2021-07-22,btc,1146323559,7516569,-6260405
2021-07-23,btc,0,269110,-2310669
2021-07-24,btc,0,0,5192265
2021-07-25,btc,2421831310,-7183839,20646549
2021-07-26,btc,3677642112,-13828786,8484308
2021-07-26,eth,0,-324602,59284761
2021-07-27,btc,-546167124,15125952,-52257123
2021-07-27,eth,2287258726,-8149416,-17239476
2021-07-28,btc,-755042283,10842480,45694269
2021-07-28,eth,0,0,42122392
2021-07-29,btc,0,0,9165401
2021-07-29,eth,0,0,72147149
2021-07-30,btc,1183368002,-2578609,-9501416
2021-07-30,eth,0,0,78871074
2021-07-31,btc,0,0,838959
2021-07-31,eth,0,0,35691349
2021-08-01,btc,0,2367112,8135800
2021-08-01,eth,0,2863990,26268513
2021-08-02,btc,581966985,32097822,-15067692
2021-08-02,eth,0,2291837,46561153
2021-08-02,xrp,0,-3171916,2990480
2021-08-03,btc,424490,19310285,-12034295
2021-08-03,eth,-2805810751,757166,7609292
2021-08-03,xrp,1015252722,-2152390,1451470
2021-08-04,btc,839843907,-75583,-28769733
2021-08-05,btc,3813508816,-24837856,-11144857
2021-08-06,btc,2746427833,9512861,-8827362
2021-08-07,btc,663255499,20536842,-3804882
2021-08-07,eth,1492202663,-6180086,67864868
2021-08-08,btc,-635859136,12900657,25484803
2021-08-08,eth,3605101455,-8934341,96236386
2021-08-09,btc,6973503760,33879478,32479323
2021-08-09,eth,2854834959,-13636656,312837863
2021-08-10,btc,397821882,26077988,39929099
2021-08-10,eth,-522182199,-6098976,216806247
2021-08-11,btc,7087730400,4699306,11830942
2021-08-11,eth,0,0,117081753
2021-08-12,btc,3805924026,21088415,13154985
2021-08-12,eth,-83507023,-4010350,54147798
2021-08-13,btc,293041724,15901976,18023393
2021-08-13,eth,0,-1177102,113051975
2021-08-14,btc,4904224143,-6214388,37278698
2021-08-14,eth,0,0,362125264
2021-08-15,btc,3930116,818023,-13090835
2021-08-15,eth,0,0,48135664
2021-08-16,btc,0,0,13650484
2021-08-16,eth,0,0,245589507
2021-08-17,btc,3362596403,36576862,-9943306
2021-08-17,eth,1591860475,2483380,52718342
2021-08-18,btc,979125089,-2697271,7430144
2021-08-18,eth,2552267845,-16763763,79659071
2021-08-19,btc,0,-491003,-18205251
2021-08-19,eth,910056750,-2992124,0
2021-08-20,btc,4815836975,298682,-24182237
2021-08-21,btc,0,0,-24591425
2021-08-22,btc,297431259,3995954,-26597223
2021-08-23,btc,1325774027,363912,-27976260
2021-08-24,btc,80882574,3964282,-34756646
2021-08-24,eth,591100305,-5311556,142410
2021-08-25,btc,1955054009,-8161360,-8264008
2021-08-25,eth,0,-7208696,8210696
2021-08-26,btc,450689527,-3611635,-31691723
2021-08-26,eth,4007434345,-10559389,9462675
2021-08-27,btc,213800498,398816,-40022560
2021-08-27,eth,0,-3745473,0
2021-08-28,btc,0,0,-27081126
2021-08-28,eth,0,-61412,169791634
2021-08-29,btc,0,-300456,-28931310
2021-08-29,eth,603320790,-3100534,36041431
2021-08-30,btc,0,0,-35602219
2021-08-30,eth,360826580,-1352767,0
2021-08-31,btc,-324529989,-710645,-29512940
2021-09-01,btc,0,1508703,-25185680
2021-09-02,btc,0,2924068,-41709006
2021-09-02,eth,0,-5202847,-193923059
2021-09-03,btc,766057141,749314,-53076029
2021-09-03,eth,2021546812,-3660924,-222821840
2021-09-04,btc,0,0,-66151139
2021-09-04,eth,0,0,-142781674
2021-09-05,btc,0,0,-42181148
2021-09-05,eth,0,0,-97482550
2021-09-06,btc,20934787663,2135949,-35473500
2021-09-06,eth,0,0,-164977457
2021-09-07,btc,-2406753420,-22121917,-3028608
2021-09-07,eth,-2666257922,-13285492,-47361332
2021-09-08,btc,0,934036,45456989
2021-09-08,eth,0,216486,-135569365
2021-09-09,btc,-898747681,-541760,-19603107
2021-09-09,eth,0,0,-205576348
2021-09-10,btc,-1392979170,5533496,-14904126
2021-09-10,eth,0,0,-162523018
2021-09-11,btc,0,0,-12973218
2021-09-11,eth,0,0,-99824782
2021-09-12,btc,0,1201053,-29495301
2021-09-12,eth,42912779,-244325,-109304652
2021-09-13,btc,0,-541480,-7956966
2021-09-13,eth,0,0,-47464946
2021-09-14,btc,2187551066,1846891,-2360608
2021-09-14,eth,0,0,-44788977
2021-09-15,btc,1649880578,-3859426,-15491595
2021-09-15,eth,495005856,-3252724,-49951205
2021-09-16,btc,523437340,930005,-42091138
2021-09-16,eth,0,-2565565,21463222
2021-09-17,btc,866759822,1008057,28057271
2021-09-17,eth,1370369774,-1088826,54562297
2021-09-18,btc,0,-266284,-11664229
2021-09-18,doge,0,217654,8261139
2021-09-18,eth,0,-1723714,24158359
2021-09-18,ltc,0,-407506,2225711
2021-09-18,xrp,0,-281214,4604365
2021-09-19,btc,0,0,-14206728
2021-09-19,doge,0,-66819,2919120
2021-09-19,eth,0,0,24428030
2021-09-19,ltc,0,-60417,2125420
2021-09-19,xrp,0,83350,5102960
2021-09-20,btc,5560347387,8401892,-26729021
2021-09-20,doge,0,0,4835893
2021-09-20,eth,12365558656,-7471856,13820909
2021-09-20,ltc,0,0,2428440
2021-09-20,xrp,0,0,2154050
2021-09-21,btc,2710070735,-720957,10465003
2021-09-21,doge,412906660,-155427,8797582
2021-09-21,eth,793727902,-9680934,21739277
2021-09-21,ltc,479056738,-231619,2101413
2021-09-21,xrp,1324287829,-445392,4193401
2021-09-22,btc,768767938,1392043,-62805474
2021-09-22,doge,0,100889,15466254
2021-09-22,eth,2275915309,-9232784,-51046089
2021-09-22,ltc,0,-358454,2583942
2021-09-22,xrp,0,-808289,19271923
2021-09-23,btc,0,0,-156809360
2021-09-23,doge,0,0,4505201
2021-09-23,eth,0,0,10457685
2021-09-23,ltc,0,0,3870383
2021-09-23,xrp,0,0,6448235
2021-09-24,btc,2997993943,-5702526,-18275782
2021-09-24,doge,0,0,2796115
2021-09-24,eth,4099314930,-11997239,17692649
2021-09-24,ltc,0,0,3664170
2021-09-24,xrp,0,0,4215243
2021-09-25,btc,0,0,-90236094
2021-09-25,doge,0,0,2770724
2021-09-25,eth,67760236,-229480,12060749
2021-09-25,ltc,0,0,3670818
2021-09-25,xrp,0,0,6099699
2021-09-26,btc,2519031655,-3127168,-14723844
2021-09-26,doge,1336038241,-541394,905457
2021-09-26,eth,3509833827,-11778174,-7250391
2021-09-26,ltc,1567130728,-744915,1190425
2021-09-26,xrp,1910376813,-1383538,2000358
2021-09-27,btc,1474275168,1090888,1936221
2021-09-27,eth,1537022876,-1290586,-3669224
2021-09-28,btc,0,0,-1554335
2021-09-29,btc,0,511054,-16552008
2021-09-29,eth,0,-3322808,33134320
2021-09-29,xrp,0,-583714,4741338
2021-09-30,btc,0,0,-2179080
2021-09-30,eth,0,0,147751998
2021-09-30,xrp,0,0,15384544
2021-10-01,btc,0,0,11670781
2021-10-01,eth,0,0,77442283
2021-10-01,xrp,0,0,17809861
2021-10-02,btc,0,0,18819855
2021-10-02,eth,0,0,20069340
2021-10-02,xrp,0,0,10555997
2021-10-03,btc,0,0,17222456
2021-10-03,eth,0,0,20582980
2021-10-03,xrp,0,0,12954157
2021-10-04,btc,0,0,18702809
2021-10-04,eth,0,0,20135940
2021-10-04,xrp,0,0,10924700
2021-10-05,btc,0,0,17960832
2021-10-05,eth,0,0,23095750
2021-10-05,xrp,0,0,13438888
2021-10-06,btc,0,0,11408841
2021-10-06,eth,0,-4125971,47904651
2021-10-06,xrp,0,-1019405,17124428
2021-10-07,btc,0,0,16554880
2021-10-07,eth,0,0,54684294
2021-10-07,xrp,0,0,7941804
2021-10-08,btc,0,0,16491945
2021-10-08,eth,0,0,124115046
2021-10-08,xrp,0,0,24111484
2021-10-09,btc,0,0,16462683
2021-10-09,eth,0,0,58694086
2021-10-09,xrp,0,0,64150014
2021-10-10,btc,0,0,16298460
2021-10-10,eth,0,0,38121495
2021-10-10,xrp,0,0,49097810
2021-10-11,btc,0,0,15848796
2021-10-11,eth,0,0,57346607
2021-10-11,xrp,0,0,40846805
2021-10-12,btc,-4278924656,2365834,31957199
2021-10-12,eth,-997916340,-227384,72762933
2021-10-12,xrp,0,0,29122801
2021-10-13,btc,-4739895414,-998842,18031875
2021-10-13,eth,-657979978,-692804,188915455
2021-10-13,xrp,0,0,25330058
2021-10-14,btc,0,0,29591596
2021-10-14,eth,0,0,249868580
2021-10-14,xrp,0,0,44594718
2021-10-15,btc,0,510616,30641803
2021-10-15,eth,0,-1592899,276140742
2021-10-15,xrp,0,0,53172012
2021-10-16,btc,0,0,39629892
2021-10-16,eth,0,0,236214376
2021-10-16,xrp,0,0,61948333
2021-10-17,btc,0,0,28646021
2021-10-17,eth,0,0,286869611
2021-10-17,xrp,0,0,83634389
2021-10-18,btc,0,0,46769800
2021-10-18,eth,0,0,192263032
2021-10-18,xrp,0,0,68898526
2021-10-19,btc,0,0,19054416
2021-10-19,eth,0,0,266934731
2021-10-19,xrp,0,0,50658929
2021-10-20,btc,-3438159809,1019210,17051246
2021-10-20,eth,-1333111535,62697,113118260
2021-10-20,xrp,0,0,42979275
2021-10-21,btc,-5370697759,3009267,70807539
2021-10-21,eth,-5062354542,-4818983,458884052
2021-10-21,xrp,0,0,68939447
2021-10-22,btc,-1724338921,1513412,9301656
2021-10-22,eth,-2547149238,-1642462,199644180
2021-10-22,xrp,0,0,59804032
2021-10-23,btc,0,0,-9801395
2021-10-23,eth,-40734550,-31125,313235314
2021-10-23,xrp,0,0,63027861
2021-10-24,btc,0,0,-15016145
2021-10-24,eth,0,0,222392340
2021-10-24,xrp,0,0,76846160
2021-10-25,btc,0,0,-9607048
2021-10-25,eth,0,0,240704944
2021-10-25,xrp,0,0,42134229
2021-10-26,btc,0,0,-11936941
2021-10-26,eth,0,0,177213447
2021-10-26,xrp,0,0,60817901
2021-10-27,btc,0,-2567689,-15192933
2021-10-27,eth,0,0,165845236
2021-10-27,xrp,0,0,34010037
2021-10-28,btc,0,0,-17387974
2021-10-28,eth,0,0,160862595
2021-10-28,xrp,0,0,14259045
2021-10-29,btc,1297387251,-116288,-26168509
2021-10-29,eth,0,0,279800629
2021-10-29,xrp,0,0,47795188
2021-10-30,btc,0,0,-15603728
2021-10-30,eth,0,0,283658757
2021-10-30,xrp,0,0,31871875
2021-10-31,btc,617732048,2564649,863126
2021-10-31,eth,0,687948,139311132
2021-10-31,xrp,0,0,27419279
2021-11-01,btc,0,0,7404271
2021-11-01,eth,0,0,183015743
2021-11-01,xrp,0,0,22860109
2021-11-02,btc,0,0,10604978
2021-11-02,eth,0,0,254213969
2021-11-02,xrp,0,0,47493971
2021-11-03,btc,0,0,12630299
2021-11-03,eth,0,0,192587017
2021-11-03,xrp,0,0,53827601
2021-11-04,btc,0,0,4851653
2021-11-04,eth,0,0,256204987
2021-11-04,xrp,0,0,53227023
2021-11-05,btc,0,0,4865223
2021-11-05,eth,-2451992303,869217,93515695
2021-11-05,xrp,0,0,47625747
2021-11-06,btc,0,0,4916755
2021-11-06,eth,0,0,136499948
2021-11-06,xrp,0,0,55419521
2021-11-07,btc,0,0,4819371
2021-11-07,eth,0,0,118039609
2021-11-07,xrp,0,0,31202659
2021-11-08,btc,0,0,11633542
2021-11-08,eth,0,0,177107882
2021-11-08,xrp,0,0,67422557
2021-11-09,btc,-1374691128,-193288,11758685
2021-11-09,eth,0,0,99713809
2021-11-09,xrp,0,0,59777300
2021-11-10,btc,0,2661391,-37388
2021-11-10,eth,0,0,174127261
2021-11-10,xrp,0,0,68686353
2021-11-11,btc,0,0,-13403329
2021-11-11,eth,0,0,103889874
2021-11-11,xrp,0,0,58735191
2021-11-12,btc,0,582370,-9812136
2021-11-12,eth,0,0,76179960
2021-11-12,xrp,0,0,48014412
2021-11-13,btc,0,0,-16129991
2021-11-13,eth,0,0,113102981
2021-11-13,xrp,0,0,36561602
2021-11-14,btc,0,0,-15964273
2021-11-14,eth,0,0,89558876
2021-11-14,xrp,0,0,34886101
2021-11-15,btc,0,0,-15765842
2021-11-15,eth,0,0,89520138
2021-11-15,xrp,0,0,32744391
2021-11-16,btc,-1059644921,621518,-11385153
2021-11-16,eth,-9447722994,-8196922,103815679
2021-11-16,xrp,0,0,25193233
2021-11-17,btc,0,0,-17960044
2021-11-17,eth,-3954266755,-2061129,92061376
2021-11-17,xrp,0,0,30750976
2021-11-18,btc,0,-809597,-18270729
2021-11-18,eth,-3441033120,-7804380,45549517
2021-11-18,xrp,-831304872,-1454327,33411593
2021-11-19,btc,0,0,-26806245
2021-11-20,btc,0,0,-7869486
2021-11-21,btc,0,0,-25928764
2021-11-22,btc,0,0,-26867988
2021-11-23,btc,0,0,-26834315
2021-11-24,btc,0,0,-26981997
2021-11-25,btc,0,0,-26242009
2021-11-26,btc,-169432027,1454644,-34481194
2021-11-26,eth,1123682953,-5673069,42881209
2021-11-27,btc,0,0,-38112662
2021-11-27,eth,0,0,40666104
2021-11-28,btc,-1260103981,313687,-28906065
2021-11-28,eth,670423087,-5187934,0
2021-11-29,btc,-576791953,1179881,-27581792
2021-11-30,btc,-57548903,227675,-25922342
2021-12-01,btc,0,0,-26227749
2021-12-02,btc,0,0,-26643887
2021-12-03,btc,0,0,-26998699
2021-12-04,btc,-8226338494,-1519025,36659820
2021-12-05,btc,0,0,69864482
2021-12-06,btc,-8400008081,121302,15948104
2021-12-07,btc,0,0,59065
2021-12-08,btc,0,0,-85927
2021-12-09,btc,0,0,-87085
2021-12-10,btc,0,0,-79846
2021-12-11,btc,0,0,-46225
2021-12-12,btc,0,0,43365
2021-12-13,btc,0,0,14610
2021-12-14,btc,0,0,-13970
2021-12-15,btc,0,0,-82230
2021-12-16,btc,0,0,-65701
2021-12-17,btc,0,0,-53881
2021-12-18,btc,0,0,-35504
2021-12-19,btc,0,0,-36290
2021-12-20,btc,0,2001222,-2341372
2021-12-21,btc,0,0,-6756305
2021-12-22,btc,382945735,1304868,-3288519
2021-12-23,btc,576602517,-1232536,-1073512
2021-12-24,btc,169606866,-3075526,-3458361
2021-12-25,btc,0,0,-1844916
2021-12-26,btc,0,0,-7350213
2021-12-27,btc,0,0,14129821
2021-12-28,btc,0,0,3272952
2021-12-29,btc,0,0,17888434
2021-12-30,btc,0,0,-3671287
2021-12-31,btc,0,0,5407441
