event,kind,center,horizon_days,metric,before_mean,after_mean,before_observations,after_observations,change
2018-05-24,loss,2018-05-24,1,orders,21.0,25.0,1,1,4.0
2018-05-24,loss,2018-05-24,1,median_order_usd,200000.0,235796.0,1,1,35796.0
2018-05-24,loss,2018-05-24,1,peak_btc_gross_face_usd,400000.0,600000.0,1,1,200000.0
2018-05-24,loss,2018-05-24,1,peak_to_prior_equity,6.748761078271601,13.336733812943306,1,1,6.587972734671705
2018-05-24,loss,2018-05-24,1,btc_short_hours,0.06514002,0.3623909555555555,1,1,0.2972509355555555
2018-05-24,loss,2018-05-24,7,orders,10.571428571428571,13.428571428571429,7,7,2.8571428571428577
2018-05-24,loss,2018-05-24,7,median_order_usd,187642.66666666666,224946.66666666666,6,6,37304.0
2018-05-24,loss,2018-05-24,7,peak_btc_gross_face_usd,302563.85714285716,387758.28571428574,7,7,85194.42857142858
2018-05-24,loss,2018-05-24,7,peak_to_prior_equity,5.485649748441028,8.112989587955566,7,7,2.627339839514538
2018-05-24,loss,2018-05-24,7,btc_short_hours,0.15582378301587302,0.21320254329365082,7,7,0.0573787602777778
2018-05-24,loss,2018-05-24,30,orders,17.5,16.4,30,30,-1.1000000000000014
2018-05-24,loss,2018-05-24,30,median_order_usd,169053.33333333334,169564.04166666666,24,24,510.70833333331393
2018-05-24,loss,2018-05-24,30,peak_btc_gross_face_usd,339519.0,356157.5333333333,30,30,16638.533333333326
2018-05-24,loss,2018-05-24,30,peak_to_prior_equity,8.306630158899113,5.6616514978714125,29,30,-2.6449786610277
2018-05-24,loss,2018-05-24,30,btc_short_hours,0.500571701472222,8.849192452203704,30,30,8.348620750731483
2018-09-22,loss,2018-09-22,1,orders,0.0,0.0,1,1,0.0
2018-09-22,loss,2018-09-22,1,median_order_usd,,,0,0,
2018-09-22,loss,2018-09-22,1,peak_btc_gross_face_usd,1.0,0.0,1,1,-1.0
2018-09-22,loss,2018-09-22,1,peak_to_prior_equity,9.865820961031957e-06,0.0,1,1,-9.865820961031957e-06
2018-09-22,loss,2018-09-22,1,btc_short_hours,24.0,0.0,1,1,-24.0
2018-09-22,loss,2018-09-22,7,orders,4.857142857142857,0.7142857142857143,7,7,-4.142857142857142
2018-09-22,loss,2018-09-22,7,median_order_usd,181372.0,53929.5,2,2,-127442.5
2018-09-22,loss,2018-09-22,7,peak_btc_gross_face_usd,181061.0,28572.14285714286,7,7,-152488.85714285713
2018-09-22,loss,2018-09-22,7,peak_to_prior_equity,1.4459033616840984,1.1572380885126266,7,7,-0.28866527317147184
2018-09-22,loss,2018-09-22,7,btc_short_hours,23.99495189027778,3.7410876510317452,7,7,-20.253864239246035
2018-09-22,loss,2018-09-22,30,orders,15.7,3.9,30,30,-11.799999999999999
2018-09-22,loss,2018-09-22,30,median_order_usd,243761.0909090909,200982.375,22,8,-42778.71590909091
2018-09-22,loss,2018-09-22,30,peak_btc_gross_face_usd,676360.1,142259.16666666666,30,30,-534100.9333333333
2018-09-22,loss,2018-09-22,30,peak_to_prior_equity,3.7813245756616305,2.022885605204788,30,30,-1.7584389704568424
2018-09-22,loss,2018-09-22,30,btc_short_hours,19.10483256988889,9.94160411474074,30,30,-9.163228455148152
2018-12-18,loss,2018-12-18,1,orders,44.0,86.0,1,1,42.0
2018-12-18,loss,2018-12-18,1,median_order_usd,350000.0,350000.0,1,1,0.0
2018-12-18,loss,2018-12-18,1,peak_btc_gross_face_usd,1594230.0,2452074.0,1,1,857844.0
2018-12-18,loss,2018-12-18,1,peak_to_prior_equity,4.21493203987695,6.503025722401495,1,1,2.2880936825245453
2018-12-18,loss,2018-12-18,1,btc_short_hours,16.216811129166665,9.79164789472222,1,1,-6.425163234444446
2018-12-18,loss,2018-12-18,7,orders,34.285714285714285,72.0,7,7,37.714285714285715
2018-12-18,loss,2018-12-18,7,median_order_usd,294055.5,333324.21428571426,7,7,39268.71428571426
2018-12-18,loss,2018-12-18,7,peak_btc_gross_face_usd,1033792.8571428572,1683003.4285714286,7,7,649210.5714285715
2018-12-18,loss,2018-12-18,7,peak_to_prior_equity,2.7893432814048515,3.929494399586733,7,7,1.1401511181818815
2018-12-18,loss,2018-12-18,7,btc_short_hours,15.043949408293653,16.95191385865079,7,7,1.907964450357138
2018-12-18,loss,2018-12-18,30,orders,55.7,24.666666666666668,30,30,-31.033333333333335
2018-12-18,loss,2018-12-18,30,median_order_usd,250733.23333333334,339180.22222222225,30,27,88446.98888888891
2018-12-18,loss,2018-12-18,30,peak_btc_gross_face_usd,1045391.0666666667,1077416.7666666666,30,30,32025.699999999953
2018-12-18,loss,2018-12-18,30,peak_to_prior_equity,3.674064884490584,2.3344490338413992,30,30,-1.3396158506491846
2018-12-18,loss,2018-12-18,30,btc_short_hours,13.550960455814817,19.728730015166665,30,30,6.177769559351848
2019-04-02,loss,2019-04-02,1,orders,1.0,76.0,1,1,75.0
2019-04-02,loss,2019-04-02,1,median_order_usd,700000.0,600000.0,1,1,-100000.0
2019-04-02,loss,2019-04-02,1,peak_btc_gross_face_usd,1400137.0,3049378.0,1,1,1649241.0
2019-04-02,loss,2019-04-02,1,peak_to_prior_equity,1.786076567786493,4.621666563017541,1,1,2.8355899952310484
2019-04-02,loss,2019-04-02,1,btc_short_hours,24.0,7.364018627777779,1,1,-16.635981372222222
2019-04-02,loss,2019-04-02,7,orders,4.0,28.714285714285715,7,7,24.714285714285715
2019-04-02,loss,2019-04-02,7,median_order_usd,599939.6666666666,629192.0,6,7,29252.333333333372
2019-04-02,loss,2019-04-02,7,peak_btc_gross_face_usd,1331957.142857143,2129225.5714285714,7,7,797268.4285714284
2019-04-02,loss,2019-04-02,7,peak_to_prior_equity,1.7775377090471864,2.8275932708768687,7,7,1.0500555618296823
2019-04-02,loss,2019-04-02,7,btc_short_hours,18.491253571309525,8.750755848531746,7,7,-9.740497722777778
2019-04-02,loss,2019-04-02,30,orders,4.1,25.2,30,30,21.1
2019-04-02,loss,2019-04-02,30,median_order_usd,502808.847826087,667446.3,23,30,164637.45217391307
2019-04-02,loss,2019-04-02,30,peak_btc_gross_face_usd,978824.3333333334,2581235.1333333333,30,30,1602410.7999999998
2019-04-02,loss,2019-04-02,30,peak_to_prior_equity,1.3774901851226171,3.054224192355332,30,30,1.676734007232715
2019-04-02,loss,2019-04-02,30,btc_short_hours,20.818368581175932,14.573948562916666,30,30,-6.244420018259266
2019-04-02,matched_control,2019-12-31,1,orders,0.0,2.0,1,1,2.0
2019-04-02,matched_control,2019-12-31,1,median_order_usd,,2500000.0,0,1,
2019-04-02,matched_control,2019-12-31,1,peak_btc_gross_face_usd,254.0,2500254.0,1,1,2500000.0
2019-04-02,matched_control,2019-12-31,1,peak_to_prior_equity,9.11112286239309e-05,0.9192464236977756,1,1,0.9191553124691517
2019-04-02,matched_control,2019-12-31,1,btc_short_hours,0.0,0.0,1,1,0.0
2019-04-02,matched_control,2019-12-31,7,orders,2.4285714285714284,9.714285714285714,7,7,7.285714285714285
2019-04-02,matched_control,2019-12-31,7,median_order_usd,1901686.4,1653058.5714285714,5,7,-248627.82857142854
2019-04-02,matched_control,2019-12-31,7,peak_btc_gross_face_usd,1786823.142857143,3931694.5714285714,7,7,2144871.428571428
2019-04-02,matched_control,2019-12-31,7,peak_to_prior_equity,0.6478035615891412,1.3733982955427617,7,7,0.7255947339536205
2019-04-02,matched_control,2019-12-31,7,btc_short_hours,6.482659813809524,10.756766808968255,7,7,4.274106995158731
2019-04-02,matched_control,2019-12-31,30,orders,6.8,10.6,30,30,3.8
2019-04-02,matched_control,2019-12-31,30,median_order_usd,1585703.9347826086,1354678.2777777778,23,27,-231025.6570048309
2019-04-02,matched_control,2019-12-31,30,peak_btc_gross_face_usd,2840042.6666666665,3971434.5,30,30,1131391.8333333335
2019-04-02,matched_control,2019-12-31,30,peak_to_prior_equity,1.1096190749960881,1.2071285932793805,30,30,0.09750951828329235
2019-04-02,matched_control,2019-12-31,30,btc_short_hours,13.796428847314816,15.366533885092593,30,30,1.5701050377777772
2019-10-26,loss,2019-10-26,1,orders,6.0,17.0,1,1,11.0
2019-10-26,loss,2019-10-26,1,median_order_usd,2000000.0,1103147.0,1,1,-896853.0
2019-10-26,loss,2019-10-26,1,peak_btc_gross_face_usd,6000503.0,4000503.0,1,1,-2000000.0
2019-10-26,loss,2019-10-26,1,peak_to_prior_equity,3.1760740331763335,2.0508775996474267,1,1,-1.1251964335289069
2019-10-26,loss,2019-10-26,1,btc_short_hours,24.0,8.317774636666666,1,1,-15.682225363333334
2019-10-26,loss,2019-10-26,7,orders,1.7142857142857142,5.571428571428571,7,7,3.8571428571428568
2019-10-26,loss,2019-10-26,7,median_order_usd,1800100.0,1214552.5,5,5,-585547.5
2019-10-26,loss,2019-10-26,7,peak_btc_gross_face_usd,2000503.0,2014577.2857142857,7,7,14074.285714285681
2019-10-26,loss,2019-10-26,7,peak_to_prior_equity,1.0774968634571076,0.9833428967746828,7,7,-0.09415396668242482
2019-10-26,loss,2019-10-26,7,btc_short_hours,24.0,2.7375301943253967,7,7,-21.262469805674602
2019-10-26,loss,2019-10-26,30,orders,3.1,5.133333333333334,30,30,2.0333333333333337
2019-10-26,loss,2019-10-26,30,median_order_usd,1769939.775,1553335.75,20,20,-216604.0249999999
2019-10-26,loss,2019-10-26,30,peak_btc_gross_face_usd,2152445.4,2030226.4666666666,30,30,-122218.93333333335
2019-10-26,loss,2019-10-26,30,peak_to_prior_equity,1.1887893863166712,1.026089314164231,30,30,-0.1627000721524401
2019-10-26,loss,2019-10-26,30,btc_short_hours,18.87343627650926,15.825358705129627,30,30,-3.0480775713796326
2019-10-26,matched_control,2019-08-04,1,orders,6.0,14.0,1,1,8.0
2019-10-26,matched_control,2019-08-04,1,median_order_usd,500000.0,393044.5,1,1,-106955.5
2019-10-26,matched_control,2019-08-04,1,peak_btc_gross_face_usd,2000408.0,2001408.0,1,1,1000.0
2019-10-26,matched_control,2019-08-04,1,peak_to_prior_equity,1.1461189675825842,1.0681691209647117,1,1,-0.07794984661787252
2019-10-26,matched_control,2019-08-04,1,btc_short_hours,10.98292239111111,8.963802135277776,1,1,-2.019120255833334
2019-10-26,matched_control,2019-08-04,7,orders,3.7142857142857144,8.571428571428571,7,7,4.857142857142857
2019-10-26,matched_control,2019-08-04,7,median_order_usd,1750000.0,1495605.0,6,5,-254395.0
2019-10-26,matched_control,2019-08-04,7,peak_btc_gross_face_usd,2571862.8571428573,3143530.285714286,7,7,571667.4285714286
2019-10-26,matched_control,2019-08-04,7,peak_to_prior_equity,1.47487950698967,1.4756091572145849,7,7,0.0007296502249147796
2019-10-26,matched_control,2019-08-04,7,btc_short_hours,18.962751372142858,5.0497672725,7,7,-13.912984099642859
2019-10-26,matched_control,2019-08-04,30,orders,6.766666666666667,7.6,30,30,0.833333333333333
2019-10-26,matched_control,2019-08-04,30,median_order_usd,1818910.9791666667,1797075.956521739,24,23,-21835.022644927725
2019-10-26,matched_control,2019-08-04,30,peak_btc_gross_face_usd,3028437.7333333334,3267194.4,30,30,238756.6666666665
2019-10-26,matched_control,2019-08-04,30,peak_to_prior_equity,1.5720627532710927,1.5949951523147976,30,30,0.02293239904370492
2019-10-26,matched_control,2019-08-04,30,btc_short_hours,20.26000182548148,14.153681083703704,30,30,-6.106320741777777
2020-04-03,loss,2020-04-03,1,orders,2.0,0.0,1,1,-2.0
2020-04-03,loss,2020-04-03,1,median_order_usd,2000000.0,,1,0,
2020-04-03,loss,2020-04-03,1,peak_btc_gross_face_usd,4000315.0,6000189.0,1,1,1999874.0
2020-04-03,loss,2020-04-03,1,peak_to_prior_equity,0.9972424640906447,1.6973977248410144,1,1,0.7001552607503697
2020-04-03,loss,2020-04-03,1,btc_short_hours,24.0,24.0,1,1,0.0
2020-04-03,loss,2020-04-03,7,orders,6.571428571428571,5.0,7,7,-1.5714285714285712
2020-04-03,loss,2020-04-03,7,median_order_usd,945596.2142857143,1347967.8,7,5,402371.5857142857
2020-04-03,loss,2020-04-03,7,peak_btc_gross_face_usd,5433129.571428572,7714658.0,7,7,2281528.428571428
2020-04-03,loss,2020-04-03,7,peak_to_prior_equity,1.5062912796335348,2.2204857133837352,7,7,0.7141944337502004
2020-04-03,loss,2020-04-03,7,btc_short_hours,23.038331916111108,24.0,7,7,0.9616680838888918
2020-04-03,loss,2020-04-03,30,orders,23.5,6.633333333333334,30,30,-16.866666666666667
2020-04-03,loss,2020-04-03,30,median_order_usd,1038665.0,1702131.0454545454,27,22,663466.0454545454
2020-04-03,loss,2020-04-03,30,peak_btc_gross_face_usd,5126136.033333333,5175188.0,30,30,49051.96666666679
2020-04-03,loss,2020-04-03,30,peak_to_prior_equity,1.5186241335958974,1.3428743955114122,30,30,-0.17574973808448524
2020-04-03,loss,2020-04-03,30,btc_short_hours,21.73639603955555,15.148624576305556,30,30,-6.587771463249995
2020-10-21,loss,2020-10-21,1,orders,4.0,15.0,1,1,11.0
2020-10-21,loss,2020-10-21,1,median_order_usd,3490522.5,2161000.0,1,1,-1329522.5
2020-10-21,loss,2020-10-21,1,peak_btc_gross_face_usd,30000915.0,15000858.0,1,1,-15000057.0
2020-10-21,loss,2020-10-21,1,peak_to_prior_equity,4.1593787123855,2.240531513044322,1,1,-1.9188471993411782
2020-10-21,loss,2020-10-21,1,btc_short_hours,24.000000000000004,20.928895863055555,1,1,-3.0711041369444487
2020-10-21,loss,2020-10-21,7,orders,3.7142857142857144,6.142857142857143,7,7,2.428571428571429
2020-10-21,loss,2020-10-21,7,median_order_usd,3299555.1,2147003.3333333335,5,3,-1152551.7666666666
2020-10-21,loss,2020-10-21,7,peak_btc_gross_face_usd,15429015.714285715,12607163.857142856,7,7,-2821851.857142858
2020-10-21,loss,2020-10-21,7,peak_to_prior_equity,2.08087853332033,1.8611516420938183,7,7,-0.21972689122651157
2020-10-21,loss,2020-10-21,7,btc_short_hours,13.362293509087303,7.320252346746032,7,7,-6.042041162341271
2020-10-21,loss,2020-10-21,30,orders,3.466666666666667,13.1,30,30,9.633333333333333
2020-10-21,loss,2020-10-21,30,median_order_usd,2950309.411764706,3271992.0,17,19,321682.588235294
2020-10-21,loss,2020-10-21,30,peak_btc_gross_face_usd,9700646.8,13826749.366666667,30,30,4126102.5666666664
2020-10-21,loss,2020-10-21,30,peak_to_prior_equity,1.3374162944188792,1.6781029992199419,30,30,0.34068670480106267
2020-10-21,loss,2020-10-21,30,btc_short_hours,17.629320659324076,11.221783568379628,30,30,-6.407537090944448
2020-10-21,matched_control,2020-07-23,1,orders,8.0,1.0,1,1,-7.0
2020-10-21,matched_control,2020-07-23,1,median_order_usd,1500000.0,3000000.0,1,1,1500000.0
2020-10-21,matched_control,2020-07-23,1,peak_btc_gross_face_usd,3000451.0,3000451.0,1,1,0.0
2020-10-21,matched_control,2020-07-23,1,peak_to_prior_equity,0.5781045205091374,0.5399906559382438,1,1,-0.03811386457089361
2020-10-21,matched_control,2020-07-23,1,btc_short_hours,7.642425130555555,0.0,1,1,-7.642425130555555
2020-10-21,matched_control,2020-07-23,7,orders,1.1428571428571428,8.571428571428571,7,7,7.428571428571429
2020-10-21,matched_control,2020-07-23,7,median_order_usd,1500000.0,2875000.0,1,6,1375000.0
2020-10-21,matched_control,2020-07-23,7,peak_btc_gross_face_usd,429001.0,8146184.142857143,7,7,7717183.142857143
2020-10-21,matched_control,2020-07-23,7,peak_to_prior_equity,0.08265653879031813,1.3077913123562475,7,7,1.2251347735659293
2020-10-21,matched_control,2020-07-23,7,btc_short_hours,21.663203590079366,10.452395233492064,7,7,-11.210808356587302
2020-10-21,matched_control,2020-07-23,30,orders,2.6666666666666665,8.233333333333333,30,30,5.566666666666666
2020-10-21,matched_control,2020-07-23,30,median_order_usd,2079105.1764705882,2754863.8541666665,17,24,675758.6776960783
2020-10-21,matched_control,2020-07-23,30,peak_btc_gross_face_usd,4916584.9,10521072.633333333,30,30,5604487.733333332
2020-10-21,matched_control,2020-07-23,30,peak_to_prior_equity,0.9281594340658084,1.4664735170562335,30,30,0.5383140829904252
2020-10-21,matched_control,2020-07-23,30,btc_short_hours,14.301710176092595,11.351567590277778,30,30,-2.9501425858148167
2020-12-28,loss,2020-12-28,1,orders,0.0,2.0,1,1,2.0
2020-12-28,loss,2020-12-28,1,median_order_usd,,5000000.0,0,1,
2020-12-28,loss,2020-12-28,1,peak_btc_gross_face_usd,27946004.0,10001840.0,1,1,-17944164.0
2020-12-28,loss,2020-12-28,1,peak_to_prior_equity,1.914003728162616,0.7062041570416858,1,1,-1.2077995711209302
2020-12-28,loss,2020-12-28,1,btc_short_hours,24.0,24.0,1,1,0.0
2020-12-28,loss,2020-12-28,7,orders,8.857142857142858,6.857142857142857,7,7,-2.000000000000001
2020-12-28,loss,2020-12-28,7,median_order_usd,5000000.0,5800000.0,5,5,800000.0
2020-12-28,loss,2020-12-28,7,peak_btc_gross_face_usd,25172575.714285713,14986689.0,7,7,-10185886.714285713
2020-12-28,loss,2020-12-28,7,peak_to_prior_equity,1.809077221073618,0.9809452937334605,7,7,-0.8281319273401574
2020-12-28,loss,2020-12-28,7,btc_short_hours,16.426094230238096,18.106238255714285,7,7,1.6801440254761886
2020-12-28,loss,2020-12-28,30,orders,8.833333333333334,11.733333333333333,30,30,2.8999999999999986
2020-12-28,loss,2020-12-28,30,median_order_usd,5146509.083333333,5178703.703703703,24,27,32194.620370370336
2020-12-28,loss,2020-12-28,30,peak_btc_gross_face_usd,18564598.033333335,26247254.033333335,30,30,7682656.0
2020-12-28,loss,2020-12-28,30,peak_to_prior_equity,1.4982778896886693,1.2515817596417873,30,30,-0.24669613004688196
2020-12-28,loss,2020-12-28,30,btc_short_hours,11.472942297685185,14.871484831537037,30,30,3.3985425338518525
2021-05-20,loss,2021-05-20,1,orders,25.0,5.0,1,1,-20.0
2021-05-20,loss,2021-05-20,1,median_order_usd,5000000.0,5000000.0,1,1,0.0
2021-05-20,loss,2021-05-20,1,peak_btc_gross_face_usd,29721673.0,10130409.0,1,1,-19591264.0
2021-05-20,loss,2021-05-20,1,peak_to_prior_equity,1.0916149002024107,0.6468560712252194,1,1,-0.4447588289771913
2021-05-20,loss,2021-05-20,1,btc_short_hours,24.0,14.629004634444446,1,1,-9.370995365555554
2021-05-20,loss,2021-05-20,7,orders,12.285714285714286,2.857142857142857,7,7,-9.428571428571429
2021-05-20,loss,2021-05-20,7,median_order_usd,4641000.0,5772007.8,5,5,1131007.7999999998
2021-05-20,loss,2021-05-20,7,peak_btc_gross_face_usd,21765016.42857143,16088224.142857144,7,7,-5676792.285714285
2021-05-20,loss,2021-05-20,7,peak_to_prior_equity,0.872906237540701,0.7368711537009102,7,7,-0.1360350838397908
2021-05-20,loss,2021-05-20,7,btc_short_hours,16.91111423984127,8.600591977142857,7,7,-8.310522262698415
2021-05-20,loss,2021-05-20,30,orders,8.566666666666666,11.133333333333333,30,30,2.5666666666666664
2021-05-20,loss,2021-05-20,30,median_order_usd,5871391.090909091,5641159.0,22,27,-230232.09090909082
2021-05-20,loss,2021-05-20,30,peak_btc_gross_face_usd,35386416.3,45268128.833333336,30,30,9881712.533333339
2021-05-20,loss,2021-05-20,30,peak_to_prior_equity,1.0574503603642447,1.139863653788224,30,30,0.0824132934239794
2021-05-20,loss,2021-05-20,30,btc_short_hours,16.248216718416664,14.734309391203704,30,30,-1.5139073272129604
2021-05-20,matched_control,2021-07-22,1,orders,0.0,2.0,1,1,2.0
2021-05-20,matched_control,2021-07-22,1,median_order_usd,,5549900.0,0,1,
2021-05-20,matched_control,2021-07-22,1,peak_btc_gross_face_usd,53021200.0,51108600.0,1,1,-1912600.0
2021-05-20,matched_control,2021-07-22,1,peak_to_prior_equity,1.63011175846227,1.429665200819917,1,1,-0.20044655764235286
2021-05-20,matched_control,2021-07-22,1,btc_short_hours,0.0,0.0,1,1,0.0
2021-05-20,matched_control,2021-07-22,7,orders,0.42857142857142855,11.428571428571429,7,7,11.0
2021-05-20,matched_control,2021-07-22,7,median_order_usd,8333333.333333333,6109980.0,3,5,-2223353.333333333
2021-05-20,matched_control,2021-07-22,7,peak_btc_gross_face_usd,63735485.71428572,82539071.42857143,7,7,18803585.714285716
2021-05-20,matched_control,2021-07-22,7,peak_to_prior_equity,1.8551463031943174,1.9042378769828396,7,7,0.04909157378852225
2021-05-20,matched_control,2021-07-22,7,btc_short_hours,0.0,8.112799862142856,7,7,8.112799862142856
2021-05-20,matched_control,2021-07-22,30,orders,5.666666666666667,9.3,30,30,3.6333333333333337
2021-05-20,matched_control,2021-07-22,30,median_order_usd,6910756.818181818,5570237.5,22,24,-1340519.3181818184
2021-05-20,matched_control,2021-07-22,30,peak_btc_gross_face_usd,61962780.0,83801590.0,30,30,21838810.0
2021-05-20,matched_control,2021-07-22,30,peak_to_prior_equity,1.6835477716325105,1.6439617584912705,30,30,-0.039586013141239995
2021-05-20,matched_control,2021-07-22,30,btc_short_hours,1.2313509800462965,10.822678275120373,30,30,9.591327295074077
