date,loss_btc,hours_to_next_abs_increase,hours_to_next_sign_reversal,ledger_recovery_days,recovered_by_export_end,recovered_within30d
2018-05-24,-4.77220696,0.9646895888888889,1.3054140038888888,18,True,True
2018-09-22,-15.74562129,36.064088328055554,41.50213249694445,54,True,False
2018-12-18,-30.05990558,1.5007759563888887,1.8383468577777777,7,True,True
2019-04-02,-74.76784228,2.1745428438888887,2.1723929402777777,20,True,True
2019-10-26,-45.20525995,27.682225363333334,27.682225363333334,27,True,True
2020-04-03,-110.02862944,77.87796156027778,310.63240775,37,True,False
2020-10-21,-146.1261631,2.3726145391666664,2.361627235,15,True,True
2020-12-28,-129.99868839,8.903770937777779,8.903768455277778,17,True,True
2021-05-20,-281.83947272,0.28600564527777783,4.251830515277778,6,True,True
