date,Deposit,RealisedPNL,Withdrawal,ledger_balance_sat,reported_last_balance_sat,daily_snapshot_residual_sat,cumulative_realised_sat
2018-03-05,17244633,-1910004,0,15334629,15334629.0,0.0,-1910004
2018-03-06,0,-6358364,0,8976265,8976265.0,0.0,-8268368
2018-03-07,0,-1547227,0,7429038,7429038.0,0.0,-9815595
2018-03-08,0,4735248,0,12164286,12164286.0,0.0,-5080347
2018-03-09,0,3630907,0,15795193,15795193.0,0.0,-1449440
2018-03-10,0,-6403106,0,9392087,9392087.0,0.0,-7852546
2018-03-11,0,-3507086,0,5885001,5885001.0,0.0,-11359632
2018-03-12,4950000,4152832,0,14987833,14987833.0,0.0,-7206800
2018-03-13,41000000,-21090265,0,34897568,34897568.0,0.0,-28297065
2018-03-14,41817608,-31394156,0,45321020,45321020.0,0.0,-59691221
2018-03-15,0,32075933,0,77396953,77396953.0,0.0,-27615288
2018-03-16,0,49775425,0,127172378,127172378.0,0.0,22160137
2018-03-17,0,22969383,0,150141761,150141761.0,0.0,45129520
2018-03-18,0,0,0,150141761,,,45129520
2018-03-19,0,8837371,0,158979132,158979132.0,0.0,53966891
2018-03-20,116503238,116909836,0,392392206,392392206.0,0.0,170876727
2018-03-21,0,-244125250,0,148266956,148266956.0,0.0,-73248523
2018-03-22,0,48534757,-196801713,0,0.0,0.0,-24713766
2018-03-23,0,0,0,0,,,-24713766
2018-03-24,0,0,0,0,,,-24713766
2018-03-25,0,0,0,0,,,-24713766
2018-03-26,0,0,0,0,,,-24713766
2018-03-27,0,0,0,0,,,-24713766
2018-03-28,0,0,0,0,,,-24713766
2018-03-29,100000000,-4377354,0,95622646,95622646.0,0.0,-29091120
2018-03-30,76368181,69164967,-20120000,221035794,221035794.0,0.0,40073847
2018-03-31,0,35301483,-20120000,236217277,236217277.0,0.0,75375330
2018-04-01,0,-63704170,0,172513107,172513107.0,0.0,11671160
2018-04-02,0,-51328951,0,121184156,121184156.0,0.0,-39657791
2018-04-03,29950000,-66220734,0,84913422,84913422.0,0.0,-105878525
2018-04-04,0,3698744,0,88612166,88612166.0,0.0,-102179781
2018-04-05,0,12407124,0,101019290,101019290.0,0.0,-89772657
2018-04-06,0,28374013,0,129393303,129393303.0,0.0,-61398644
2018-04-07,0,-3974904,0,125418399,125418399.0,0.0,-65373548
2018-04-08,0,54105,0,125472504,125472504.0,0.0,-65319443
2018-04-09,0,27955181,0,153427685,153427685.0,0.0,-37364262
2018-04-10,0,14896990,0,168324675,168324675.0,0.0,-22467272
2018-04-11,0,0,0,168324675,,,-22467272
2018-04-12,0,632753,0,168957428,168957428.0,0.0,-21834519
2018-04-13,0,4830097,0,173787525,173787525.0,0.0,-17004422
2018-04-14,0,56330627,0,230118152,230118152.0,0.0,39326205
2018-04-15,0,-74601730,0,155516422,155516422.0,0.0,-35275525
2018-04-16,43400664,45716144,0,244633230,244633230.0,0.0,10440619
2018-04-17,0,102594189,0,347227419,347227419.0,0.0,113034808
2018-04-18,0,86710942,-100120000,333818361,333818361.0,0.0,199745750
2018-04-19,0,-120570108,0,213248253,213248253.0,0.0,79175642
2018-04-20,0,37481502,0,250729755,250729755.0,0.0,116657144
2018-04-21,0,37951682,0,288681437,288681437.0,0.0,154608826
2018-04-22,0,7038462,0,295719899,295719899.0,0.0,161647288
2018-04-23,0,16402756,0,312122655,312122655.0,0.0,178050044
2018-04-24,0,90605724,-100120000,302608379,302608379.0,0.0,268655768
2018-04-25,0,2089855,-50160000,254538234,254538234.0,0.0,270745623
2018-04-26,0,170204947,0,424743181,424743181.0,0.0,440950570
2018-04-27,0,1718121,-100120000,326341302,380937178.0,54595876.0,442668691
2018-04-28,0,54595876,0,380937178,481057178.0,100120000.0,497264567
2018-04-29,0,32282445,0,413219623,413219623.0,0.0,529547012
2018-04-30,0,496625,0,413716248,413716248.0,0.0,530043637
2018-05-01,0,0,0,413716248,,,530043637
2018-05-02,0,3889155,0,417605403,417605403.0,0.0,533932792
2018-05-03,0,0,0,417605403,,,533932792
2018-05-04,0,-5442717,0,412162686,412162686.0,0.0,528490075
2018-05-05,0,0,0,412162686,,,528490075
2018-05-06,0,2585069,0,414747755,414747755.0,0.0,531075144
2018-05-07,0,48768999,0,463516754,463516754.0,0.0,579844143
2018-05-08,0,0,0,463516754,,,579844143
2018-05-09,0,43508290,0,507025044,507025044.0,0.0,623352433
2018-05-10,0,0,0,507025044,,,623352433
2018-05-11,0,44995330,0,552020374,552020374.0,0.0,668347763
2018-05-12,0,214067210,-200120000,565967584,565967584.0,0.0,882414973
2018-05-13,0,9434026,0,575401610,575401610.0,0.0,891848999
2018-05-14,0,9101193,0,584502803,584502803.0,0.0,900950192
2018-05-15,0,4451860,0,588954663,588954663.0,0.0,905402052
2018-05-16,0,87982015,0,676936678,676936678.0,0.0,993384067
2018-05-17,0,13314440,0,690251118,690251118.0,0.0,1006698507
2018-05-18,0,0,0,690251118,,,1006698507
2018-05-19,0,7105035,0,697356153,697356153.0,0.0,1013803542
2018-05-20,0,10117951,0,707474104,707474104.0,0.0,1023921493
2018-05-21,0,-1761548,0,705712556,705712556.0,0.0,1022159945
2018-05-22,0,8576357,0,714288913,714288913.0,0.0,1030736302
2018-05-23,0,-67982827,0,646306086,646306086.0,0.0,962753475
2018-05-24,345955101,-477220696,0,515040491,515040491.0,0.0,485532779
2018-05-25,0,45044602,0,560085093,560085093.0,0.0,530577381
2018-05-26,0,139148098,0,699233191,699233191.0,0.0,669725479
2018-05-27,0,-18900711,0,680332480,680332480.0,0.0,650824768
2018-05-28,0,-11788962,0,668543518,668543518.0,0.0,639035806
2018-05-29,0,6082273,0,674625791,674625791.0,0.0,645118079
2018-05-30,0,51943196,0,726568987,726568987.0,0.0,697061275
2018-05-31,0,42819050,0,769388037,769388037.0,0.0,739880325
2018-06-01,0,46473340,0,815861377,815861377.0,0.0,786353665
2018-06-02,0,3,0,815861380,815861380.0,0.0,786353668
2018-06-03,0,-576007,0,815285373,815285373.0,0.0,785777661
2018-06-04,0,35496090,0,850781463,850781463.0,0.0,821273751
2018-06-05,0,47414512,0,898195975,898195975.0,0.0,868688263
2018-06-06,0,7865738,0,906061713,906061713.0,0.0,876554001
2018-06-07,0,20136839,0,926198552,926198552.0,0.0,896690840
2018-06-08,0,7,0,926198559,926198559.0,0.0,896690847
2018-06-09,0,7,0,926198566,926198566.0,0.0,896690854
2018-06-10,0,24721342,0,950919908,950919908.0,0.0,921412196
2018-06-11,0,49844140,0,1000764048,1000764048.0,0.0,971256336
2018-06-12,0,-2267319,0,998496729,998496729.0,0.0,968989017
2018-06-13,0,26878917,0,1025375646,1025375646.0,0.0,995867934
2018-06-14,0,31233244,0,1056608890,1056608890.0,0.0,1027101178
2018-06-15,0,63469436,0,1120078326,1120078326.0,0.0,1090570614
2018-06-16,0,85348917,0,1205427243,1205427243.0,0.0,1175919531
2018-06-17,0,52639970,0,1258067213,1258067213.0,0.0,1228559501
2018-06-18,0,7339679,0,1265406892,1265406892.0,0.0,1235899180
2018-06-19,0,22027903,0,1287434795,1287434795.0,0.0,1257927083
2018-06-20,0,28249089,0,1315683884,1315683884.0,0.0,1286176172
2018-06-21,0,40081915,0,1355765799,1355765799.0,0.0,1326258087
2018-06-22,0,29964149,0,1385729948,1385729948.0,0.0,1356222236
2018-06-23,0,115825039,0,1501554987,1501554987.0,0.0,1472047275
2018-06-24,0,-213880254,0,1287674733,1287674733.0,0.0,1258167021
2018-06-25,0,90406762,0,1378081495,1378081495.0,0.0,1348573783
2018-06-26,0,67715760,0,1445797255,1445797255.0,0.0,1416289543
2018-06-27,0,12287194,0,1458084449,1458084449.0,0.0,1428576737
2018-06-28,0,128884415,0,1586968864,1586968864.0,0.0,1557461152
2018-06-29,0,-378853013,0,1208115851,1208115851.0,0.0,1178608139
2018-06-30,0,137006532,0,1345122383,1345122383.0,0.0,1315614671
2018-07-01,0,18494111,0,1363616494,1363616494.0,0.0,1334108782
2018-07-02,0,17005042,0,1380621536,1380621536.0,0.0,1351113824
2018-07-03,0,193461853,0,1574083389,1574083389.0,0.0,1544575677
2018-07-04,0,111810444,0,1685893833,1685893833.0,0.0,1656386121
2018-07-05,0,10110916,0,1696004749,1696004749.0,0.0,1666497037
2018-07-06,0,599025,0,1696603774,1696603774.0,0.0,1667096062
2018-07-07,0,294988,0,1696898762,1696898762.0,0.0,1667391050
2018-07-08,0,48093208,0,1744991970,1744991970.0,0.0,1715484258
2018-07-09,0,3814925,0,1748806895,1748806895.0,0.0,1719299183
2018-07-10,0,-77710455,0,1671096440,1671096440.0,0.0,1641588728
2018-07-11,0,-18626149,0,1652470291,1652470291.0,0.0,1622962579
2018-07-12,0,-13600159,0,1638870132,1638870132.0,0.0,1609362420
2018-07-13,0,73325320,0,1712195452,1712195452.0,0.0,1682687740
2018-07-14,0,92494847,0,1804690299,1804690299.0,0.0,1775182587
2018-07-15,0,2934778,0,1807625077,1807625077.0,0.0,1778117365
2018-07-16,0,8860860,0,1816485937,1816485937.0,0.0,1786978225
2018-07-17,0,85131297,0,1901617234,1901617234.0,0.0,1872109522
2018-07-18,0,-478460196,0,1423157038,1423157038.0,0.0,1393649326
2018-07-19,0,412651060,0,1835808098,1835808098.0,0.0,1806300386
2018-07-20,0,177399674,0,2013207772,2013207772.0,0.0,1983700060
2018-07-21,0,-246103513,0,1767104259,1767104259.0,0.0,1737596547
2018-07-22,0,27340749,0,1794445008,1794445008.0,0.0,1764937296
2018-07-23,0,65973027,0,1860418035,1860418035.0,0.0,1830910323
2018-07-24,0,275459545,0,2135877580,2135877580.0,0.0,2106369868
2018-07-25,0,224464377,0,2360341957,2360341957.0,0.0,2330834245
2018-07-26,0,81439139,0,2441781096,2441781096.0,0.0,2412273384
2018-07-27,0,229222686,0,2671003782,2671003782.0,0.0,2641496070
2018-07-28,0,17424890,-400120000,2288308672,2288308672.0,0.0,2658920960
2018-07-29,0,45823124,0,2334131796,2334131796.0,0.0,2704744084
2018-07-30,0,55686038,0,2389817834,2389817834.0,0.0,2760430122
2018-07-31,0,87992395,0,2477810229,2477810229.0,0.0,2848422517
2018-08-01,0,-669560552,0,1808249677,1808249677.0,0.0,2178861965
2018-08-02,0,221830313,0,2030079990,2030079990.0,0.0,2400692278
2018-08-03,0,-60767600,0,1969312390,1969312390.0,0.0,2339924678
2018-08-04,0,19698841,0,1989011231,1989011231.0,0.0,2359623519
2018-08-05,0,-342807889,0,1646203342,1646203342.0,0.0,2016815630
2018-08-06,0,48893910,0,1695097252,1695097252.0,0.0,2065709540
2018-08-07,0,265536045,0,1960633297,1960633297.0,0.0,2331245585
2018-08-08,0,-22606319,0,1938026978,1938026978.0,0.0,2308639266
2018-08-09,0,193632820,0,2131659798,2131659798.0,0.0,2502272086
2018-08-10,0,617946861,-250120000,2499486659,2499486659.0,0.0,3120218947
2018-08-11,0,22213193,0,2521699852,2521699852.0,0.0,3142432140
2018-08-12,0,259497436,0,2781197288,2781197288.0,0.0,3401929576
2018-08-13,0,-58324450,-50040000,2672832838,2672832838.0,0.0,3343605126
2018-08-14,0,-184925955,0,2487906883,2487906883.0,0.0,3158679171
2018-08-15,0,278784106,0,2766690989,2766690989.0,0.0,3437463277
2018-08-16,0,-7163975,0,2759527014,2759527014.0,0.0,3430299302
2018-08-17,0,194483409,0,2954010423,2954010423.0,0.0,3624782711
2018-08-18,0,-14448697,0,2939561726,2939561726.0,0.0,3610334014
2018-08-19,0,93143313,0,3032705039,3032705039.0,0.0,3703477327
2018-08-20,0,-15679569,0,3017025470,3017025470.0,0.0,3687797758
2018-08-21,0,10983213,0,3028008683,3028008683.0,0.0,3698780971
2018-08-22,0,13078942,0,3041087625,3041087625.0,0.0,3711859913
2018-08-23,0,83769947,0,3124857572,3124857572.0,0.0,3795629860
2018-08-24,0,34947615,0,3159805187,3159805187.0,0.0,3830577475
2018-08-25,0,-168554728,0,2991250459,2991250459.0,0.0,3662022747
2018-08-26,0,68477557,0,3059728016,3059728016.0,0.0,3730500304
2018-08-27,0,-32545738,0,3027182278,3027182278.0,0.0,3697954566
2018-08-28,0,-248604448,0,2778577830,2778577830.0,0.0,3449350118
2018-08-29,0,112470754,0,2891048584,2891048584.0,0.0,3561820872
2018-08-30,0,-80589940,0,2810458644,2810458644.0,0.0,3481230932
2018-08-31,0,159776184,0,2970234828,2970234828.0,0.0,3641007116
2018-09-01,0,-3748490,0,2966486338,2966486338.0,0.0,3637258626
2018-09-02,0,50478088,0,3016964426,3016964426.0,0.0,3687736714
2018-09-03,0,115584915,0,3132549341,3132549341.0,0.0,3803321629
2018-09-04,0,249434,0,3132798775,3132798775.0,0.0,3803571063
2018-09-05,0,589982143,-701200000,3021580918,3021580918.0,0.0,4393553206
2018-09-06,0,-1193728792,0,1827852126,1827852126.0,0.0,3199824414
2018-09-07,0,67712863,0,1895564989,1895564989.0,0.0,3267537277
2018-09-08,0,-18,0,1895564971,1895564971.0,0.0,3267537259
2018-09-09,0,112002682,0,2007567653,2007567653.0,0.0,3379539941
2018-09-10,0,296431088,0,2303998741,2303998741.0,0.0,3675971029
2018-09-11,0,60562279,0,2364561020,2364561020.0,0.0,3736533308
2018-09-12,0,61728524,0,2426289544,2426289544.0,0.0,3798261832
2018-09-13,0,-27175699,0,2399113845,2399113845.0,0.0,3771086133
2018-09-14,0,-536093719,0,1863020126,1863020126.0,0.0,3234992414
2018-09-15,0,172768611,0,2035788737,2035788737.0,0.0,3407761025
2018-09-16,0,-145429545,0,1890359192,1890359192.0,0.0,3262331480
2018-09-17,0,66351438,0,1956710630,1956710630.0,0.0,3328682918
2018-09-18,0,-347211803,0,1609498827,1609498827.0,0.0,2981471115
2018-09-19,0,-309070407,0,1300428420,1300428420.0,0.0,2672400708
2018-09-20,0,354771170,0,1655199590,1655199590.0,0.0,3027171878
2018-09-21,99950000,111990910,0,1867140500,1867140500.0,0.0,3139162788
2018-09-22,0,-1574562129,0,292578371,292578371.0,0.0,1564600659
2018-09-23,64362202,0,0,356940573,356940573.0,0.0,1564600659
2018-09-24,0,3452855,0,360393428,360393428.0,0.0,1568053514
2018-09-25,0,151164271,0,511557699,511557699.0,0.0,1719217785
2018-09-26,0,-428100,0,511129599,511129599.0,0.0,1718789685
2018-09-27,0,129196218,0,640325817,640325817.0,0.0,1847985903
2018-09-28,0,65330967,0,705656784,705656784.0,0.0,1913316870
2018-09-29,0,-156031075,0,549625709,549625709.0,0.0,1757285795
2018-09-30,0,-6,0,549625703,549625703.0,0.0,1757285789
2018-10-01,0,-9,0,549625694,549625694.0,0.0,1757285780
2018-10-02,0,888665,0,550514359,550514359.0,0.0,1758174445
2018-10-03,399950000,-56745682,0,893718677,893718677.0,0.0,1701428763
2018-10-04,0,37,0,893718714,893718714.0,0.0,1701428800
2018-10-05,0,13,0,893718727,893718727.0,0.0,1701428813
2018-10-06,0,26641656,0,920360383,920360383.0,0.0,1728070469
2018-10-07,0,54989992,0,975350375,975350375.0,0.0,1783060461
2018-10-08,26922385,35138041,0,1037410801,1037410801.0,0.0,1818198502
2018-10-09,0,-13458726,0,1023952075,1023952075.0,0.0,1804739776
2018-10-10,0,40248624,0,1064200699,1064200699.0,0.0,1844988400
2018-10-11,6879957,79215753,0,1150296409,1150296409.0,0.0,1924204153
2018-10-12,0,116350405,0,1266646814,1266646814.0,0.0,2040554558
2018-10-13,0,21205608,0,1287852422,1287852422.0,0.0,2061760166
2018-10-14,0,-22,0,1287852400,1287852400.0,0.0,2061760144
2018-10-15,19333507,486510294,0,1793696201,1793696201.0,0.0,2548270438
2018-10-16,0,-28732692,0,1764963509,1764963509.0,0.0,2519537746
2018-10-17,0,18178673,0,1783142182,1783142182.0,0.0,2537716419
2018-10-18,0,36,0,1783142218,1783142218.0,0.0,2537716455
2018-10-19,0,24937584,0,1808079802,1808079802.0,0.0,2562654039
2018-10-20,0,12,0,1808079814,1808079814.0,0.0,2562654051
2018-10-21,0,29,0,1808079843,1808079843.0,0.0,2562654080
2018-10-22,0,6,0,1808079849,1808079849.0,0.0,2562654086
2018-10-23,0,30,0,1808079879,1808079879.0,0.0,2562654116
2018-10-24,0,13,0,1808079892,1808079892.0,0.0,2562654129
2018-10-25,0,12,0,1808079904,1808079904.0,0.0,2562654141
2018-10-26,0,33,0,1808079937,1808079937.0,0.0,2562654174
2018-10-27,0,23,0,1808079960,1808079960.0,0.0,2562654197
2018-10-28,0,11,0,1808079971,1808079971.0,0.0,2562654208
2018-10-29,0,22,0,1808079993,1808079993.0,0.0,2562654230
2018-10-30,0,14250245,0,1822330238,1822330238.0,0.0,2576904475
2018-10-31,0,38,0,1822330276,1822330276.0,0.0,2576904513
2018-11-01,0,19,0,1822330295,1822330295.0,0.0,2576904532
2018-11-02,0,14,0,1822330309,1822330309.0,0.0,2576904546
2018-11-03,0,11,0,1822330320,1822330320.0,0.0,2576904557
2018-11-04,0,61943875,0,1884274195,1884274195.0,0.0,2638848432
2018-11-05,14338238,185107554,0,2083719987,2083719987.0,0.0,2823955986
2018-11-06,0,-111247838,0,1972472149,1972472149.0,0.0,2712708148
2018-11-07,0,165861829,0,2138333978,2138333978.0,0.0,2878569977
2018-11-08,0,-16261489,0,2122072489,2122072489.0,0.0,2862308488
2018-11-09,0,237066142,0,2359138631,2359138631.0,0.0,3099374630
2018-11-10,0,-506056764,0,1853081867,1853081867.0,0.0,2593317866
2018-11-11,0,53553656,0,1906635523,1906635523.0,0.0,2646871522
2018-11-12,0,-170404592,0,1736230931,1736230931.0,0.0,2476466930
2018-11-13,0,-61590952,0,1674639979,1674639979.0,0.0,2414875978
2018-11-14,0,116131573,0,1790771552,1790771552.0,0.0,2531007551
2018-11-15,0,954448164,0,2745219716,2745219716.0,0.0,3485455715
2018-11-16,0,372114573,0,3117334289,3117334289.0,0.0,3857570288
2018-11-17,0,3443161,0,3120777450,3120777450.0,0.0,3861013449
2018-11-18,0,-45340705,0,3075436745,3075436745.0,0.0,3815672744
2018-11-19,0,-140153521,0,2935283224,2935283224.0,0.0,3675519223
2018-11-20,0,75612240,0,3010895464,3010895464.0,0.0,3751131463
2018-11-21,0,809933071,0,3820828535,3820828535.0,0.0,4561064534
2018-11-22,0,160533310,0,3981361845,3981361845.0,0.0,4721597844
2018-11-23,0,1084161959,0,5065523804,5065523804.0,0.0,5805759803
2018-11-24,0,68517356,0,5134041160,5134041160.0,0.0,5874277159
2018-11-25,0,1942484591,-100120000,6976405751,6976405751.0,0.0,7816761750
2018-11-26,0,4323752,0,6980729503,6980729503.0,0.0,7821085502
2018-11-27,0,1482079051,0,8462808554,8462808554.0,0.0,9303164553
2018-11-28,0,109587326,-1001200000,7571195880,7571195880.0,0.0,9412751879
2018-11-29,0,319704052,-1001200000,6889699932,6889699932.0,0.0,9732455931
2018-11-30,0,1108152140,0,7997852072,7997852072.0,0.0,10840608071
2018-12-01,0,88706890,0,8086558962,8086558962.0,0.0,10929314961
2018-12-02,0,-366336959,0,7720222003,7720222003.0,0.0,10562978002
2018-12-03,0,467108785,0,8187330788,8187330788.0,0.0,11030086787
2018-12-04,0,728321469,0,8915652257,8915652257.0,0.0,11758408256
2018-12-05,0,190800471,0,9106452728,9106452728.0,0.0,11949208727
2018-12-06,0,637236646,0,9743689374,9743689374.0,0.0,12586445373
2018-12-07,0,1068447065,-1001200000,9810936439,9810936439.0,0.0,13654892438
2018-12-08,0,1147498832,0,10958435271,10958435271.0,0.0,14802391270
2018-12-09,0,-69337111,0,10889098160,10889098160.0,0.0,14733054159
2018-12-10,0,374584667,0,11263682827,11263682827.0,0.0,15107638826
2018-12-11,0,-369122530,0,10894560297,10894560297.0,0.0,14738516296
2018-12-12,0,-179994392,0,10714565905,10714565905.0,0.0,14558521904
2018-12-13,0,-396678599,0,10317887306,10317887306.0,0.0,14161843305
2018-12-14,0,641818345,0,10959705651,10959705651.0,0.0,14803661650
2018-12-15,0,707109348,0,11666814999,11666814999.0,0.0,15510770998
2018-12-16,0,330229203,0,11997044202,11997044202.0,0.0,15841000201
2018-12-17,0,395665998,0,12392710200,12392710200.0,0.0,16236666199
2018-12-18,0,-3005990558,0,9386719642,9386719642.0,0.0,13230675641
2018-12-19,0,1254574379,0,10641294021,10641294021.0,0.0,14485250020
2018-12-20,0,269501563,0,10910795584,10910795584.0,0.0,14754751583
2018-12-21,0,642229732,0,11553025316,11553025316.0,0.0,15396981315
2018-12-22,0,588352894,0,12141378210,12141378210.0,0.0,15985334209
2018-12-23,0,-199838693,-1001200000,10940339517,10940339517.0,0.0,15785495516
2018-12-24,0,325323951,0,11265663468,11265663468.0,0.0,16110819467
2018-12-25,0,1298933996,0,12564597464,12564597464.0,0.0,17409753463
2018-12-26,0,408307823,0,12972905287,12972905287.0,0.0,17818061286
2018-12-27,0,334250426,0,13307155713,13307155713.0,0.0,18152311712
2018-12-28,0,551739876,0,13858895589,13858895589.0,0.0,18704051588
2018-12-29,0,15133353,-2001200000,11872828942,11872828942.0,0.0,18719184941
2018-12-30,0,-58399630,0,11814429312,11814429312.0,0.0,18660785311
2018-12-31,0,181786921,0,11996216233,11996216233.0,0.0,18842572232
2019-01-01,0,346724781,0,12342941014,12342941014.0,0.0,19189297013
2019-01-02,0,50727970,0,12393668984,12393668984.0,0.0,19240024983
2019-01-03,0,39295750,0,12432964734,12432964734.0,0.0,19279320733
2019-01-04,0,-8034,0,12432956700,12432956700.0,0.0,19279312699
2019-01-05,0,28463105,0,12461419805,12461419805.0,0.0,19307775804
2019-01-06,0,-3832,0,12461415973,12461415973.0,0.0,19307771972
2019-01-07,0,68467444,0,12529883417,12529883417.0,0.0,19376239416
2019-01-08,0,96365811,0,12626249228,12626249228.0,0.0,19472605227
2019-01-09,0,-718499143,0,11907750085,11907750085.0,0.0,18754106084
2019-01-10,0,-230251857,0,11677498228,11677498228.0,0.0,18523854227
2019-01-11,0,525140523,-1001200000,11201438751,11201438751.0,0.0,19048994750
2019-01-12,0,2208171494,0,13409610245,13409610245.0,0.0,21257166244
2019-01-13,0,-6334886,0,13403275359,13403275359.0,0.0,21250831358
2019-01-14,0,613799304,0,14017074663,14017074663.0,0.0,21864630662
2019-01-15,0,703652698,-1001200000,13719527361,13719527361.0,0.0,22568283360
2019-01-16,0,534823274,0,14254350635,14254350635.0,0.0,23103106634
2019-01-17,0,189612127,0,14443962762,14443962762.0,0.0,23292718761
2019-01-18,0,-11435410,0,14432527352,14432527352.0,0.0,23281283351
2019-01-19,0,-5465510,0,14427061842,14427061842.0,0.0,23275817841
2019-01-20,0,7025163,0,14434087005,14434087005.0,0.0,23282843004
2019-01-21,0,680653805,0,15114740810,15114740810.0,0.0,23963496809
2019-01-22,0,292986997,0,15407727807,15407727807.0,0.0,24256483806
2019-01-23,0,3117609,0,15410845416,15410845416.0,0.0,24259601415
2019-01-24,0,20294104,0,15431139520,15431139520.0,0.0,24279895519
2019-01-25,0,-5377,0,15431134143,15431134143.0,0.0,24279890142
2019-01-26,0,-15785,0,15431118358,15431118358.0,0.0,24279874357
2019-01-27,0,181479994,0,15612598352,15612598352.0,0.0,24461354351
2019-01-28,0,460163510,0,16072761862,16072761862.0,0.0,24921517861
2019-01-29,0,448714313,0,16521476175,16521476175.0,0.0,25370232174
2019-01-30,0,253488796,0,16774964971,16774964971.0,0.0,25623720970
2019-01-31,0,-24585762,0,16750379209,16750379209.0,0.0,25599135208
2019-02-01,0,71855889,0,16822235098,16822235098.0,0.0,25670991097
2019-02-02,0,250493252,0,17072728350,17072728350.0,0.0,25921484349
2019-02-03,0,-34444616,0,17038283734,17038283734.0,0.0,25887039733
2019-02-04,0,847,0,17038284581,17038284581.0,0.0,25887040580
2019-02-05,0,864,0,17038285445,17038285445.0,0.0,25887041444
2019-02-06,0,990,0,17038286435,17038286435.0,0.0,25887042434
2019-02-07,0,-482,0,17038285953,17038285953.0,0.0,25887041952
2019-02-08,0,102040922,0,17140326875,17140326875.0,0.0,25989082874
2019-02-09,0,131518626,-2001200000,15270645501,15270645501.0,0.0,26120601500
2019-02-10,0,-93579258,0,15177066243,15177066243.0,0.0,26027022242
2019-02-11,0,129161528,0,15306227771,15306227771.0,0.0,26156183770
2019-02-12,0,4634696,0,15310862467,15310862467.0,0.0,26160818466
2019-02-13,0,193741983,0,15504604450,15504604450.0,0.0,26354560449
2019-02-14,0,360,0,15504604810,15504604810.0,0.0,26354560809
2019-02-15,0,-3981052,0,15500623758,15500623758.0,0.0,26350579757
2019-02-16,0,8390261,0,15509014019,15509014019.0,0.0,26358970018
2019-02-17,0,-546386671,0,14962627348,14962627348.0,0.0,25812583347
2019-02-18,0,202066302,0,15164693650,15164693650.0,0.0,26014649649
2019-02-19,0,-261475265,0,14903218385,14903218385.0,0.0,25753174384
2019-02-20,0,148211857,0,15051430242,15051430242.0,0.0,25901386241
2019-02-21,0,144115784,0,15195546026,15195546026.0,0.0,26045502025
2019-02-22,0,93575877,0,15289121903,15289121903.0,0.0,26139077902
2019-02-23,0,68974857,0,15358096760,15358096760.0,0.0,26208052759
2019-02-24,0,3279962,0,15361376722,15361376722.0,0.0,26211332721
2019-02-25,0,1169910389,0,16531287111,16531287111.0,0.0,27381243110
2019-02-26,0,81546289,0,16612833400,16612833400.0,0.0,27462789399
2019-02-27,0,70040758,0,16682874158,16682874158.0,0.0,27532830157
2019-02-28,0,5442618,0,16688316776,16688316776.0,0.0,27538272775
2019-03-01,0,242000217,0,16930316993,16930316993.0,0.0,27780272992
2019-03-02,0,165586972,0,17095903965,17095903965.0,0.0,27945859964
2019-03-03,0,-12881,0,17095891084,17095891084.0,0.0,27945847083
2019-03-04,0,9282172,0,17105173256,17105173256.0,0.0,27955129255
2019-03-05,0,-49357240,0,17055816016,17055816016.0,0.0,27905772015
2019-03-06,0,835272667,0,17891088683,17891088683.0,0.0,28741044682
2019-03-07,0,231344934,0,18122433617,18122433617.0,0.0,28972389616
2019-03-08,0,49460485,-800120000,17371774102,17371774102.0,0.0,29021850101
2019-03-09,0,-16637993,0,17355136109,17355136109.0,0.0,29005212108
2019-03-10,0,-17558297,0,17337577812,17337577812.0,0.0,28987653811
2019-03-11,0,-33167943,0,17304409869,17304409869.0,0.0,28954485868
2019-03-12,0,834330462,0,18138740331,18138740331.0,0.0,29788816330
2019-03-13,0,57520,0,18138797851,18138797851.0,0.0,29788873850
2019-03-14,0,4623,0,18138802474,18138802474.0,0.0,29788878473
2019-03-15,0,-186898113,0,17951904361,17951904361.0,0.0,29601980360
2019-03-16,0,119058057,0,18070962418,18070962418.0,0.0,29721038417
2019-03-17,0,93210593,0,18164173011,18164173011.0,0.0,29814249010
2019-03-18,0,-53896481,0,18110276530,18110276530.0,0.0,29760352529
2019-03-19,0,50348688,0,18160625218,18160625218.0,0.0,29810701217
2019-03-20,0,-127,0,18160625091,18160625091.0,0.0,29810701090
2019-03-21,0,-3958,0,18160621133,18160621133.0,0.0,29810697132
2019-03-22,0,-18854949,0,18141766184,18141766184.0,0.0,29791842183
2019-03-23,0,-16503702,0,18125262482,18125262482.0,0.0,29775338481
2019-03-24,0,105546267,0,18230808749,18230808749.0,0.0,29880884748
2019-03-25,0,-12360040,0,18218448709,18218448709.0,0.0,29868524708
2019-03-26,0,318393977,0,18536842686,18536842686.0,0.0,30186918685
2019-03-27,0,8693298,0,18545535984,18545535984.0,0.0,30195611983
2019-03-28,0,131555253,0,18677091237,18677091237.0,0.0,30327167236
2019-03-29,0,303648606,0,18980739843,18980739843.0,0.0,30630815842
2019-03-30,0,241665195,0,19222405038,19222405038.0,0.0,30872481037
2019-03-31,0,-7838535,0,19214566503,19214566503.0,0.0,30864642502
2019-04-01,0,-48715816,0,19165850687,19165850687.0,0.0,30815926686
2019-04-02,0,-7476784228,0,11689066459,11689066459.0,0.0,23339142458
2019-04-03,0,1887754789,0,13576821248,13576821248.0,0.0,25226897247
2019-04-04,0,1223241439,0,14800062687,14800062687.0,0.0,26450138686
2019-04-05,0,270662113,0,15070724800,15070724800.0,0.0,26720800799
2019-04-06,0,435214129,0,15505938929,15505938929.0,0.0,27156014928
2019-04-07,0,1160995415,0,16666934344,16666934344.0,0.0,28317010343
2019-04-08,0,-135377905,0,16531556439,16531556439.0,0.0,28181632438
2019-04-09,0,340907047,0,16872463486,16872463486.0,0.0,28522539485
2019-04-10,0,160174933,-2001200000,15031438419,15031438419.0,0.0,28682714418
2019-04-11,0,346168815,0,15377607234,15377607234.0,0.0,29028883233
2019-04-12,0,625957786,0,16003565020,16003565020.0,0.0,29654841019
2019-04-13,0,221090718,0,16224655738,16224655738.0,0.0,29875931737
2019-04-14,0,183858909,0,16408514647,16408514647.0,0.0,30059790646
2019-04-15,0,-355168090,0,16053346557,16053346557.0,0.0,29704622556
2019-04-16,0,95346018,0,16148692575,16148692575.0,0.0,29799968574
2019-04-17,0,222319309,0,16371011884,16371011884.0,0.0,30022287883
2019-04-18,0,280921670,-1001200000,15650733554,15650733554.0,0.0,30303209553
2019-04-19,0,11137173,0,15661870727,15661870727.0,0.0,30314346726
2019-04-20,0,-52542235,0,15609328492,15609328492.0,0.0,30261804491
2019-04-21,0,365003562,0,15974332054,15974332054.0,0.0,30626808053
2019-04-22,0,434819099,0,16409151153,16409151153.0,0.0,31061627152
2019-04-23,0,1457608867,-2001200000,15865560020,15865560020.0,0.0,32519236019
2019-04-24,0,1016807221,0,16882367241,16882367241.0,0.0,33536043240
2019-04-25,0,632114485,0,17514481726,17514481726.0,0.0,34168157725
2019-04-26,0,-521884844,0,16992596882,16992596882.0,0.0,33646272881
2019-04-27,0,352464440,0,17345061322,17345061322.0,0.0,33998737321
2019-04-28,0,4700342,0,17349761664,17349761664.0,0.0,34003437663
2019-04-29,0,-71113590,0,17278648074,17278648074.0,0.0,33932324073
2019-04-30,0,117986483,0,17396634557,17396634557.0,0.0,34050310556
2019-05-01,0,-805406868,0,16591227689,16591227689.0,0.0,33244903688
2019-05-02,0,-54379834,0,16536847855,16536847855.0,0.0,33190523854
2019-05-03,0,-733928111,0,15802919744,15802919744.0,0.0,32456595743
2019-05-04,0,52534985,0,15855454729,15855454729.0,0.0,32509130728
2019-05-05,0,1208678674,0,17064133403,17064133403.0,0.0,33717809402
2019-05-06,0,2042666165,-2001200000,17105599568,17105599568.0,0.0,35760475567
2019-05-07,0,-630377626,0,16475221942,16475221942.0,0.0,35130097941
2019-05-08,0,1264798647,0,17740020589,17740020589.0,0.0,36394896588
2019-05-09,0,-514044216,0,17225976373,17225976373.0,0.0,35880852372
2019-05-10,0,-194759649,0,17031216724,17031216724.0,0.0,35686092723
2019-05-11,0,1069844363,0,18101061087,18101061087.0,0.0,36755937086
2019-05-12,0,-269855561,-2001200000,15830005526,15830005526.0,0.0,36486081525
2019-05-13,0,1460351568,0,17290357094,17290357094.0,0.0,37946433093
2019-05-14,0,-2493773780,0,14796583314,14796583314.0,0.0,35452659313
2019-05-15,0,1821028702,0,16617612016,16617612016.0,0.0,37273688015
2019-05-16,0,463188112,0,17080800128,17080800128.0,0.0,37736876127
2019-05-17,0,393169778,0,17473969906,17473969906.0,0.0,38130045905
2019-05-18,0,126523852,0,17600493758,17600493758.0,0.0,38256569757
2019-05-19,0,653061614,0,18253555372,18253555372.0,0.0,38909631371
2019-05-20,0,246531321,0,18500086693,18500086693.0,0.0,39156162692
2019-05-21,0,579951781,0,19080038474,19080038474.0,0.0,39736114473
2019-05-22,0,48660468,0,19128698942,19128698942.0,0.0,39784774941
2019-05-23,0,718720631,0,19847419573,19847419573.0,0.0,40503495572
2019-05-24,0,-311323539,0,19536096034,19536096034.0,0.0,40192172033
2019-05-25,0,-36371157,0,19499724877,19499724877.0,0.0,40155800876
2019-05-26,0,-16461,0,19499708416,19499708416.0,0.0,40155784415
2019-05-27,0,132347660,-2001200000,17630856076,17630856076.0,0.0,40288132075
2019-05-28,0,12089,0,17630868165,17630868165.0,0.0,40288144164
2019-05-29,0,13212662,0,17644080827,17644080827.0,0.0,40301356826
2019-05-30,0,-457559222,0,17186521605,17186521605.0,0.0,39843797604
2019-05-31,0,217907897,0,17404429502,17404429502.0,0.0,40061705501
2019-06-01,0,-253853256,0,17150576246,17150576246.0,0.0,39807852245
2019-06-02,0,-808485545,0,16342090701,16342090701.0,0.0,38999366700
2019-06-03,0,-11935474,0,16330155227,16330155227.0,0.0,38987431226
2019-06-04,0,1301142706,0,17631297933,17631297933.0,0.0,40288573932
2019-06-05,0,937083,0,17632235016,17632235016.0,0.0,40289511015
2019-06-06,0,1717858,0,17633952874,17633952874.0,0.0,40291228873
2019-06-07,0,-6182712,0,17627770162,17627770162.0,0.0,40285046161
2019-06-08,0,4440841,0,17632211003,17632211003.0,0.0,40289487002
2019-06-09,0,-3387739,0,17628823264,17628823264.0,0.0,40286099263
2019-06-10,0,616978933,0,18245802197,18245802197.0,0.0,40903078196
2019-06-11,0,29123972,0,18274926169,18274926169.0,0.0,40932202168
2019-06-12,0,-161333169,0,18113593000,18113593000.0,0.0,40770868999
2019-06-13,0,-11928135,0,18101664865,18101664865.0,0.0,40758940864
2019-06-14,0,-137119684,0,17964545181,17964545181.0,0.0,40621821180
2019-06-15,0,388712,0,17964933893,17964933893.0,0.0,40622209892
2019-06-16,0,857616062,-2001200000,16821349955,16821349955.0,0.0,41479825954
2019-06-17,0,409551335,0,17230901290,17230901290.0,0.0,41889377289
2019-06-18,0,37445480,0,17268346770,17268346770.0,0.0,41926822769
2019-06-19,0,319559778,0,17587906548,17587906548.0,0.0,42246382547
2019-06-20,0,133468508,0,17721375056,17721375056.0,0.0,42379851055
2019-06-21,0,-1070078871,0,16651296185,16651296185.0,0.0,41309772184
2019-06-22,0,-350725907,0,16300570278,16300570278.0,0.0,40959046277
2019-06-23,0,91378064,0,16391948342,16391948342.0,0.0,41050424341
2019-06-24,0,191946388,0,16583894730,16583894730.0,0.0,41242370729
2019-06-25,0,264556407,0,16848451137,16848451137.0,0.0,41506927136
2019-06-26,0,984514747,-2001200000,15831765884,15831765884.0,0.0,42491441883
2019-06-27,0,1042756641,0,16874522525,16874522525.0,0.0,43534198524
2019-06-28,0,-826963666,0,16047558859,16047558859.0,0.0,42707234858
2019-06-29,0,961821059,0,17009379918,17009379918.0,0.0,43669055917
2019-06-30,0,2581,0,17009382499,17009382499.0,0.0,43669058498
2019-07-01,0,38591648,0,17047974147,17047974147.0,0.0,43707650146
2019-07-02,0,-981928410,0,16066045737,16066045737.0,0.0,42725721736
2019-07-03,0,-89787768,0,15976257969,15976257969.0,0.0,42635933968
2019-07-04,0,-41662182,0,15934595787,15934595787.0,0.0,42594271786
2019-07-05,0,1091971769,0,17026567556,17026567556.0,0.0,43686243555
2019-07-06,0,2030309,0,17028597865,17028597865.0,0.0,43688273864
2019-07-07,0,7021577,0,17035619442,17035619442.0,0.0,43695295441
2019-07-08,0,102132689,0,17137752131,17137752131.0,0.0,43797428130
2019-07-09,0,-196115737,0,16941636394,16941636394.0,0.0,43601312393
2019-07-10,0,119016797,0,17060653191,17060653191.0,0.0,43720329190
2019-07-11,0,-638701041,0,16421952150,16421952150.0,0.0,43081628149
2019-07-12,0,362562209,0,16784514359,16784514359.0,0.0,43444190358
2019-07-13,0,5150049,0,16789664408,16789664408.0,0.0,43449340407
2019-07-14,0,651317,0,16790315725,16790315725.0,0.0,43449991724
2019-07-15,0,2502704404,0,19293020129,19293020129.0,0.0,45952696128
2019-07-16,0,-1136476834,0,18156543295,18156543295.0,0.0,44816219294
2019-07-17,0,3717597426,0,21874140721,21874140721.0,0.0,48533816720
2019-07-18,0,285888120,-2001200000,20158828841,20158828841.0,0.0,48819704840
2019-07-19,0,-435431450,-2001500000,17721897391,17721897391.0,0.0,48384273390
2019-07-20,0,5815841,0,17727713232,17727713232.0,0.0,48390089231
2019-07-21,0,5656184,0,17733369416,17733369416.0,0.0,48395745415
2019-07-22,0,731511378,0,18464880794,18464880794.0,0.0,49127256793
2019-07-23,0,-977,0,18464879817,18464879817.0,0.0,49127255816
2019-07-24,0,4745059,0,18469624876,18469624876.0,0.0,49132000875
2019-07-25,0,215694710,0,18685319586,18685319586.0,0.0,49347695585
2019-07-26,0,913194753,0,19598514339,19598514339.0,0.0,50260890338
2019-07-27,0,-1663458402,0,17935055937,17935055937.0,0.0,48597431936
2019-07-28,0,-15745344,0,17919310593,17919310593.0,0.0,48581686592
2019-07-29,0,-166123363,0,17753187230,17753187230.0,0.0,48415563229
2019-07-30,0,1296,0,17753188526,17753188526.0,0.0,48415564525
2019-07-31,0,7232167,0,17760420693,17760420693.0,0.0,48422796692
2019-08-01,0,-978709455,0,16781711238,16781711238.0,0.0,47444087237
2019-08-02,0,-8180285,0,16773530953,16773530953.0,0.0,47435906952
2019-08-03,0,280580348,0,17054111301,17054111301.0,0.0,47716487300
2019-08-04,0,-1644,0,17054109657,17054109657.0,0.0,47716485656
2019-08-05,0,171836424,0,17225946081,17225946081.0,0.0,47888322080
2019-08-06,0,112774412,0,17338720493,17338720493.0,0.0,48001096492
2019-08-07,0,780314856,0,18119035349,18119035349.0,0.0,48781411348
2019-08-08,0,993610969,0,19112646318,19112646318.0,0.0,49775022317
2019-08-09,0,-641918303,0,18470728015,18470728015.0,0.0,49133104014
2019-08-10,0,195169926,0,18665897941,18665897941.0,0.0,49328273940
2019-08-11,0,-6584,0,18665891357,18665891357.0,0.0,49328267356
2019-08-12,0,-1514,0,18665889843,18665889843.0,0.0,49328265842
2019-08-13,0,-1675,0,18665888168,18665888168.0,0.0,49328264167
2019-08-14,0,187507598,0,18853395766,18853395766.0,0.0,49515771765
2019-08-15,0,391321214,0,19244716980,19244716980.0,0.0,49907092979
2019-08-16,0,232783582,0,19477500562,19477500562.0,0.0,50139876561
2019-08-17,0,-103607927,0,19373892635,19373892635.0,0.0,50036268634
2019-08-18,0,107152305,0,19481044940,19481044940.0,0.0,50143420939
2019-08-19,0,-920951327,0,18560093613,18560093613.0,0.0,49222469612
2019-08-20,0,290899492,0,18850993105,18850993105.0,0.0,49513369104
2019-08-21,0,803320386,0,19654313491,19654313491.0,0.0,50316689490
2019-08-22,0,91254278,0,19745567769,19745567769.0,0.0,50407943768
2019-08-23,0,333420217,0,20078987986,20078987986.0,0.0,50741363985
2019-08-24,0,502579129,0,20581567115,20581567115.0,0.0,51243943114
2019-08-25,0,9382276,0,20590949391,20590949391.0,0.0,51253325390
2019-08-26,0,1242161249,0,21833110640,21833110640.0,0.0,52495486639
2019-08-27,0,9386754,0,21842497394,21842497394.0,0.0,52504873393
2019-08-28,0,-521299811,0,21321197583,21321197583.0,0.0,51983573582
2019-08-29,0,365186834,0,21686384417,21686384417.0,0.0,52348760416
2019-08-30,0,-13478279,0,21672906138,21672906138.0,0.0,52335282137
2019-08-31,0,-9715142,0,21663190996,21663190996.0,0.0,52325566995
2019-09-01,0,-440968988,0,21222222008,21222222008.0,0.0,51884598007
2019-09-02,0,1316,0,21222223324,21222223324.0,0.0,51884599323
2019-09-03,0,533,0,21222223857,21222223857.0,0.0,51884599856
2019-09-04,0,286315145,0,21508539002,21508539002.0,0.0,52170915001
2019-09-05,0,164634065,0,21673173067,21673173067.0,0.0,52335549066
2019-09-06,0,388206012,-2001200000,20060179079,20060179079.0,0.0,52723755078
2019-09-07,0,926673486,0,20986852565,20986852565.0,0.0,53650428564
2019-09-08,0,-188831109,0,20798021456,20798021456.0,0.0,53461597455
2019-09-09,0,-796045838,0,20001975618,20001975618.0,0.0,52665551617
2019-09-10,0,-35092129,0,19966883489,19966883489.0,0.0,52630459488
2019-09-11,0,53203482,0,20020086971,20020086971.0,0.0,52683662970
2019-09-12,0,-88589720,0,19931497251,19931497251.0,0.0,52595073250
2019-09-13,0,1524,0,19931498775,19931498775.0,0.0,52595074774
2019-09-14,0,2106,0,19931500881,19931500881.0,0.0,52595076880
2019-09-15,0,2406,0,19931503287,19931503287.0,0.0,52595079286
2019-09-16,0,2146,0,19931505433,19931505433.0,0.0,52595081432
2019-09-17,0,2712,0,19931508145,19931508145.0,0.0,52595084144
2019-09-18,0,2283,0,19931510428,19931510428.0,0.0,52595086427
2019-09-19,0,-168000077,0,19763510351,19763510351.0,0.0,52427086350
2019-09-20,0,10073035,0,19773583386,19773583386.0,0.0,52437159385
2019-09-21,0,-75084832,0,19698498554,19698498554.0,0.0,52362074553
2019-09-22,0,-1732,0,19698496822,19698496822.0,0.0,52362072821
2019-09-23,0,4868016,0,19703364838,19703364838.0,0.0,52366940837
2019-09-24,0,237607954,0,19940972792,19940972792.0,0.0,52604548791
2019-09-25,0,373351135,0,20314323927,20314323927.0,0.0,52977899926
2019-09-26,0,19089240,0,20333413167,20333413167.0,0.0,52996989166
2019-09-27,0,2398742968,0,22732156135,22732156135.0,0.0,55395732134
2019-09-28,0,2097720,0,22734253855,22734253855.0,0.0,55397829854
2019-09-29,0,-616395369,0,22117858486,22117858486.0,0.0,54781434485
2019-09-30,0,239204953,0,22357063439,22357063439.0,0.0,55020639438
2019-10-01,0,-465597851,0,21891465588,21891465588.0,0.0,54555041587
2019-10-02,0,-1565,0,21891464023,21891464023.0,0.0,54555040022
2019-10-03,0,333,0,21891464356,21891464356.0,0.0,54555040355
2019-10-04,0,-1343,0,21891463013,21891463013.0,0.0,54555039012
2019-10-05,0,-1077,0,21891461936,21891461936.0,0.0,54555037935
2019-10-06,0,947,0,21891462883,21891462883.0,0.0,54555038882
2019-10-07,0,792931110,0,22684393993,22684393993.0,0.0,55347969992
2019-10-08,0,212028964,0,22896422957,22896422957.0,0.0,55559998956
2019-10-09,0,7354849,0,22903777806,22903777806.0,0.0,55567353805
2019-10-10,0,-1009644506,0,21894133300,21894133300.0,0.0,54557709299
2019-10-11,0,67566805,0,21961700105,21961700105.0,0.0,54625276104
2019-10-12,0,-1791,0,21961698314,21961698314.0,0.0,54625274313
2019-10-13,0,-15586141,0,21946112173,21946112173.0,0.0,54609688172
2019-10-14,0,280689838,0,22226802011,22226802011.0,0.0,54890378010
2019-10-15,0,303992543,0,22530794554,22530794554.0,0.0,55194370553
2019-10-16,0,-357949631,0,22172844923,22172844923.0,0.0,54836420922
2019-10-17,0,-1866,0,22172843057,22172843057.0,0.0,54836419056
2019-10-18,0,471250273,0,22644093330,22644093330.0,0.0,55307669329
2019-10-19,0,-276,0,22644093054,22644093054.0,0.0,55307669053
2019-10-20,0,1899,0,22644094953,22644094953.0,0.0,55307670952
2019-10-21,0,85920821,0,22730015774,22730015774.0,0.0,55393591773
2019-10-22,0,-17162669,0,22712853105,22712853105.0,0.0,55376429104
2019-10-23,0,7376255,0,22720229360,22720229360.0,0.0,55383805359
2019-10-24,0,2598044875,0,25318274235,25318274235.0,0.0,57981850234
2019-10-25,0,159778904,0,25478053139,25478053139.0,0.0,58141629138
2019-10-26,0,-4520525995,0,20957527144,20957527144.0,0.0,53621103143
2019-10-27,0,240776591,0,21198303735,21198303735.0,0.0,53861879734
2019-10-28,0,834306302,0,22032610037,22032610037.0,0.0,54696186036
2019-10-29,0,272073238,0,22304683275,22304683275.0,0.0,54968259274
2019-10-30,0,-496996964,0,21807686311,21807686311.0,0.0,54471262310
2019-10-31,0,-332824999,0,21474861312,21474861312.0,0.0,54138437311
2019-11-01,0,-1629,0,21474859683,21474859683.0,0.0,54138435682
2019-11-02,0,-1619,0,21474858064,21474858064.0,0.0,54138434063
2019-11-03,0,-380998,0,21474477066,21474477066.0,0.0,54138053065
2019-11-04,0,1649,0,21474478715,21474478715.0,0.0,54138054714
2019-11-05,0,2224,0,21474480939,21474480939.0,0.0,54138056938
2019-11-06,0,3654,0,21474484593,21474484593.0,0.0,54138060592
2019-11-07,0,9526216,0,21484010809,21484010809.0,0.0,54147586808
2019-11-08,0,428211496,0,21912222305,21912222305.0,0.0,54575798304
2019-11-09,0,934561060,0,22846783365,22846783365.0,0.0,55510359364
2019-11-10,0,1749,0,22846785114,22846785114.0,0.0,55510361113
2019-11-11,0,27799982,0,22874585096,22874585096.0,0.0,55538161095
2019-11-12,0,60063789,0,22934648885,22934648885.0,0.0,55598224884
2019-11-13,0,111298420,0,23045947305,23045947305.0,0.0,55709523304
2019-11-14,0,-109076794,0,22936870511,22936870511.0,0.0,55600446510
2019-11-15,0,3664424,0,22940534935,22940534935.0,0.0,55604110934
2019-11-16,0,253403666,0,23193938601,23193938601.0,0.0,55857514600
2019-11-17,0,1813,0,23193940414,23193940414.0,0.0,55857516413
2019-11-18,0,-128182980,0,23065757434,23065757434.0,0.0,55729333433
2019-11-19,0,219452782,0,23285210216,23285210216.0,0.0,55948786215
2019-11-20,0,449119157,0,23734329373,23734329373.0,0.0,56397905372
2019-11-21,0,149544680,0,23883874053,23883874053.0,0.0,56547450052
2019-11-22,0,3237405646,0,27121279699,27121279699.0,0.0,59784855698
2019-11-23,0,-19722013,0,27101557686,27101557686.0,0.0,59765133685
2019-11-24,0,191095599,0,27292653285,27292653285.0,0.0,59956229284
2019-11-25,0,2891215731,0,30183869016,30183869016.0,0.0,62847445015
2019-11-26,0,-84138029,0,30099730987,30099730987.0,0.0,62763306986
2019-11-27,0,-87670239,0,30012060748,30012060748.0,0.0,62675636747
2019-11-28,0,361439459,0,30373500207,30373500207.0,0.0,63037076206
2019-11-29,0,1281316027,0,31654816234,31654816234.0,0.0,64318392233
2019-11-30,0,-769147824,0,30885668410,30885668410.0,0.0,63549244409
2019-12-01,0,1361591141,0,32247259551,32247259551.0,0.0,64910835550
2019-12-02,0,186760934,0,32434020485,32434020485.0,0.0,65097596484
2019-12-03,0,455353867,0,32889374352,32889374352.0,0.0,65552950351
2019-12-04,0,151877019,0,33041251371,33041251371.0,0.0,65704827370
2019-12-05,0,99822173,0,33141073544,33141073544.0,0.0,65804649543
2019-12-06,0,-58332730,0,33082740814,33082740814.0,0.0,65746316813
2019-12-07,0,-395089030,0,32687651784,32687651784.0,0.0,65351227783
2019-12-08,0,2262,0,32687654046,32687654046.0,0.0,65351230045
2019-12-09,0,-20326498,0,32667327548,32667327548.0,0.0,65330903547
2019-12-10,0,256289411,-1100000,32922516959,32922516959.0,0.0,65587192958
2019-12-11,0,3235627806,-100120000,36058024765,36058024765.0,0.0,68822820764
2019-12-12,0,124106603,0,36182131368,36182131368.0,0.0,68946927367
2019-12-13,0,17643786,0,36199775154,36199775154.0,0.0,68964571153
2019-12-14,0,3192,0,36199778346,36199778346.0,0.0,68964574345
2019-12-15,0,-5730,0,36199772616,36199772616.0,0.0,68964568615
2019-12-16,0,91983867,0,36291756483,36291756483.0,0.0,69056552482
2019-12-17,0,-363757289,0,35927999194,35927999194.0,0.0,68692795193
2019-12-18,0,1530753180,0,37458752374,37458752374.0,0.0,70223548373
2019-12-19,0,-350496639,0,37108255735,37108255735.0,0.0,69873051734
2019-12-20,0,562720513,0,37670976248,37670976248.0,0.0,70435772247
2019-12-21,0,90450023,0,37761426271,37761426271.0,0.0,70526222270
2019-12-22,0,32528874,0,37793955145,37793955145.0,0.0,70558751144
2019-12-23,0,-1941,0,37793953204,37793953204.0,0.0,70558749203
2019-12-24,0,-217122538,0,37576830666,37576830666.0,0.0,70341626665
2019-12-25,0,526682392,0,38103513058,38103513058.0,0.0,70868309057
2019-12-26,0,-60834154,0,38042678904,38042678904.0,0.0,70807474903
2019-12-27,0,3097,0,38042682001,38042682001.0,0.0,70807478000
2019-12-28,0,111589911,0,38154271912,38154271912.0,0.0,70919067911
2019-12-29,0,-1043,0,38154270869,38154270869.0,0.0,70919066868
2019-12-30,0,-29044628,0,38125226241,38125226241.0,0.0,70890022240
2019-12-31,0,-410161583,0,37715064658,37715064658.0,0.0,70479860657
2020-01-01,0,98812112,0,37813876770,37813876770.0,0.0,70578672769
2020-01-02,0,-20468403,0,37793408367,37793408367.0,0.0,70558204366
2020-01-03,0,1090188668,0,38883597035,38883597035.0,0.0,71648393034
2020-01-04,0,845267698,0,39728864733,39728864733.0,0.0,72493660732
2020-01-05,0,858874066,0,40587738799,40587738799.0,0.0,73352534798
2020-01-06,0,313366631,0,40901105430,40901105430.0,0.0,73665901429
2020-01-07,0,-1289450200,0,39611655230,39611655230.0,0.0,72376451229
2020-01-08,0,355378242,-2001200000,37965833472,37965833472.0,0.0,72731829471
2020-01-09,0,3370871676,0,41336705148,41336705148.0,0.0,76102701147
2020-01-10,0,328579189,0,41665284337,41665284337.0,0.0,76431280336
2020-01-11,0,1404426045,-3001200000,40068510382,40068510382.0,0.0,77835706381
2020-01-12,0,-63046481,0,40005463901,40005463901.0,0.0,77772659900
2020-01-13,0,-1313,0,40005462588,40005462588.0,0.0,77772658587
2020-01-14,0,225136,0,40005687724,40005687724.0,0.0,77772883723
2020-01-15,0,119990850,0,40125678574,40125678574.0,0.0,77892874573
2020-01-16,0,81456212,0,40207134786,40207134786.0,0.0,77974330785
2020-01-17,0,378458526,-5001200000,35584393312,35584393312.0,0.0,78352789311
2020-01-18,0,354410309,0,35938803621,35938803621.0,0.0,78707199620
2020-01-19,0,2106350759,0,38045154380,38045154380.0,0.0,80813550379
2020-01-20,0,415458624,0,38460613004,38460613004.0,0.0,81229009003
2020-01-21,0,1683655327,0,40144268331,40144268331.0,0.0,82912664330
2020-01-22,0,57264035,0,40201532366,40201532366.0,0.0,82969928365
2020-01-23,0,2462033555,0,42663565921,42663565921.0,0.0,85431961920
2020-01-24,0,-98866079,0,42564699842,42564699842.0,0.0,85333095841
2020-01-25,0,-348514003,0,42216185839,42216185839.0,0.0,84984581838
2020-01-26,0,983,0,42216186822,42216186822.0,0.0,84984582821
2020-01-27,0,12144981,0,42228331803,42228331803.0,0.0,84996727802
2020-01-28,0,-1052198548,0,41176133255,41176133255.0,0.0,83944529254
2020-01-29,0,1903925113,0,43080058368,43080058368.0,0.0,85848454367
2020-01-30,0,-8316291,0,43071742077,43071742077.0,0.0,85840138076
2020-01-31,0,-81147294,0,42990594783,42990594783.0,0.0,85758990782
2020-02-01,0,344915637,0,43335510420,43335510420.0,0.0,86103906419
2020-02-02,0,168963158,0,43504473578,43504473578.0,0.0,86272869577
2020-02-03,0,132505398,0,43636978976,43636978976.0,0.0,86405374975
2020-02-04,0,360482062,0,43997461038,43997461038.0,0.0,86765857037
2020-02-05,0,660197557,0,44657658595,44657658595.0,0.0,87426054594
2020-02-06,0,-145727956,0,44511930639,44511930639.0,0.0,87280326638
2020-02-07,0,30230654,0,44542161293,44542161293.0,0.0,87310557292
2020-02-08,0,27253678,0,44569414971,44569414971.0,0.0,87337810970
2020-02-09,0,-1170865819,0,43398549152,43398549152.0,0.0,86166945151
2020-02-10,0,866356325,0,44264905477,44264905477.0,0.0,87033301476
2020-02-11,0,168454627,0,44433360104,44433360104.0,0.0,87201756103
2020-02-12,0,901332568,0,45334692672,45334692672.0,0.0,88103088671
2020-02-13,0,165580595,0,45500273267,45500273267.0,0.0,88268669266
2020-02-14,0,-190737078,0,45309536189,45309536189.0,0.0,88077932188
2020-02-15,0,-87367054,-5001200000,40220969135,40220969135.0,0.0,87990565134
2020-02-16,0,1107480584,0,41328449719,41328449719.0,0.0,89098045718
2020-02-17,0,26480818,0,41354930537,41354930537.0,0.0,89124526536
2020-02-18,0,-1723327738,0,39631602799,39631602799.0,0.0,87401198798
2020-02-19,0,-2049487,0,39629553312,39629553312.0,0.0,87399149311
2020-02-20,0,1847271,0,39631400583,39631400583.0,0.0,87400996582
2020-02-21,0,26185131,0,39657585714,39657585714.0,0.0,87427181713
2020-02-22,0,27854846,0,39685440560,39685440560.0,0.0,87455036559
2020-02-23,0,27790045,0,39713230605,39713230605.0,0.0,87482826604
2020-02-24,0,-597622596,0,39115608009,39115608009.0,0.0,86885204008
2020-02-25,0,276450858,0,39392058867,39392058867.0,0.0,87161654866
2020-02-26,0,16185099,0,39408243966,39408243966.0,0.0,87177839965
2020-02-27,0,-1352521694,0,38055722272,38055722272.0,0.0,85825318271
2020-02-28,0,512879102,0,38568601374,38568601374.0,0.0,86338197373
2020-02-29,0,3191112447,0,41759713821,41759713821.0,0.0,89529309820
2020-03-01,0,368510868,0,42128224689,42128224689.0,0.0,89897820688
2020-03-02,0,194926170,0,42323150859,42323150859.0,0.0,90092746858
2020-03-03,0,31155982,0,42354306841,42354306841.0,0.0,90123902840
2020-03-04,0,2623335,0,42356930176,42356930176.0,0.0,90126526175
2020-03-05,0,-3140735619,0,39216194557,39216194557.0,0.0,86985790556
2020-03-06,0,29751824,0,39245946381,39245946381.0,0.0,87015542380
2020-03-07,0,-119624344,0,39126322037,39126322037.0,0.0,86895918036
2020-03-08,0,10090439,0,39136412476,39136412476.0,0.0,86906008475
2020-03-09,0,2386035156,0,41522447632,41522447632.0,0.0,89292043631
2020-03-10,0,293414470,0,41815862102,41815862102.0,0.0,89585458101
2020-03-11,0,1138727681,0,42954589783,42954589783.0,0.0,90724185782
2020-03-12,0,-2248469416,0,40706120367,40706120367.0,0.0,88475716366
2020-03-13,0,27553795475,-5001200000,63258715842,63258715842.0,0.0,116029511841
2020-03-14,0,-3130713645,0,60128002197,60128002197.0,0.0,112898798196
2020-03-15,0,-921922351,0,59206079846,59206079846.0,0.0,111976875845
2020-03-16,0,-2080594660,0,57125485186,57125485186.0,0.0,109896281185
2020-03-17,0,2176336425,0,59301821611,59301821611.0,0.0,112072617610
2020-03-18,0,851584151,0,60153405762,60153405762.0,0.0,112924201761
2020-03-19,0,-2594085463,0,57559320299,57559320299.0,0.0,110330116298
2020-03-20,0,-7885178130,0,49674142169,49674142169.0,0.0,102444938168
2020-03-21,0,197490297,0,49871632466,49871632466.0,0.0,102642428465
2020-03-22,0,2554875408,0,52426507874,52426507874.0,0.0,105197303873
2020-03-23,0,4668148444,0,57094656318,57094656318.0,0.0,109865452317
2020-03-24,0,550114405,-5001200000,52643570723,52643570723.0,0.0,110415566722
2020-03-25,0,135649637,0,52779220360,52779220360.0,0.0,110551216359
2020-03-26,0,-62950774,0,52716269586,52716269586.0,0.0,110488265585
2020-03-27,0,-1026482096,0,51689787490,51689787490.0,0.0,109461783489
2020-03-28,0,3397613041,0,55087400531,55087400531.0,0.0,112859396530
2020-03-29,0,264667794,0,55352068325,55352068325.0,0.0,113124064324
2020-03-30,0,6131053094,0,61483121419,61483121419.0,0.0,119255117418
2020-03-31,0,208264039,0,61691385458,61691385458.0,0.0,119463381457
2020-04-01,0,635149575,0,62326535033,62326535033.0,0.0,120098531032
2020-04-02,0,-68599430,0,62257935603,62257935603.0,0.0,120029931602
2020-04-03,0,-11002862944,0,51255072659,51255072659.0,0.0,109027068658
2020-04-04,0,-90532508,0,51164540151,51164540151.0,0.0,108936536150
2020-04-05,0,-64134609,0,51100405542,51100405542.0,0.0,108872401541
2020-04-06,0,-2979599752,0,48120805790,48120805790.0,0.0,105892801789
2020-04-07,0,14431570,0,48135237360,48135237360.0,0.0,105907233359
2020-04-08,0,148061607,0,48283298967,48283298967.0,0.0,106055294966
2020-04-09,0,-334641684,0,47948657283,47948657283.0,0.0,105720653282
2020-04-10,0,1667370970,0,49616028253,49616028253.0,0.0,107388024252
2020-04-11,0,1556050755,0,51172079008,51172079008.0,0.0,108944075007
2020-04-12,0,-74054288,0,51098024720,51098024720.0,0.0,108870020719
2020-04-13,0,2229862062,0,53327886782,53327886782.0,0.0,111099882781
2020-04-14,0,583249943,0,53911136725,53911136725.0,0.0,111683132724
2020-04-15,0,18006055,0,53929142780,53929142780.0,0.0,111701138779
2020-04-16,0,-1281586454,0,52647556326,52647556326.0,0.0,110419552325
2020-04-17,0,672919376,0,53320475702,53320475702.0,0.0,111092471701
2020-04-18,0,-806,0,53320474896,53320474896.0,0.0,111092470895
2020-04-19,0,-1034,0,53320473862,53320473862.0,0.0,111092469861
2020-04-20,0,199702,0,53320673564,53320673564.0,0.0,111092669563
2020-04-21,0,1101849592,0,54422523156,54422523156.0,0.0,112194519155
2020-04-22,0,561269745,0,54983792901,54983792901.0,0.0,112755788900
2020-04-23,0,-268649332,0,54715143569,54715143569.0,0.0,112487139568
2020-04-24,0,485,0,54715144054,54715144054.0,0.0,112487140053
2020-04-25,0,1708,0,54715145762,54715145762.0,0.0,112487141761
2020-04-26,0,-201004734,0,54514141028,54514141028.0,0.0,112286137027
2020-04-27,0,292338190,0,54806479218,54806479218.0,0.0,112578475217
2020-04-28,0,-63302909,0,54743176309,54743176309.0,0.0,112515172308
2020-04-29,0,1322838822,0,56066015131,56066015131.0,0.0,113838011130
2020-04-30,0,546455094,0,56612470225,56612470225.0,0.0,114384466224
2020-05-01,0,2361413564,0,58973883789,58973883789.0,0.0,116745879788
2020-05-02,0,3312766,-5001200000,53975996555,53975996555.0,0.0,116749192554
2020-05-03,0,1017142803,0,54993139358,54993139358.0,0.0,117766335357
2020-05-04,0,-309356774,0,54683782584,54683782584.0,0.0,117456978583
2020-05-05,0,1005654253,0,55689436837,55689436837.0,0.0,118462632836
2020-05-06,0,598581571,0,56288018408,56288018408.0,0.0,119061214407
2020-05-07,0,-1325811286,0,54962207122,54962207122.0,0.0,117735403121
2020-05-08,0,-1694464,0,54960512658,54960512658.0,0.0,117733708657
2020-05-09,0,-4502281,0,54956010377,54956010377.0,0.0,117729206376
2020-05-10,0,4917873392,0,59873883769,59873883769.0,0.0,122647079768
2020-05-11,0,-23719375,-5001500000,54848664394,54848664394.0,0.0,122623360393
2020-05-12,0,-2558523436,0,52290140958,52290140958.0,0.0,120064836957
2020-05-13,0,102,0,52290141060,52290141060.0,0.0,120064837059
2020-05-14,0,-2641735993,0,49648405067,49648405067.0,0.0,117423101066
2020-05-15,0,802668034,0,50451073101,50451073101.0,0.0,118225769100
2020-05-16,0,1584,0,50451074685,50451074685.0,0.0,118225770684
2020-05-17,0,1588,0,50451076273,50451076273.0,0.0,118225772272
2020-05-18,0,2578,0,50451078851,50451078851.0,0.0,118225774850
2020-05-19,0,-965698593,0,49485380258,49485380258.0,0.0,117260076257
2020-05-20,0,-22271,0,49485357987,49485357987.0,0.0,117260053986
2020-05-21,0,915850703,0,50401208690,50401208690.0,0.0,118175904689
2020-05-22,0,3223537262,0,53624745952,53624745952.0,0.0,121399441951
2020-05-23,0,-9665333,0,53615080619,53615080619.0,0.0,121389776618
2020-05-24,0,-47816584,0,53567264035,53567264035.0,0.0,121341960034
2020-05-25,0,1761248758,0,55328512793,55328512793.0,0.0,123103208792
2020-05-26,0,464047428,0,55792560221,55792560221.0,0.0,123567256220
2020-05-27,0,-379091210,0,55413469011,55413469011.0,0.0,123188165010
2020-05-28,0,-11346830,0,55402122181,55402122181.0,0.0,123176818180
2020-05-29,0,-1607976059,0,53794146122,53794146122.0,0.0,121568842121
2020-05-30,0,153,0,53794146275,53794146275.0,0.0,121568842274
2020-05-31,0,150,0,53794146425,53794146425.0,0.0,121568842424
2020-06-01,0,150,0,53794146575,53794146575.0,0.0,121568842574
2020-06-02,0,-24605009,0,53769541566,53769541566.0,0.0,121544237565
2020-06-03,0,-4537317781,0,49232223785,49232223785.0,0.0,117006919784
2020-06-04,0,27,0,49232223812,49232223812.0,0.0,117006919811
2020-06-05,0,-34315417,0,49197908395,49197908395.0,0.0,116972604394
2020-06-06,0,778189546,0,49976097941,49976097941.0,0.0,117750793940
2020-06-07,0,-56596538,0,49919501403,49919501403.0,0.0,117694197402
2020-06-08,0,-626243931,0,49293257472,49293257472.0,0.0,117067953471
2020-06-09,0,15436659,0,49308694131,49308694131.0,0.0,117083390130
2020-06-10,0,13861377,0,49322555508,49322555508.0,0.0,117097251507
2020-06-11,0,-1158753864,0,48163801644,48163801644.0,0.0,115938497643
2020-06-12,0,-159947944,0,48003853700,48003853700.0,0.0,115778549699
2020-06-13,0,44127168,0,48047980868,48047980868.0,0.0,115822676867
2020-06-14,0,10786436,0,48058767304,48058767304.0,0.0,115833463303
2020-06-15,0,3785657420,0,51844424724,51844424724.0,0.0,119619120723
2020-06-16,0,649906006,0,52494330730,52494330730.0,0.0,120269026729
2020-06-17,0,-673,0,52494330057,52494330057.0,0.0,120269026056
2020-06-18,0,-29873504,0,52464456553,52464456553.0,0.0,120239152552
2020-06-19,0,-56284158,0,52408172395,52408172395.0,0.0,120182868394
2020-06-20,0,-19287684,0,52388884711,52388884711.0,0.0,120163580710
2020-06-21,0,-19299684,0,52369585027,52369585027.0,0.0,120144281026
2020-06-22,0,-63341526,0,52306243501,52306243501.0,0.0,120080939500
2020-06-23,0,-14500146,0,52291743355,52291743355.0,0.0,120066439354
2020-06-24,0,1848414719,0,54140158074,54140158074.0,0.0,121914854073
2020-06-25,0,1376992062,0,55517150136,55517150136.0,0.0,123291846135
2020-06-26,0,1022956041,0,56540106177,56540106177.0,0.0,124314802176
2020-06-27,0,850076539,0,57390182716,57390182716.0,0.0,125164878715
2020-06-28,0,1033867140,0,58424049856,58424049856.0,0.0,126198745855
2020-06-29,0,265646,0,58424315502,58424315502.0,0.0,126199011501
2020-06-30,0,72971104,0,58497286606,58497286606.0,0.0,126271982605
2020-07-01,0,-33527698,0,58463758908,58463758908.0,0.0,126238454907
2020-07-02,0,-1081235826,0,57382523082,57382523082.0,0.0,125157219081
2020-07-03,0,1124803503,0,58507326585,58507326585.0,0.0,126282022584
2020-07-04,0,7512900,0,58514839485,58514839485.0,0.0,126289535484
2020-07-05,0,20330508,0,58535169993,58535169993.0,0.0,126309865992
2020-07-06,0,-981070803,0,57554099190,57554099190.0,0.0,125328795189
2020-07-07,0,-4381256,0,57549717934,57549717934.0,0.0,125324413933
2020-07-08,0,-6921359,0,57542796575,57542796575.0,0.0,125317492574
2020-07-09,0,358168337,0,57900964912,57900964912.0,0.0,125675660911
2020-07-10,0,-1255349281,0,56645615631,56645615631.0,0.0,124420311630
2020-07-11,0,-29375540,0,56616240091,56616240091.0,0.0,124390936090
2020-07-12,0,-10446289,0,56605793802,56605793802.0,0.0,124380489801
2020-07-13,0,-6986486,0,56598807316,56598807316.0,0.0,124373503315
2020-07-14,0,17793096,0,56616600412,56616600412.0,0.0,124391296411
2020-07-15,0,1383,0,56616601795,56616601795.0,0.0,124391297794
2020-07-16,0,1389,0,56616603184,56616603184.0,0.0,124391299183
2020-07-17,0,1404,0,56616604588,56616604588.0,0.0,124391300587
2020-07-18,0,1398,0,56616605986,56616605986.0,0.0,124391301985
2020-07-19,0,1028,0,56616607014,56616607014.0,0.0,124391303013
2020-07-20,0,1396,0,56616608410,56616608410.0,0.0,124391304409
2020-07-21,0,-4700778,0,56611907632,56611907632.0,0.0,124386603631
2020-07-22,0,77015548,0,56688923180,56688923180.0,0.0,124463619179
2020-07-23,0,-1437,0,56688921743,56688921743.0,0.0,124463617742
2020-07-24,0,1112209257,0,57801131000,57801131000.0,0.0,125575826999
2020-07-25,0,424388823,0,58225519823,58225519823.0,0.0,126000215822
2020-07-26,0,-1402,0,58225518421,58225518421.0,0.0,126000214420
2020-07-27,0,-4580,0,58225513841,58225513841.0,0.0,126000209840
2020-07-28,0,390182423,0,58615696264,58615696264.0,0.0,126390392263
2020-07-29,0,821027500,0,59436723764,59436723764.0,0.0,127211419763
2020-07-30,0,508580840,0,59945304604,59945304604.0,0.0,127720000603
2020-07-31,0,-2952773,0,59942351831,59942351831.0,0.0,127717047830
2020-08-01,0,2821533106,0,62763884937,62763884937.0,0.0,130538580936
2020-08-02,0,3892759804,-7201200000,59455444741,59455444741.0,0.0,134431340740
2020-08-03,0,463655862,0,59919100603,59919100603.0,0.0,134894996602
2020-08-04,0,610601997,0,60529702600,60529702600.0,0.0,135505598599
2020-08-05,0,773270928,0,61302973528,61302973528.0,0.0,136278869527
2020-08-06,0,2380392595,0,63683366123,63683366123.0,0.0,138659262122
2020-08-07,0,930575429,0,64613941552,64613941552.0,0.0,139589837551
2020-08-08,0,1487850583,0,66101792135,66101792135.0,0.0,141077688134
2020-08-09,0,-48452199,0,66053339936,66053339936.0,0.0,141029235935
2020-08-10,0,-30558621,0,66022781315,66022781315.0,0.0,140998677314
2020-08-11,0,-66669697,0,65956111618,65956111618.0,0.0,140932007617
2020-08-12,0,-1103932383,0,64852179235,64852179235.0,0.0,139828075234
2020-08-13,0,1140503946,0,65992683181,65992683181.0,0.0,140968579180
2020-08-14,0,-121554,0,65992561627,65992561627.0,0.0,140968457626
2020-08-15,0,4525,0,65992566152,65992566152.0,0.0,140968462151
2020-08-16,0,5354,0,65992571506,65992571506.0,0.0,140968467505
2020-08-17,0,5084,0,65992576590,65992576590.0,0.0,140968472589
2020-08-18,0,-418958556,0,65573618034,65573618034.0,0.0,140549514033
2020-08-19,0,1528619122,-5001200000,62101037156,62101037156.0,0.0,142078133155
2020-08-20,0,1268005584,0,63369042740,63369042740.0,0.0,143346138739
2020-08-21,0,842094438,0,64211137178,64211137178.0,0.0,144188233177
2020-08-22,0,-18502809,0,64192634369,64192634369.0,0.0,144169730368
2020-08-23,0,-499616403,0,63693017966,63693017966.0,0.0,143670113965
2020-08-24,0,399105949,-5000200000,59091923915,59091923915.0,0.0,144069219914
2020-08-25,0,683234020,0,59775157935,59775157935.0,0.0,144752453934
2020-08-26,0,2251667278,0,62026825213,62026825213.0,0.0,147004121212
2020-08-27,0,-1451031325,0,60575793888,60575793888.0,0.0,145553089887
2020-08-28,0,-2523994094,0,58051799794,58051799794.0,0.0,143029095793
2020-08-29,0,20231,0,58051820025,58051820025.0,0.0,143029116024
2020-08-30,0,76911773,0,58128731798,58128731798.0,0.0,143106027797
2020-08-31,0,24487433,0,58153219231,58153219231.0,0.0,143130515230
2020-09-01,0,-65158870,0,58088060361,58088060361.0,0.0,143065356360
2020-09-02,0,5532824255,0,63620884616,63620884616.0,0.0,148598180615
2020-09-03,0,3728411547,0,67349296163,67349296163.0,0.0,152326592162
2020-09-04,0,5046487675,0,72395783838,72395783838.0,0.0,157373079837
2020-09-05,0,6104240116,0,78500023954,78500023954.0,0.0,163477319953
2020-09-06,0,2707894670,0,81207918624,81207918624.0,0.0,166185214623
2020-09-07,0,135792687,0,81343711311,81343711311.0,0.0,166321007310
2020-09-08,0,338656206,0,81682367517,81682367517.0,0.0,166659663516
2020-09-09,0,-4010191334,0,77672176183,77672176183.0,0.0,162649472182
2020-09-10,0,-2235143847,0,75437032336,75437032336.0,0.0,160414328335
2020-09-11,0,1827,0,75437034163,75437034163.0,0.0,160414330162
2020-09-12,0,799,0,75437034962,75437034962.0,0.0,160414330961
2020-09-13,0,-56088380,0,75380946582,75380946582.0,0.0,160358242581
2020-09-14,0,-51760997,0,75329185585,75329185585.0,0.0,160306481584
2020-09-15,0,-895433329,0,74433752256,74433752256.0,0.0,159411048255
2020-09-16,0,-227233,0,74433525023,74433525023.0,0.0,159410821022
2020-09-17,0,-6237905103,0,68195619920,68195619920.0,0.0,153172915919
2020-09-18,0,-2028164064,0,66167455856,66167455856.0,0.0,151144751855
2020-09-19,0,19267699,0,66186723555,66186723555.0,0.0,151164019554
2020-09-20,0,-10174735,0,66176548820,66176548820.0,0.0,151153844819
2020-09-21,0,-40755354,0,66135793466,66135793466.0,0.0,151113089465
2020-09-22,0,2847681014,0,68983474480,68983474480.0,0.0,153960770479
2020-09-23,0,-364313374,0,68619161106,68619161106.0,0.0,153596457105
2020-09-24,0,2346981479,0,70966142585,70966142585.0,0.0,155943438584
2020-09-25,0,-3236760491,0,67729382094,67729382094.0,0.0,152706678093
2020-09-26,0,487272711,0,68216654805,68216654805.0,0.0,153193950804
2020-09-27,0,18000149,0,68234654954,68234654954.0,0.0,153211950953
2020-09-28,0,17794832,0,68252449786,68252449786.0,0.0,153229745785
2020-09-29,0,24980967,0,68277430753,68277430753.0,0.0,153254726752
2020-09-30,0,21775647,0,68299206400,68299206400.0,0.0,153276502399
2020-10-01,0,6159937,0,68305366337,68305366337.0,0.0,153282662336
2020-10-02,0,1091011896,-5001200000,64395178233,64395178233.0,0.0,154373674232
2020-10-03,0,-2800,0,64395175433,64395175433.0,0.0,154373671432
2020-10-04,0,-2631,0,64395172802,64395172802.0,0.0,154373668801
2020-10-05,0,-941,0,64395171861,64395171861.0,0.0,154373667860
2020-10-06,0,10089239,0,64405261100,64405261100.0,0.0,154383757099
2020-10-07,0,268497829,0,64673758929,64673758929.0,0.0,154652254928
2020-10-08,0,698273274,0,65372032203,65372032203.0,0.0,155350528202
2020-10-09,0,-2202983,0,65369829220,65369829220.0,0.0,155348325219
2020-10-10,0,-2258799,0,65367570421,65367570421.0,0.0,155346066420
2020-10-11,0,-6700733,0,65360869688,65360869688.0,0.0,155339365687
2020-10-12,0,-119464108,0,65241405580,65241405580.0,0.0,155219901579
2020-10-13,0,-36157517,0,65205248063,65205248063.0,0.0,155183744062
2020-10-14,0,901458225,0,66106706288,66106706288.0,0.0,156085202287
2020-10-15,0,-777675716,0,65329030572,65329030572.0,0.0,155307526571
2020-10-16,0,-385201803,0,64943828769,64943828769.0,0.0,154922324768
2020-10-17,0,-1026141,0,64942802628,64942802628.0,0.0,154921298627
2020-10-18,0,-1559162,0,64941243466,64941243466.0,0.0,154919739465
2020-10-19,0,-20609193,0,64920634273,64920634273.0,0.0,154899130272
2020-10-20,0,25897881,0,64946532154,64946532154.0,0.0,154925028153
2020-10-21,0,-14612616310,0,50333915844,50333915844.0,0.0,140312411843
2020-10-22,0,1956956350,0,52290872194,52290872194.0,0.0,142269368193
2020-10-23,0,-1471446158,0,50819426036,50819426036.0,0.0,140797922035
2020-10-24,0,-23143688,0,50796282348,50796282348.0,0.0,140774778347
2020-10-25,0,-22816677,0,50773465671,50773465671.0,0.0,140751961670
2020-10-26,0,-22999684,0,50750465987,50750465987.0,0.0,140728961986
2020-10-27,0,-37230177,0,50713235810,50713235810.0,0.0,140691731809
2020-10-28,0,3137485158,0,53850720968,53850720968.0,0.0,143829216967
2020-10-29,0,5092742554,0,58943463522,58943463522.0,0.0,148921959521
2020-10-30,0,-856313645,0,58087149877,58087149877.0,0.0,148065645876
2020-10-31,0,2159877241,0,60247027118,60247027118.0,0.0,150225523117
2020-11-01,0,20064798,0,60267091916,60267091916.0,0.0,150245587915
2020-11-02,0,706413281,0,60973505197,60973505197.0,0.0,150952001196
2020-11-03,0,3199829828,0,64173335025,64173335025.0,0.0,154151831024
2020-11-04,0,-1335191279,0,62838143746,62838143746.0,0.0,152816639745
2020-11-05,0,2557034782,0,65395178528,65395178528.0,0.0,155373674527
2020-11-06,0,-3309816025,0,62085362503,62085362503.0,0.0,152063858502
2020-11-07,0,1524271290,0,63609633793,63609633793.0,0.0,153588129792
2020-11-08,0,-1610151766,0,61999482027,61999482027.0,0.0,151977978026
2020-11-09,0,-5731744620,0,56267737407,56267737407.0,0.0,146246233406
2020-11-10,0,-1023085092,0,55244652315,55244652315.0,0.0,145223148314
2020-11-11,0,-117359227,0,55127293088,55127293088.0,0.0,145105789087
2020-11-12,0,0,0,55127293088,,,145105789087
2020-11-13,0,0,0,55127293088,,,145105789087
2020-11-14,0,0,0,55127293088,,,145105789087
2020-11-15,0,0,0,55127293088,,,145105789087
2020-11-16,0,359484,0,55127652572,55127652572.0,0.0,145106148571
2020-11-17,0,18136000,0,55145788572,55145788572.0,0.0,145124284571
2020-11-18,0,-2479406156,0,52666382416,52666382416.0,0.0,142644878415
2020-11-19,0,18019219,0,52684401635,52684401635.0,0.0,142662897634
2020-11-20,0,-810593686,0,51873807949,51873807949.0,0.0,141852303948
2020-11-21,0,-101211911,0,51772596038,51772596038.0,0.0,141751092037
2020-11-22,0,-790078587,0,50982517451,50982517451.0,0.0,140961013450
2020-11-23,0,-274547395,0,50707970056,50707970056.0,0.0,140686466055
2020-11-24,0,430967932,0,51138937988,51138937988.0,0.0,141117433987
2020-11-25,0,1767902110,0,52906840098,52906840098.0,0.0,142885336097
2020-11-26,0,1087671665,0,53994511763,53994511763.0,0.0,143973007762
2020-11-27,0,6844212569,0,60838724332,60838724332.0,0.0,150817220331
2020-11-28,0,69027184,0,60907751516,60907751516.0,0.0,150886247515
2020-11-29,0,1824888267,0,62732639783,62732639783.0,0.0,152711135782
2020-11-30,0,974088785,0,63706728568,63706728568.0,0.0,153685224567
2020-12-01,0,-6159207710,0,57547520858,57547520858.0,0.0,147526016857
2020-12-02,0,4258981210,0,61806502068,61806502068.0,0.0,151784998067
2020-12-03,0,-2887,0,61806499181,61806499181.0,0.0,151784995180
2020-12-04,0,-2855,0,61806496326,61806496326.0,0.0,151784992325
2020-12-05,0,131567555,0,61938063881,61938063881.0,0.0,151916559880
2020-12-06,0,-123977779,0,61814086102,61814086102.0,0.0,151792582101
2020-12-07,0,-1297217591,0,60516868511,60516868511.0,0.0,150495364510
2020-12-08,0,-203696,0,60516664815,60516664815.0,0.0,150495160814
2020-12-09,0,-20836068,0,60495828747,60495828747.0,0.0,150474324746
2020-12-10,0,26045872,0,60521874619,60521874619.0,0.0,150500370618
2020-12-11,0,-194967937,0,60326906682,60326906682.0,0.0,150305402681
2020-12-12,0,-45281723,0,60281624959,60281624959.0,0.0,150260120958
2020-12-13,0,5713764177,0,65995389136,65995389136.0,0.0,155973885135
2020-12-14,0,281806134,0,66277195270,66277195270.0,0.0,156255691269
2020-12-15,0,-735,0,66277194535,66277194535.0,0.0,156255690534
2020-12-16,0,-634,0,66277193901,66277193901.0,0.0,156255689900
2020-12-17,0,-5798047425,0,60479146476,60479146476.0,0.0,150457642475
2020-12-18,0,1599265903,0,62078412379,62078412379.0,0.0,152056908378
2020-12-19,0,168955930,0,62247368309,62247368309.0,0.0,152225864308
2020-12-20,0,70551933,-5001200000,57316720242,57316720242.0,0.0,152296416241
2020-12-21,0,-1684882843,0,55631837399,55631837399.0,0.0,150611533398
2020-12-22,0,3150299930,0,58782137329,58782137329.0,0.0,153761833328
2020-12-23,0,495871279,0,59278008608,59278008608.0,0.0,154257704607
2020-12-24,0,4524047944,0,63802056552,63802056552.0,0.0,158781752551
2020-12-25,0,-2299723,0,63799756829,63799756829.0,0.0,158779452828
2020-12-26,0,108857265,0,63908614094,63908614094.0,0.0,158888310093
2020-12-27,0,148402687,0,64057016781,64057016781.0,0.0,159036712780
2020-12-28,0,-12999868839,0,51057147942,51057147942.0,0.0,146036843941
2020-12-29,0,-137803143,0,50919344799,50919344799.0,0.0,145899040798
2020-12-30,0,1884375056,0,52803719855,52803719855.0,0.0,147783415854
2020-12-31,0,-939290648,0,51864429207,51864429207.0,0.0,146844125206
2021-01-01,0,52972302,0,51917401509,51917401509.0,0.0,146897097508
2021-01-02,0,-3030568562,0,48886832947,48886832947.0,0.0,143866528946
2021-01-03,0,80677732,0,48967510679,48967510679.0,0.0,143947206678
2021-01-04,0,1434412984,0,50401923663,50401923663.0,0.0,145381619662
2021-01-05,0,4048255820,0,54450179483,54450179483.0,0.0,149429875482
2021-01-06,0,-1183581908,0,53266597575,53266597575.0,0.0,148246293574
2021-01-07,0,750582870,0,54017180445,54017180445.0,0.0,148996876444
2021-01-08,0,-1825617168,0,52191563277,52191563277.0,0.0,147171259276
2021-01-09,0,147885671,0,52339448948,52339448948.0,0.0,147319144947
2021-01-10,0,24260065,0,52363709013,52363709013.0,0.0,147343405012
2021-01-11,0,5880087051,0,58243796064,58243796064.0,0.0,153223492063
2021-01-12,0,2497451250,0,60741247314,60741247314.0,0.0,155720943313
2021-01-13,0,2091543400,0,62832790714,62832790714.0,0.0,157812486713
2021-01-14,0,2084162645,0,64916953359,64916953359.0,0.0,159896649358
2021-01-15,0,1104179626,0,66021132985,66021132985.0,0.0,161000828984
2021-01-16,0,66928038,0,66088061023,66088061023.0,0.0,161067757022
2021-01-17,0,-396459998,0,65691601025,65691601025.0,0.0,160671297024
2021-01-18,0,89217657,0,65780818682,65780818682.0,0.0,160760514681
2021-01-19,0,436962688,0,66217781370,66217781370.0,0.0,161197477369
2021-01-20,0,498834888,0,66716616258,66716616258.0,0.0,161696312257
2021-01-21,0,1289761345,0,68006377603,68006377603.0,0.0,162986073602
2021-01-22,0,9513513884,0,77519891487,77519891487.0,0.0,172499587486
2021-01-23,0,-4742906365,0,72776985122,72776985122.0,0.0,167756681121
2021-01-24,0,8615400,0,72785600522,72785600522.0,0.0,167765296521
2021-01-25,0,14530517,0,72800131039,72800131039.0,0.0,167779827038
2021-01-26,0,2251931885,0,75052062924,75052062924.0,0.0,170031758923
2021-01-27,0,1458928516,0,76510991440,76510991440.0,0.0,171490687439
2021-01-28,0,3923739959,0,80434731399,80434731399.0,0.0,175414427398
2021-01-29,0,4813527083,-10001200000,75247058482,75247058482.0,0.0,180227954481
2021-01-30,0,-1841627329,0,73405431153,73405431153.0,0.0,178386327152
2021-01-31,0,14449002,0,73419880155,73419880155.0,0.0,178400776154
2021-02-01,0,2144642215,0,75564522370,75564522370.0,0.0,180545418369
2021-02-02,0,820242766,0,76384765136,76384765136.0,0.0,181365661135
2021-02-03,0,101253137,0,76486018273,76486018273.0,0.0,181466914272
2021-02-04,0,-3834456015,0,72651562258,72651562258.0,0.0,177632458257
2021-02-05,0,-3549615240,0,69101947018,69101947018.0,0.0,174082843017
2021-02-06,0,182104485,0,69284051503,69284051503.0,0.0,174264947502
2021-02-07,0,-3112965961,0,66171085542,66171085542.0,0.0,171151981541
2021-02-08,0,1440741419,0,67611826961,67611826961.0,0.0,172592722960
2021-02-09,0,-8218520875,0,59393306086,59393306086.0,0.0,164374202085
2021-02-10,0,-223638712,0,59169667374,59169667374.0,0.0,164150563373
2021-02-11,0,656196918,0,59825864292,59825864292.0,0.0,164806760291
2021-02-12,0,641,0,59825864933,59825864933.0,0.0,164806760932
2021-02-13,0,-836294548,0,58989570385,58989570385.0,0.0,163970466384
2021-02-14,0,-2096604837,0,56892965548,56892965548.0,0.0,161873861547
2021-02-15,0,222182,0,56893187730,56893187730.0,0.0,161874083729
2021-02-16,0,-2611430381,0,54281757349,54281757349.0,0.0,159262653348
2021-02-17,0,-140979566,0,54140777783,54140777783.0,0.0,159121673782
2021-02-18,0,507425609,0,54648203392,54648203392.0,0.0,159629099391
2021-02-19,0,1435856,0,54649639248,54649639248.0,0.0,159630535247
2021-02-20,0,1416468083,0,56066107331,56066107331.0,0.0,161047003330
2021-02-21,0,17419748,0,56083527079,56083527079.0,0.0,161064423078
2021-02-22,0,1438927804,0,57522454883,57522454883.0,0.0,162503350882
2021-02-23,0,7081573457,0,64604028340,64604028340.0,0.0,169584924339
2021-02-24,0,5033974,0,64609062314,64609062314.0,0.0,169589958313
2021-02-25,0,1184050943,0,65793113257,65793113257.0,0.0,170774009256
2021-02-26,0,4834015004,0,70627128261,70627128261.0,0.0,175608024260
2021-02-27,0,41360121,0,70668488382,70668488382.0,0.0,175649384381
2021-02-28,0,-241299635,0,70427188747,70427188747.0,0.0,175408084746
2021-03-01,0,-90324037,0,70336864710,70336864710.0,0.0,175317760709
2021-03-02,0,1097538418,0,71434403128,71434403128.0,0.0,176415299127
2021-03-03,0,-77666999,0,71356736129,71356736129.0,0.0,176337632128
2021-03-04,0,3188587018,0,74545323147,74545323147.0,0.0,179526219146
2021-03-05,0,21784492,0,74567107639,74567107639.0,0.0,179548003638
2021-03-06,0,606900300,0,75174007939,75174007939.0,0.0,180154903938
2021-03-07,0,18480486,0,75192488425,75192488425.0,0.0,180173384424
2021-03-08,0,106683243,-5001200000,70297971668,70297971668.0,0.0,180280067667
2021-03-09,0,56661145,0,70354632813,70354632813.0,0.0,180336728812
2021-03-10,0,-930919216,0,69423713597,69423713597.0,0.0,179405809596
2021-03-11,0,-885547895,0,68538165702,68538165702.0,0.0,178520261701
2021-03-12,0,132740046,0,68670905748,68670905748.0,0.0,178653001747
2021-03-13,0,-7364953181,0,61305952567,61305952567.0,0.0,171288048566
2021-03-14,0,24447519,0,61330400086,61330400086.0,0.0,171312496085
2021-03-15,0,61958971,0,61392359057,61392359057.0,0.0,171374455056
2021-03-16,0,2480013170,0,63872372227,63872372227.0,0.0,173854468226
2021-03-17,0,452706,0,63872824933,63872824933.0,0.0,173854920932
2021-03-18,0,3346137,0,63876171070,63876171070.0,0.0,173858267069
2021-03-19,0,161180754,0,64037351824,64037351824.0,0.0,174019447823
2021-03-20,0,-483507526,0,63553844298,63553844298.0,0.0,173535940297
2021-03-21,0,-996633072,0,62557211226,62557211226.0,0.0,172539307225
2021-03-22,0,11434136,0,62568645362,62568645362.0,0.0,172550741361
2021-03-23,0,1174963748,0,63743609110,63743609110.0,0.0,173725705109
2021-03-24,0,12661353,0,63756270463,63756270463.0,0.0,173738366462
2021-03-25,0,3932622325,0,67688892788,67688892788.0,0.0,177670988787
2021-03-26,0,2064297227,0,69753190015,69753190015.0,0.0,179735286014
2021-03-27,0,-4935336,0,69748254679,69748254679.0,0.0,179730350678
2021-03-28,0,17083786,0,69765338465,69765338465.0,0.0,179747434464
2021-03-29,0,104438219,0,69869776684,69869776684.0,0.0,179851872683
2021-03-30,0,-439910782,0,69429865902,69429865902.0,0.0,179411961901
2021-03-31,0,252951654,0,69682817556,69682817556.0,0.0,179664913555
2021-04-01,0,203206221,0,69886023777,69886023777.0,0.0,179868119776
2021-04-02,0,245152571,0,70131176348,70131176348.0,0.0,180113272347
2021-04-03,0,297117022,0,70428293370,70428293370.0,0.0,180410389369
2021-04-04,0,-1394545307,0,69033748063,69033748063.0,0.0,179015844062
2021-04-05,0,12403050,-10001200000,59044951113,59044951113.0,0.0,179028247112
2021-04-06,0,117551544,0,59162502657,59162502657.0,0.0,179145798656
2021-04-07,0,306680724,0,59469183381,59469183381.0,0.0,179452479380
2021-04-08,0,-68463997,0,59400719384,59400719384.0,0.0,179384015383
2021-04-09,0,20528130,0,59421247514,59421247514.0,0.0,179404543513
2021-04-10,0,-3044454849,0,56376792665,56376792665.0,0.0,176360088664
2021-04-11,0,5892103,0,56382684768,56382684768.0,0.0,176365980767
2021-04-12,0,3090509,0,56385775277,56385775277.0,0.0,176369071276
2021-04-13,0,3690927,0,56389466204,56389466204.0,0.0,176372762203
2021-04-14,0,4403139,0,56393869343,56393869343.0,0.0,176377165342
2021-04-15,0,2595754,0,56396465097,56396465097.0,0.0,176379761096
2021-04-16,0,1091879,0,56397556976,56397556976.0,0.0,176380852975
2021-04-17,0,21069597,0,56418626573,56418626573.0,0.0,176401922572
2021-04-18,0,9111990836,0,65530617409,65530617409.0,0.0,185513913408
2021-04-19,0,-2035527,0,65528581882,65528581882.0,0.0,185511877881
2021-04-20,0,2901955247,0,68430537129,68430537129.0,0.0,188413833128
2021-04-21,0,509430764,0,68939967893,68939967893.0,0.0,188923263892
2021-04-22,0,314191606,0,69254159499,69254159499.0,0.0,189237455498
2021-04-23,0,1085866510,0,70340026009,70340026009.0,0.0,190323322008
2021-04-24,0,1330129549,0,71670155558,71670155558.0,0.0,191653451557
2021-04-25,0,333093172,0,72003248730,72003248730.0,0.0,191986544729
2021-04-26,0,4043673107,0,76046921837,76046921837.0,0.0,196030217836
2021-04-27,0,-4510272252,0,71536649585,71536649585.0,0.0,191519945584
2021-04-28,0,14644206,0,71551293791,71551293791.0,0.0,191534589790
2021-04-29,0,14665669,0,71565959460,71565959460.0,0.0,191549255459
2021-04-30,0,-270251906,0,71295707554,71295707554.0,0.0,191279003553
2021-05-01,0,150819248,0,71446526802,71446526802.0,0.0,191429822801
2021-05-02,0,172940814,0,71619467616,71619467616.0,0.0,191602763615
2021-05-03,0,137441322,0,71756908938,71756908938.0,0.0,191740204937
2021-05-04,0,-302008521,0,71454900417,71454900417.0,0.0,191438196416
2021-05-05,0,3113449660,0,74568350077,74568350077.0,0.0,194551646076
2021-05-06,0,-10937509876,0,63630840201,63630840201.0,0.0,183614136200
2021-05-07,0,-541268006,0,63089572195,63089572195.0,0.0,183072868194
2021-05-08,0,-1500270583,0,61589301612,61589301612.0,0.0,181572597611
2021-05-09,0,130118333,0,61719419945,61719419945.0,0.0,181702715944
2021-05-10,0,93130567,0,61812550512,61812550512.0,0.0,181795846511
2021-05-11,0,-9012874258,0,52799676254,52799676254.0,0.0,172782972253
2021-05-12,0,-2186626996,0,50613049258,50613049258.0,0.0,170596345257
2021-05-13,0,-3616228652,0,46996820606,46996820606.0,0.0,166980116605
2021-05-14,0,4196153764,0,51192974370,51192974370.0,0.0,171176270369
2021-05-15,0,-508215997,0,50684758373,50684758373.0,0.0,170668054372
2021-05-16,0,133836293,0,50818594666,50818594666.0,0.0,170801890665
2021-05-17,0,7222792116,0,58041386782,58041386782.0,0.0,178024682781
2021-05-18,0,4533903866,0,62575290648,62575290648.0,0.0,182558586647
2021-05-19,0,1322889782,0,63898180430,63898180430.0,0.0,183881476429
2021-05-20,0,-28183947272,0,35714233158,35714233158.0,0.0,155697529157
2021-05-21,0,1816820321,0,37531053479,37531053479.0,0.0,157514349478
2021-05-22,0,12413423318,0,49944476797,49944476797.0,0.0,169927772796
2021-05-23,0,-1162552037,0,48781924760,48781924760.0,0.0,168765220759
2021-05-24,0,10650630342,0,59432555102,59432555102.0,0.0,179415851101
2021-05-25,0,4353293135,0,63785848237,63785848237.0,0.0,183769144236
2021-05-26,0,4145368011,0,67931216248,67931216248.0,0.0,187914512247
2021-05-27,0,2431373682,0,70362589930,70362589930.0,0.0,190345885929
2021-05-28,0,5053794139,0,75416384069,75416384069.0,0.0,195399680068
2021-05-29,0,2710609650,0,78126993719,78126993719.0,0.0,198110289718
2021-05-30,0,1263715787,0,79390709506,79390709506.0,0.0,199374005505
2021-05-31,0,173911206,0,79564620712,79564620712.0,0.0,199547916711
2021-06-01,0,6554857409,0,86119478121,86119478121.0,0.0,206102774120
2021-06-02,0,1338326664,0,87457804785,87457804785.0,0.0,207441100784
2021-06-03,0,4476891647,0,91934696432,91934696432.0,0.0,211917992431
2021-06-04,0,2273368165,0,94208064597,94208064597.0,0.0,214191360596
2021-06-05,0,6126357163,0,100334421760,100334000000.0,-421760.0,220317717759
2021-06-06,0,2679851136,0,103014272896,103014000000.0,-272896.0,222997568895
2021-06-07,0,147355156,0,103161628052,103162000000.0,371948.0,223144924051
2021-06-08,0,17140823947,0,120302451999,120302000000.0,-451999.0,240285747998
2021-06-09,0,13693824955,0,133996276954,133996000000.0,-276954.0,253979572953
2021-06-10,0,-9164201166,0,124832075788,124832000000.0,-75788.0,244815371787
2021-06-11,0,621313590,0,125453389378,125453000000.0,-389378.0,245436685377
2021-06-12,0,1697612822,0,127151002200,127151000000.0,-2200.0,247134298199
2021-06-13,0,390013179,0,127541015379,127541000000.0,-15379.0,247524311378
2021-06-14,0,6903561541,0,134444576920,134445000000.0,423080.0,254427872919
2021-06-15,0,2121042814,0,136565619734,136566000000.0,380266.0,256548915733
2021-06-16,0,328005199,0,136893624933,136894000000.0,375067.0,256876920932
2021-06-17,0,990291006,0,137883915939,137884000000.0,84061.0,257867211938
2021-06-18,0,14694073458,0,152577989397,152578000000.0,10603.0,272561285396
2021-06-19,0,535039826,0,153113029223,153113000000.0,-29223.0,273096325222
2021-06-20,0,-5597505961,-30002100000,117513423262,117513000000.0,-423262.0,267498819261
2021-06-21,0,4778995081,0,122292418343,122292000000.0,-418343.0,272277814342
2021-06-22,0,3908535396,0,126200953739,126201000000.0,46261.0,276186349738
2021-06-23,0,-5749828968,0,120451124771,120451000000.0,-124771.0,270436520770
2021-06-24,0,-2926390096,0,117524734675,117525000000.0,265325.0,267510130674
2021-06-25,0,13925205552,0,131449940227,131450000000.0,59773.0,281435336226
2021-06-26,0,-9676626656,0,121773313571,121773000000.0,-313571.0,271758709570
2021-06-27,0,26438296,0,121799751867,121800000000.0,248133.0,271785147866
2021-06-28,0,-4384699457,0,117415052410,117415000000.0,-52410.0,267400448409
2021-06-29,0,77856997,0,117492909407,117493000000.0,90593.0,267478305406
2021-06-30,0,-3505660364,0,113987249043,113987000000.0,-249043.0,263972645042
2021-07-01,0,-2669128104,0,111318120939,111318000000.0,-120939.0,261303516938
2021-07-02,0,-3666948798,0,107651172141,107651000000.0,-172141.0,257636568140
2021-07-03,0,414990,0,107651587131,107652000000.0,412869.0,257636983130
2021-07-04,0,127878784,0,107779465915,107779000000.0,-465915.0,257764861914
2021-07-05,0,192012981,0,107971478896,107971000000.0,-478896.0,257956874895
2021-07-06,0,-185897612,0,107785581284,107786000000.0,418716.0,257770977283
2021-07-07,0,34664894,0,107820246178,107820000000.0,-246178.0,257805642177
2021-07-08,0,6052847952,0,113873094130,113873000000.0,-94130.0,263858490129
2021-07-09,0,3546081248,0,117419175378,117419000000.0,-175378.0,267404571377
2021-07-10,0,-43943581,0,117375231797,117375000000.0,-231797.0,267360627796
2021-07-11,0,-13827150,0,117361404647,117361000000.0,-404647.0,267346800646
2021-07-12,0,-23095321,0,117338309326,117338000000.0,-309326.0,267323705325
2021-07-13,0,-1883263773,0,115455045553,115455000000.0,-45553.0,265440441552
2021-07-14,0,508844144,0,115963889697,115964000000.0,110303.0,265949285696
2021-07-15,0,-49323935,0,115914565762,115915000000.0,434238.0,265899961761
2021-07-16,0,1330236173,0,117244801935,117245000000.0,198065.0,267230197934
2021-07-17,0,7483216,0,117252285151,117252000000.0,-285151.0,267237681150
2021-07-18,0,687141140,0,117939426291,117939000000.0,-426291.0,267924822290
2021-07-19,0,-8797274,0,117930629017,117931000000.0,370983.0,267916025016
2021-07-20,0,-1538308,0,117929090709,117929000000.0,-90709.0,267914486708
2021-07-21,0,-10074921,0,117919015788,117919000000.0,-15788.0,267904411787
2021-07-22,0,1180849063,0,119099864851,119100000000.0,135149.0,269085260850
2021-07-23,0,1130234749,0,120230099600,120230000000.0,-99600.0,270215495599
2021-07-24,0,-5874335,0,120224225265,120224000000.0,-225265.0,270209621264
2021-07-25,0,156021197,0,120380246462,120380000000.0,-246462.0,270365642461
2021-07-26,0,4289203797,0,124669450259,124669000000.0,-450259.0,274654846258
2021-07-27,0,1777073013,-30005000000,96441523272,96441523272.0,0.0,276431919271
2021-07-28,0,1106748168,0,97548271440,97548271440.0,0.0,277538667439
2021-07-29,0,-101954454,0,97446316986,97446316986.0,0.0,277436712985
2021-07-30,0,1686736107,0,99133053093,99133053093.0,0.0,279123449092
2021-07-31,0,-383939869,0,98749113224,98749113224.0,0.0,278739509223
2021-08-01,0,64797174,0,98813910398,98813910398.0,0.0,278804306397
2021-08-02,0,55729865,0,98869640263,98869640263.0,0.0,278860036262
2021-08-03,0,-1246477702,0,97623162561,97623162561.0,0.0,277613558560
2021-08-04,0,-33733468,0,97589429093,97589429093.0,0.0,277579825092
2021-08-05,0,814210938,0,98403640031,98403640031.0,0.0,278394036030
2021-08-06,0,4841040300,0,103244680331,103245000000.0,319669.0,283235076330
2021-08-07,0,1710110528,0,104954790859,104955000000.0,209141.0,284945186858
2021-08-08,0,2305926975,0,107260717834,107261000000.0,282166.0,287251113833
2021-08-09,0,6607258609,0,113867976443,113868000000.0,23557.0,293858372442
2021-08-10,0,6580583753,0,120448560196,120449000000.0,439804.0,300438956195
2021-08-11,0,7163953304,0,127612513500,127613000000.0,486500.0,307602909499
2021-08-12,0,297092394,0,127909605894,127910000000.0,394106.0,307900001893
2021-08-13,0,3898256277,0,131807862171,131808000000.0,137829.0,311798258170
2021-08-14,0,5168157358,0,136976019529,136976000000.0,-19529.0,316966415528
2021-08-15,0,244085839,0,137220105368,137220000000.0,-105368.0,317210501367
2021-08-16,0,48506877,0,137268612245,137269000000.0,387755.0,317259008244
2021-08-17,0,294208990,0,137562821235,137563000000.0,178765.0,317553217234
2021-08-18,0,6376807463,0,143939628698,143940000000.0,371302.0,323930024697
2021-08-19,0,3087847286,-40005000000,107022475984,107022000000.0,-475984.0,327017871983
2021-08-20,0,2662044533,0,109684520517,109685000000.0,479483.0,329679916516
2021-08-21,0,2110756671,0,111795277188,111795000000.0,-277188.0,331790673187
2021-08-22,0,270809698,0,112066086886,112066000000.0,-86886.0,332061482885
2021-08-23,0,174564656,0,112240651542,112241000000.0,348458.0,332236047541
2021-08-24,0,1091020742,0,113331672284,113332000000.0,327716.0,333327068283
2021-08-25,0,916426414,0,114248098698,114248000000.0,-98698.0,334243494697
2021-08-26,0,6184045344,0,120432144042,120432000000.0,-144042.0,340427540041
2021-08-27,0,-44795940,0,120387348102,120387000000.0,-348102.0,340382744101
2021-08-28,0,300538638,0,120687886740,120688000000.0,113260.0,340683282739
2021-08-29,0,338670715,0,121026557455,121027000000.0,442545.0,341021953454
2021-08-30,0,660896201,0,121687453656,121687000000.0,-453656.0,341682849655
2021-08-31,0,-361392064,0,121326061592,121326000000.0,-61592.0,341321457591
2021-09-01,0,-25293200,0,121300768392,121301000000.0,231608.0,341296164391
2021-09-02,0,-55924096,0,121244844296,121245000000.0,155704.0,341240240295
2021-09-03,0,1710739535,-30005000000,92950583831,92950583831.0,0.0,342950979830
2021-09-04,0,508586862,0,93459170693,93459170693.0,0.0,343459566692
2021-09-05,0,-148944140,0,93310226553,93310226553.0,0.0,343310622552
2021-09-06,0,14978930953,0,108289157506,108289000000.0,-157506.0,358289553505
2021-09-07,0,5714734060,0,114003891566,114004000000.0,108434.0,364004287565
2021-09-08,0,-5118294380,0,108885597186,108886000000.0,402814.0,358885993185
2021-09-09,0,-181210126,0,108704387060,108704000000.0,-387060.0,358704783059
2021-09-10,0,-1113370131,0,107591016929,107591000000.0,-16929.0,357591412928
2021-09-11,0,-1549498220,0,106041518709,106042000000.0,481291.0,356041914708
2021-09-12,0,-120320424,0,105921198285,105921000000.0,-198285.0,355921594284
2021-09-13,0,-106185768,0,105815012517,105815000000.0,-12517.0,355815408516
2021-09-14,0,4305759,0,105819318276,105819000000.0,-318276.0,355819714275
2021-09-15,0,2941890211,0,108761208487,108761000000.0,-208487.0,358761604486
2021-09-16,0,1218909672,0,109980118159,109980000000.0,-118159.0,359980514158
2021-09-17,0,577364852,0,110557483011,110557000000.0,-483011.0,360557879010
2021-09-18,0,2283379043,0,112840862054,112841000000.0,137946.0,362841258053
2021-09-19,0,57745407,0,112898607461,112899000000.0,392539.0,362899003460
2021-09-20,0,6926739398,0,119825346859,119825000000.0,-346859.0,369825742858
2021-09-21,0,11606426447,0,131431773306,131432000000.0,226694.0,381432169305
2021-09-22,0,7060576640,0,138492349946,138492000000.0,-349946.0,388492745945
2021-09-23,0,1014730873,-30005000000,109502080819,109502000000.0,-80819.0,389507476818
2021-09-24,0,4719579594,0,114221660413,114222000000.0,339587.0,394227056412
2021-09-25,0,2365380072,0,116587040485,116587000000.0,-40485.0,396592436484
2021-09-26,0,9631096512,0,126218136997,126218000000.0,-136997.0,406223532996
2021-09-27,0,4189007690,0,130407144687,130407000000.0,-144687.0,410412540686
2021-09-28,0,13785852,0,130420930539,130421000000.0,69461.0,410426326538
2021-09-29,0,8219709,0,130429150248,130429000000.0,-150248.0,410434546247
2021-09-30,0,63889910,0,130493040158,130493000000.0,-40158.0,410498436157
2021-10-01,0,166330758,0,130659370916,130659000000.0,-370916.0,410664766915
2021-10-02,0,69023954,0,130728394870,130728000000.0,-394870.0,410733790869
2021-10-03,0,47268751,0,130775663621,130776000000.0,336379.0,410781059620
2021-10-04,0,52547025,0,130828210646,130828000000.0,-210646.0,410833606645
2021-10-05,0,48870238,0,130877080884,130877000000.0,-80884.0,410882476883
2021-10-06,0,52360738,0,130929441622,130929000000.0,-441622.0,410934837621
2021-10-07,0,104953182,0,131034394804,131034000000.0,-394804.0,411039790803
2021-10-08,0,62403175,0,131096797979,131097000000.0,202021.0,411102193978
2021-10-09,0,205758764,0,131302556743,131303000000.0,443257.0,411307952742
2021-10-10,0,109311169,0,131411867912,131412000000.0,132088.0,411417263911
2021-10-11,0,106849898,0,131518717810,131519000000.0,282190.0,411524113809
2021-10-12,0,153538096,0,131672255906,131672000000.0,-255906.0,411677651905
2021-10-13,0,-10570162143,0,121102093763,121102000000.0,-93763.0,401107489762
2021-10-14,0,261868502,0,121363962265,121364000000.0,37735.0,401369358264
2021-10-15,0,397648059,0,121761610324,121762000000.0,389676.0,401767006323
2021-10-16,0,346727030,0,122108337354,122108000000.0,-337354.0,402113733353
2021-10-17,0,321398097,0,122429735451,122430000000.0,264549.0,402435131450
2021-10-18,0,362850447,0,122792585898,122793000000.0,414102.0,402797981897
2021-10-19,0,339074884,0,123131660782,123132000000.0,339218.0,403137056781
2021-10-20,0,283603965,0,123415264747,123415000000.0,-264747.0,403420660746
2021-10-21,0,-6717253017,0,116698011730,116698000000.0,-11730.0,396703407729
2021-10-22,0,-7685034747,0,109012976983,109013000000.0,23017.0,389018372982
2021-10-23,0,-3999868422,0,105013108561,105013000000.0,-108561.0,385018504560
2021-10-24,0,298703316,0,105311811877,105312000000.0,188123.0,385317207876
2021-10-25,0,295935802,0,105607747679,105608000000.0,252321.0,385613143678
2021-10-26,0,278039078,0,105885786757,105886000000.0,213243.0,385891182756
2021-10-27,0,229697300,0,106115484057,106115000000.0,-484057.0,386120880056
2021-10-28,0,113739030,0,106229223087,106229000000.0,-223087.0,386234619086
2021-10-29,0,184144486,0,106413367573,106413000000.0,-367573.0,386418763572
2021-10-30,0,1666753915,0,108080121488,108080000000.0,-121488.0,388085517487
2021-10-31,0,835797021,0,108915918509,108916000000.0,81491.0,388921314508
2021-11-01,0,194237521,0,109110156030,109110000000.0,-156030.0,389115552029
2021-11-02,0,269803325,0,109379959355,109380000000.0,40645.0,389385355354
2021-11-03,0,333118613,0,109713077968,109713000000.0,-77968.0,389718473967
2021-11-04,0,230177950,0,109943255918,109943000000.0,-255918.0,389948651917
2021-11-05,0,-2209650592,0,107733605326,107734000000.0,394674.0,387739001325
2021-11-06,0,195668474,0,107929273800,107929000000.0,-273800.0,387934669799
2021-11-07,0,136962205,0,108066236005,108066000000.0,-236005.0,388071632004
2021-11-08,0,205601614,0,108271837619,108272000000.0,162381.0,388277233618
2021-11-09,0,270840038,0,108542677657,108543000000.0,322343.0,388548073656
2021-11-10,0,-1258451655,0,107284226002,107284000000.0,-226002.0,387289622001
2021-11-11,0,266766074,0,107550992076,107551000000.0,7924.0,387556388075
2021-11-12,0,117461092,0,107668453168,107668000000.0,-453168.0,387673849167
2021-11-13,0,172314481,0,107840767649,107841000000.0,232351.0,387846163648
2021-11-14,0,115179338,0,107955946987,107956000000.0,53013.0,387961342986
2021-11-15,0,58621032,0,108014568019,108015000000.0,431981.0,388019964018
2021-11-16,0,-7511523338,0,100503044681,100503000000.0,-44681.0,380508440680
2021-11-17,0,-6730700401,0,93772344280,93772344280.0,0.0,373777740279
2021-11-18,0,124456310,0,93896800590,93896800590.0,0.0,373902196589
2021-11-19,0,-4234162021,0,89662638569,89662638569.0,0.0,369668034568
2021-11-20,0,-17781929,0,89644856640,89644856640.0,0.0,369650252639
2021-11-21,0,-16458296,0,89628398344,89628398344.0,0.0,369633794343
2021-11-22,0,-26124179,0,89602274165,89602274165.0,0.0,369607670164
2021-11-23,0,-26938696,0,89575335469,89575335469.0,0.0,369580731468
2021-11-24,0,-26922089,0,89548413380,89548413380.0,0.0,369553809379
2021-11-25,0,-26770026,0,89521643354,89521643354.0,0.0,369527039353
2021-11-26,0,-195254305,0,89326389049,89326389049.0,0.0,369331785048
2021-11-27,0,1138228427,0,90464617476,90464617476.0,0.0,370470013475
2021-11-28,0,681171579,0,91145789055,91145789055.0,0.0,371151185054
2021-11-29,0,-1874189656,0,89271599399,89271599399.0,0.0,369276995398
2021-11-30,0,-25877036,0,89245722363,89245722363.0,0.0,369251118362
2021-12-01,0,-83779387,0,89161942976,89161942976.0,0.0,369167338975
2021-12-02,0,-26390664,0,89135552312,89135552312.0,0.0,369140948311
2021-12-03,0,-26642132,0,89108910180,89108910180.0,0.0,369114306179
2021-12-04,0,-8252559183,0,80856350997,80856350997.0,0.0,360861746996
2021-12-05,0,76831029,0,80933182026,80933182026.0,0.0,360938578025
2021-12-06,0,53513862,0,80986695888,80986695888.0,0.0,360992091887
2021-12-07,0,-8398394122,0,72588301766,72588301766.0,0.0,352593697765
2021-12-08,0,58590,0,72588360356,72588360356.0,0.0,352593756355
2021-12-09,0,-86276,0,72588274080,72588274080.0,0.0,352593670079
2021-12-10,0,-87775,0,72588186305,72588186305.0,0.0,352593582304
2021-12-11,0,-79885,0,72588106420,72588106420.0,0.0,352593502419
2021-12-12,0,-31991,0,72588074429,72588074429.0,0.0,352593470428
2021-12-13,0,29472,0,72588103901,72588103901.0,0.0,352593499900
2021-12-14,0,46617,0,72588150518,72588150518.0,0.0,352593546517
2021-12-15,0,-39829,0,72588110689,72588110689.0,0.0,352593506688
2021-12-16,0,-65852,0,72588044837,72588044837.0,0.0,352593440836
2021-12-17,0,-88906,0,72587955931,72587955931.0,0.0,352593351930
2021-12-18,0,-4167,0,72587951764,72587951764.0,0.0,352593347763
2021-12-19,0,-40889,0,72587910875,72587910875.0,0.0,352593306874
2021-12-20,0,-56803,0,72587854072,72587854072.0,0.0,352593250071
2021-12-21,0,-6613647,0,72581240425,72581240425.0,0.0,352586636424
2021-12-22,0,-6696377,0,72574544048,72574544048.0,0.0,352579940047
2021-12-23,0,379139846,0,72953683894,72953683894.0,0.0,352959079893
2021-12-24,0,751853058,0,73705536952,73705536952.0,0.0,353710932951
2021-12-25,0,-3980434,0,73701556518,73701556518.0,0.0,353706952517
2021-12-26,0,3549546,0,73705106064,73705106064.0,0.0,353710502063
2021-12-27,0,-7959854,0,73697146210,73697146210.0,0.0,353702542209
2021-12-28,0,12797939,0,73709944149,73709944149.0,0.0,353715340148
2021-12-29,0,5419287,0,73715363436,73715363436.0,0.0,353720759435
2021-12-30,0,11769340,0,73727132776,73727132776.0,0.0,353732528775
2021-12-31,0,-159371,0,73726973405,73726973405.0,0.0,353732369404
