day,fills,orders,contracts,maker_contracts,fee_sat,end_position_contracts,last_execution_price
2018-03-05,37,14,297000,64000,1235355,9000,11592.5
2018-03-06,51,19,269000,40000,1299692,0,10586.5
2018-03-08,85,46,480000,5000,3289340,0,9856.5
2018-03-09,174,106,624000,15000,4601862,0,9286.5
2018-03-10,134,62,455000,0,3307832,15000,8801.5
2018-03-11,90,47,283200,19000,1911031,0,9473.5
2018-03-12,126,54,410000,45000,2480386,0,9016.33
2018-03-13,569,173,3210000,180000,21954113,100000,9160.0
2018-03-14,76,33,960000,479249,2525167,0,8164.0
2018-03-15,99,32,980000,388757,3885997,0,8274.0
2018-03-16,455,100,4101522,1556814,16096119,0,8349.0
2018-03-17,116,20,1294262,420000,6066083,0,8313.5
2018-03-19,302,63,3933000,2335759,5888988,0,8436.5
2018-03-20,411,62,5599262,2261277,18325509,-500000,8956.0
2018-03-21,460,101,5685830,2824398,12890051,-500000,8903.5
2018-03-22,595,66,7287678,3195150,18761420,0,8723.5
2018-03-29,416,107,4790000,1068083,29806022,0,7262.71
2018-03-30,883,175,7743406,1488649,56962925,-50000,6678.0
2018-03-31,865,117,7145296,910049,56324063,0,6913.0
2018-04-01,2268,231,21078468,4281352,150722305,0,6886.5
2018-04-02,1133,98,10486870,1933159,73972929,-100000,6976.5
2018-04-03,662,110,6269910,1829221,35331800,-50000,7438.5
2018-04-04,299,63,3115984,842032,19283660,0,6756.0
2018-04-05,285,59,2791524,468456,20947511,-30000,6819.5
2018-04-06,74,16,485260,94299,3685845,0,6557.5
2018-04-07,51,15,680000,130000,5011618,20000,6982.5
2018-04-08,40,11,240000,0,2317119,0,7008.0
2018-04-09,80,24,628200,218210,3314545,-8200,6765.0
2018-04-10,29,5,208200,58200,1326786,0,6664.0
2018-04-11,8,2,60000,30000,194443,0,6927.5
2018-04-12,219,55,2116132,976265,7108149,-50000,7903.0
2018-04-13,772,150,8266324,2951539,34556042,210000,7881.5
2018-04-14,890,75,7781658,3337238,30064138,-351000,8001.5
2018-04-15,749,59,8377266,3165653,32066152,-400000,8353.5
2018-04-16,1272,108,15941278,9082070,29674182,0,8012.5
2018-04-17,68,5,1000000,800000,-593905,600000,7871.5
2018-04-18,419,30,4921588,3878785,-2168234,0,8135.0
2018-04-19,1074,51,11416624,5099183,37738569,-5000,8225.5
2018-04-20,398,54,7475470,5437952,1549917,-400000,8859.5
2018-04-21,274,38,5400000,3760481,2885270,0,8771.0
2018-04-22,189,15,2400000,1671885,1285325,0,8811.0
2018-04-24,384,47,7525126,5287797,3446123,-200000,9678.5
2018-04-25,570,76,12752000,9648275,-524075,0,8830.5
2018-04-26,163,23,3073824,2135757,1609512,0,9262.0
2018-04-27,59,13,2029788,1790317,-2656448,0,8973.5
2018-04-28,289,17,2799454,952253,9122755,0,9328.0
2018-04-29,134,83,400640,43615,2476056,0,9314.0
2018-05-01,92,6,1200000,682088,2145440,0,9083.0
2018-05-02,4,4,800000,800000,-1967670,0,9159.5
2018-05-03,254,37,7226000,5424197,61135,0,9665.0
2018-05-04,57,4,800000,402750,1855420,0,9577.5
2018-05-05,7,7,8,6,1,0,9863.0
2018-05-06,33,8,1293738,980676,-92174,0,9438.5
2018-05-07,176,17,2420000,1577460,2204755,0,9302.5
2018-05-11,335,38,6734256,6033493,-10475344,0,8391.5
2018-05-12,338,54,10261626,8667036,-10394629,0,8517.5
2018-05-13,103,7,1061696,861696,-683069,0,8656.0
2018-05-14,46,6,800332,800166,-2091543,0,8852.5
2018-05-15,24,4,561952,400326,227400,0,8437.5
2018-05-16,219,31,6000000,5609201,-12164980,0,8350.0
2018-05-17,17,2,359010,359010,-966411,0,8364.0
2018-05-19,42,4,585404,400426,447625,0,8350.0
2018-05-20,100,9,1476884,1476884,-3946981,0,8495.5
2018-05-21,99,7,1200000,1164990,-2808416,0,8487.5
2018-05-22,214,21,4187434,3787434,-7038212,300000,7991.0
2018-05-23,653,58,14071678,13371678,-32759452,0,7520.0
2018-05-24,727,62,13336316,12815449,-34962348,300000,7491.5
2018-05-25,305,25,5090003,3913549,-1440492,200001,7417.5
2018-05-26,84,9,2026475,1426474,1163815,0,7316.91
2018-05-28,299,8,2400000,848978,11800677,0,7307.0
2018-05-29,284,34,6680436,4921176,1004488,0,7450.0
2018-05-30,78,10,1828613,628613,9091925,1,7334.5
2018-05-31,123,8,1676546,1140052,1409449,1,7535.0
2018-06-01,71,14,1260120,1256207,-3766459,-1,7404.5
2018-06-02,29,3,328758,328758,-967654,-328759,7652.5
2018-06-03,60,11,1559132,1224155,-642735,-1,7697.5
2018-06-04,368,24,4987510,4187510,-5314536,-76243,7524.5
2018-06-05,300,34,6633788,5220952,-2977487,-100001,7619.0
2018-06-06,261,24,4016382,1877987,13462389,-1,7655.0
2018-06-10,223,25,3901350,3239960,-4068439,1,6760.0
2018-06-11,52,4,400062,400062,-1316101,107455,6876.0
2018-06-12,62,6,858956,858956,-2888447,448499,6506.5
2018-06-13,403,47,7099386,4713847,8524842,1,6310.0
2018-06-14,425,36,4770961,4287852,-9803815,-224732,6630.5
2018-06-15,157,20,2977743,1911588,4373735,400001,6395.0
2018-06-16,216,27,3117822,2550966,-2964218,1,6509.5
2018-06-18,204,20,2823854,2342593,-3031102,1,6746.5
2018-06-19,90,9,1000002,1000002,-3327220,-1,6745.0
2018-06-20,458,37,5925944,5440875,-13518216,-1,6772.5
2018-06-22,159,16,2979516,2467984,-3313940,1,6152.5
2018-06-23,374,41,6026562,4862179,-5110565,321713,6182.5
2018-06-24,1306,127,21067550,15972602,-5654098,200001,6122.5
2018-06-25,580,56,8874576,6754059,-1343151,1,6312.5
2018-06-26,50,5,800000,400000,2898353,1,6182.5
2018-06-27,91,7,1400000,799920,3733204,200001,6101.5
2018-06-29,88,13,1927958,927958,7913212,1,5880.0
2018-06-30,301,32,5300000,3709894,3659758,1,6368.5
2018-07-02,71,10,1200000,900000,-24496,1,6628.0
2018-07-03,494,34,5628734,3277561,12966763,1,6508.5
2018-07-04,468,34,5972370,4418416,964950,1,6567.5
2018-07-05,59,11,1672834,1001986,3447733,1,6558.5
2018-07-07,89,13,2400000,1844813,-577478,400001,6752.0
2018-07-08,137,11,2000000,1800000,-3997162,1,6745.0
2018-07-09,37,6,1200000,600000,3960456,1,6747.5
2018-07-10,131,23,3581080,2913160,-3131495,1,6310.0
2018-07-11,28,7,840882,640441,-140369,1,6335.0
2018-07-12,115,9,1600000,1200000,-24686,1,6237.5
2018-07-13,178,25,4101574,2953501,1449201,1,6217.5
2018-07-14,88,8,1600000,1400000,-2872092,1,6242.5
2018-07-15,13,1,200000,200000,-708786,-199999,6349.0
2018-07-16,153,19,3600000,2721461,-263480,-599999,6711.5
2018-07-17,382,40,8766207,7166208,-7930848,-353630,7328.0
2018-07-18,981,90,19276396,15272075,-9898902,-257234,7383.5
2018-07-19,440,38,8468533,6370385,-319971,-253155,7457.5
2018-07-20,168,20,4385496,3635496,-4214505,1,7345.0
2018-07-21,103,6,1002284,683864,839196,-2283,7322.0
2018-07-22,272,28,6082238,4652338,-1131379,1,7405.0
2018-07-23,187,16,3307109,2154327,3779234,-5970,7744.0
2018-07-24,576,76,17089037,12221015,5873094,-720039,8417.5
2018-07-25,659,77,14864962,12215082,-12317277,227927,8170.0
2018-07-26,642,67,15478102,12655493,-11562134,855693,7940.5
2018-07-27,900,90,21195958,15886833,-219949,33949,8157.5
2018-07-28,153,13,3033948,2520772,-2697952,1,8155.0
2018-07-29,159,10,2169286,1624196,-437008,250001,8200.0
2018-07-30,89,5,1000000,673181,807880,250001,8174.5
2018-07-31,651,68,16658424,9687134,32624057,819741,7761.5
2018-08-01,444,50,10198822,8180511,-6401946,256083,7603.0
2018-08-02,175,17,2655435,2632574,-7559770,246370,7497.0
2018-08-03,123,15,3504066,2664439,-433033,250436,7392.5
2018-08-04,322,25,6943538,4358743,10558292,1693974,7044.0
2018-08-05,599,45,9176299,6147173,9410917,-1,7044.5
2018-08-06,346,32,7214902,6306260,-12036292,750647,6857.5
2018-08-07,1433,105,23008922,16697063,6868296,-250509,6702.5
2018-08-08,1370,116,27506984,21044861,-4882213,1317937,6217.5
2018-08-09,942,73,16321482,11531261,10046666,-749999,6560.0
2018-08-10,543,52,10430607,8049647,-3298106,-172090,6142.5
2018-08-11,205,13,2691251,1201905,11726823,500001,6235.0
2018-08-12,453,30,6592752,4081912,12333515,1,6320.0
2018-08-13,78,4,1000000,678121,1004024,1,6225.0
2018-08-14,313,21,3723850,2570693,3336758,1,6106.5
2018-08-15,814,58,13063837,8510493,17624980,505154,6282.5
2018-08-16,831,52,10622573,7036646,13346715,-250001,6295.5
2018-08-17,548,33,6942316,4588212,8705059,-750001,6540.5
2018-08-18,690,33,8049998,3362592,37675191,1,6358.5
2018-08-19,116,8,2000000,1003310,6912713,1,6523.5
2018-08-20,50,6,1500000,1245000,-1752518,1,6255.0
2018-08-22,333,33,5521634,3911981,3619182,-1,6333.0
2018-08-23,104,5,1250000,802949,1902439,-250001,6500.0
2018-08-24,307,11,2310452,1093769,8590708,-500001,6680.0
2018-08-25,471,23,4274038,1820452,18429522,-250001,6738.0
2018-08-26,646,40,8616856,6745225,-3736613,-550001,6707.5
2018-08-27,307,23,4079758,2858634,2705944,-250001,6900.0
2018-08-28,443,29,5765566,4627037,-3874212,1,7069.5
2018-08-29,50,6,1500000,1500000,-4785215,1,7066.5
2018-08-30,619,29,6141950,4287545,4188412,1,6977.5
2018-09-01,216,4,1000000,250000,6231627,1,7197.5
2018-09-02,405,15,3030360,2147173,-215624,-500001,7305.0
2018-09-03,77,4,1000000,750000,-172,-500001,7242.5
2018-09-04,145,11,2750000,2692306,-8594102,-750001,7347.5
2018-09-05,682,63,15162096,13404115,-28780056,2299999,6659.0
2018-09-06,1810,87,27888020,21401440,-7938819,-500001,6527.5
2018-09-07,22,5,1000000,1000000,-3875459,-1,6435.5
2018-09-08,1,1,250000,250000,-1023312,249999,6107.5
2018-09-09,382,25,5320038,3959827,364339,999999,6236.5
2018-09-10,122,6,1846654,1846654,-7316924,-1,6278.5
2018-09-13,365,17,3250000,2879904,-6859620,-750001,6446.0
2018-09-14,635,30,6910480,4404421,12092150,-500001,6480.0
2018-09-15,230,4,500000,145687,2166505,-1,6498.0
2018-09-21,1,1,1,0,11,0,6704.0
2018-09-24,159,4,431427,15713,4607667,-1,6686.0
2018-09-25,1,1,2,0,23,1,6396.5
2018-10-10,567,18,4500002,3931201,-8595073,-1,6548.5
2018-10-11,1249,46,12813485,6953386,41530499,-139078,6150.0
2018-10-12,149,10,2059077,1354449,3069868,-1,6215.0
2018-10-15,821,27,6250000,2760463,29875042,249999,6426.5
2018-10-16,225,7,1750000,657702,10078935,-1,6458.5
2018-10-18,82,4,1000000,750000,12813,-1,6389.0
2018-10-30,46,2,500000,250000,2000053,-1,6262.5
2018-11-09,1,1,2,0,23,1,6419.0
2018-11-15,41,2,1000000,1000000,-4474987,1,5580.0
2018-11-17,143,3,600000,200000,4554829,-199999,5485.5
2018-11-18,75,4,220102,9644,2811035,-7607,5552.5
2018-11-19,728,51,8038440,3486032,52549132,-1,4839.5
2018-11-20,1469,98,15509486,8628828,65379565,1,4337.5
2018-11-21,630,43,6798796,3426430,37504573,1,4457.0
2018-11-22,474,31,5200992,2381544,34652274,-1,4287.0
2018-11-23,626,35,5926918,1783771,62824022,1,4255.0
2018-11-24,2264,91,16817834,8510399,104056083,1,3785.0
2018-11-25,4547,238,48072728,24931963,285845046,-300001,3946.5
2018-11-26,2292,97,21817380,10374385,159600322,1,3732.5
2018-11-27,2646,87,18248951,7789786,147314785,347500,3777.5
2018-11-28,2350,99,23912153,16412166,33128176,529875,4209.5
2018-11-29,3092,104,23508469,13005728,107973582,-732328,4260.0
2018-11-30,1849,72,16325671,10493531,44219580,-349999,3955.0
2018-12-01,458,24,4597430,3351523,1469054,-1,4140.5
2018-12-02,1147,44,9237484,7257748,-7954841,-350001,4120.0
2018-12-03,1687,57,13742796,8970771,34465451,-349999,3837.5
2018-12-04,760,33,7064252,5264754,1381107,350001,3882.5
2018-12-05,545,21,4200002,3085631,1467396,-350001,3692.5
2018-12-06,1571,58,13045614,8307054,32143166,-356851,3450.0
2018-12-07,1950,82,20220990,12191889,89939206,-765,3432.5
2018-12-08,198,9,1112126,671026,2229721,350027,3418.5
2018-12-09,1819,50,13216603,9457606,12435363,48,3522.0
2018-12-10,1500,51,10756917,5762441,66714281,77,3385.0
2018-12-11,544,25,6211955,4312492,10569860,-700930,3347.5
2018-12-12,1778,46,10260385,6635998,29777100,-2771,3441.0
2018-12-13,1410,35,8826015,4351330,67798346,-701386,3242.0
2018-12-14,853,25,5463314,3184786,28841924,228,3202.5
2018-12-15,517,14,4900000,3568272,3466462,228,3145.5
2018-12-16,1578,44,12044913,10211751,-36941884,-700087,3187.5
2018-12-17,6499,137,44866082,26285716,212943152,701237,3472.5
2018-12-18,2648,93,24081983,20956299,-81766181,2246,3652.5
2018-12-19,2688,86,26972145,18924568,33717647,1400175,3692.5
2018-12-20,4357,149,45182854,30624802,83658477,-899779,4062.5
2018-12-21,3893,94,26036377,12228003,181188298,-902348,3845.5
2018-12-22,2486,55,14427779,7395015,88604655,-445675,3980.0
2018-12-23,833,31,8934579,7534229,-23154982,-186,3938.0
2018-12-24,746,30,11310164,8958501,-11287513,-470022,4019.5
2018-12-25,2538,59,16292261,8685466,93336766,-450043,3763.0
2018-12-26,1781,48,13083280,6625149,84548850,-293,3775.0
2018-12-27,225,8,1861682,909824,12611135,363,3585.0
2018-12-28,256,11,4000500,2646600,8825726,-500137,3845.0
2018-12-29,729,22,7081407,5385401,-1870662,456,3705.0
2018-12-30,1119,24,5948243,3253611,30551079,-454933,3797.5
2018-12-31,85,2,454524,9815,7525038,-409,3692.0
2019-01-01,168,5,1342977,934747,1937123,-186,3713.0
2019-01-02,446,6,1725237,801099,12755391,-423,3862.5
2019-01-04,271,9,2699980,1351190,18006813,-403,3743.0
2019-01-05,35,2,900000,900000,-5866634,-403,3827.5
2019-01-07,469,15,2976455,2381596,-3734348,246,4029.5
2019-01-08,62,2,900000,900000,-5658273,246,3983.0
2019-01-10,469,21,6151221,4055865,13861226,449513,3577.5
2019-01-11,586,17,5195166,4495488,-16670100,-92241,3567.5
2019-01-12,15,2,95000,95000,-654187,2759,3628.0
2019-01-13,565,10,3602051,2322051,7090257,900708,3492.5
2019-01-14,515,14,5142528,4690079,-22627242,-1541820,3710.0
2019-01-15,316,8,3161886,2061400,8649942,-501934,3622.5
2019-01-16,306,8,3500762,2060407,15544030,-1172,3594.5
2019-01-17,121,2,500000,471779,-2699920,-501172,3585.0
2019-01-19,111,2,499577,499577,-3382838,-1000749,3692.0
2019-01-20,126,5,1431006,1431006,-10159123,-1000749,3536.0
2019-01-21,281,4,2000000,1543335,-1276484,-749,3500.0
2019-01-23,171,3,1000062,1000062,-7015801,-811,3565.5
2019-01-26,139,2,1000000,1000000,-7043192,-1000811,3550.5
2019-01-27,324,11,3407566,2907561,-9869984,-608377,3547.0
2019-01-28,372,13,4139727,3518960,-12177742,-1500128,3435.0
2019-01-29,557,14,5501651,5498651,-40343538,-477,3382.5
2019-01-30,54,3,1151884,1151884,-8381226,-500361,3442.5
2019-01-31,11,1,500000,500000,-3661369,-361,3414.0
2019-02-01,493,6,2500500,1094304,22943110,500139,3445.0
2019-02-02,81,3,1500000,1500000,-10878213,139,3460.0
2019-02-03,311,4,2000000,2000000,-14550376,139,3422.5
2019-02-07,76,1,500000,500000,-3722481,500139,3358.0
2019-02-08,626,11,4163311,2410179,19156523,500652,3622.5
2019-02-09,31,3,1500000,1500000,-10363483,1000652,3615.0
2019-02-10,1226,7,5000495,1397077,63636315,157,3650.0
2019-02-11,38,3,1000200,500000,6959828,-43,3603.0
2019-02-12,154,5,2000100,2000000,-13979359,57,3607.5
2019-02-13,182,5,2000100,1975110,-13190185,-43,3584.5
2019-02-14,86,1,500000,0,10511587,-500043,3567.5
2019-02-15,61,1,500000,500000,-3494473,-1000043,3577.0
2019-02-16,95,2,500010,500000,-3479258,-1500053,3595.5
2019-02-17,570,9,5499547,2999547,30937703,-1000506,3625.0
2019-02-18,617,21,8000503,6762387,-19813939,-2000403,3892.5
2019-02-19,1065,33,12828911,11780906,-55481287,-1000338,3924.0
2019-02-20,224,4,1500400,1000000,3276453,500062,3913.0
2019-02-21,102,6,2500150,2458104,-14982934,-88,3882.5
2019-02-22,223,11,3000388,2476877,-5799015,-76,3947.5
2019-02-23,11,3,500400,500000,-3030151,-500076,4115.0
2019-02-24,1434,36,13151604,8227076,41990160,-1200342,3775.0
2019-02-25,600,10,4800000,2008525,41988658,-1200342,3834.5
2019-02-26,73,2,600000,600000,-3961349,-600342,3787.5
2019-02-28,214,7,2149226,1514182,2410085,82,3845.0
2019-03-01,169,7,2399570,2250334,-11796955,-748,3801.5
2019-03-04,360,7,3173471,2181517,5184257,381,3705.0
2019-03-05,295,10,4208254,3914770,-19948833,-600273,3847.5
2019-03-06,492,13,3486036,2723469,-2969718,-69,3831.0
2019-03-07,161,8,2108460,2108459,-13648838,-2108529,3850.5
2019-03-08,423,4,2800000,842752,32535369,-708529,3884.0
2019-03-10,425,3,1408400,1400000,-8822042,-700129,3902.0
2019-03-11,41,1,700000,700000,-4544206,-1400129,3851.0
2019-03-12,152,8,2800461,2800000,-18282977,-68,3871.5
2019-03-13,1,1,200,0,3891,132,3854.5
2019-03-14,939,14,6028740,3028740,39214444,-2144,3846.0
2019-03-16,399,5,3502000,2802000,-4312078,-700144,3984.0
2019-03-17,271,5,1400051,1264748,-5432334,-700195,3964.0
2019-03-18,24,5,1400000,1400000,-8749564,-700195,3998.5
2019-03-19,44,1,700000,700000,-4406306,-195,3971.5
2019-03-21,256,5,2450212,875106,24129541,-700195,3967.5
2019-03-22,196,2,1400000,700000,8850863,-700195,3992.0
2019-03-23,172,3,1400000,1400000,-8794176,-700195,3968.0
2019-03-26,313,5,2545444,1147956,19469810,-187,3910.5
2019-03-27,122,5,3500000,3500000,-21767323,-700187,4027.5
2019-03-28,101,4,2100250,1400000,4334518,1400063,3997.5
2019-03-29,57,4,2800000,2800000,-17365582,63,4053.5
2019-03-30,178,9,3500600,3500000,-21399203,-700137,4072.5
2019-03-31,18,1,700000,700000,-4278744,-1400137,4090.0
2019-04-01,103,3,1400000,1400000,-8475049,-1400137,4128.0
2019-04-02,2452,67,39655292,25424441,94978397,-598611,4900.0
2019-04-03,1848,76,38047848,31900308,-68022515,1196083,4975.0
2019-04-04,1452,51,25326135,21843567,-56934240,1401646,4962.5
2019-04-05,793,38,17214488,16320025,-68214878,1582,5040.0
2019-04-06,169,9,3503172,2802300,-3447266,2100154,5022.5
2019-04-07,847,5,2804848,786925,25609795,-704692,5135.0
2019-04-08,386,13,6419436,3721154,20691465,26,5210.0
2019-04-09,230,9,4705054,4412577,-16853251,680,5220.0
2019-04-10,229,16,5848889,4673694,-5418543,-1600059,5309.0
2019-04-11,2229,80,36053828,26442806,11145898,2400041,4987.5
2019-04-12,692,20,10465312,9160034,-26298697,-806267,5079.0
2019-04-13,38,2,1600000,1600000,-7877584,-806267,5085.5
2019-04-14,364,10,4994666,4664579,-18132808,-1600267,5092.0
2019-04-15,351,8,4799853,3981853,-7552642,-414,5055.0
2019-04-16,403,11,5614442,4414945,-3960880,2400086,5211.0
2019-04-17,1156,23,11411368,6290789,38752625,86,5218.5
2019-04-18,1345,27,11841285,7001619,33478111,-1159029,5273.5
2019-04-19,118,1,358915,0,5151443,-800114,5226.5
2019-04-20,5,3,1600000,1600000,-7537201,-800114,5307.5
2019-04-21,961,27,14765610,11713245,-11950864,-114,5300.5
2019-04-22,1687,56,27793740,18806143,30864484,850146,5385.0
2019-04-23,952,26,17735861,12113089,21462670,-2014393,5543.5
2019-04-24,3966,106,65122647,48842570,-619942,-1002726,5435.0
2019-04-25,2604,68,48983552,29008308,147839371,-3007702,5124.5
2019-04-26,1470,23,18415716,7851390,114710771,42,5105.5
2019-04-27,389,9,3844130,1054794,35303657,-3000058,5172.0
2019-04-28,218,4,3000000,2397677,-2860938,-58,5168.5
2019-04-29,448,11,6187776,4225506,8120230,-58,5140.0
2019-04-30,1294,12,8004301,2500172,66696905,-67,5260.0
2019-05-01,382,6,5000000,4042732,-5564698,-3000067,5320.5
2019-05-02,1010,6,7000000,3000000,42260849,-67,5397.5
2019-05-03,951,34,21551920,18531335,-42638031,-29,5662.5
2019-05-04,29,2,2000000,2000000,-8843493,-29,5570.5
2019-05-05,2466,60,30408113,22139946,11916769,-4000018,5730.0
2019-05-06,3253,99,56659884,44559487,-51733835,-1000186,5682.5
2019-05-07,2010,32,24002000,18028857,-361174,-1000186,5892.5
2019-05-08,1208,24,10016629,7563744,-898086,-1000269,5938.0
2019-05-09,2312,43,31000000,15829148,123047306,-269,6120.5
2019-05-10,401,9,3440179,1479290,17299193,3000224,6347.0
2019-05-11,5589,147,98516674,67724128,82592478,134,7265.0
2019-05-12,5355,119,116324113,88745944,-28640240,-313,6915.0
2019-05-13,3236,55,51923985,31686591,95814942,-922780,7860.0
2019-05-14,1911,47,42169064,33887314,-29316103,-1200580,8035.0
2019-05-15,780,16,11727404,9654944,-10787564,-580,8186.5
2019-05-16,1477,28,24379806,17910440,4607126,-1313580,7895.0
2019-05-17,2868,64,54843750,43210189,-28239751,-5200436,7345.0
2019-05-18,437,11,13000000,12205072,-33664384,-436,7305.0
2019-05-19,1218,51,27612700,25526626,-61951655,1400564,8205.0
2019-05-20,2266,48,51153424,40651882,-27964906,-1400684,7970.0
2019-05-21,1662,27,23423189,17119446,5573652,-1400407,7985.0
2019-05-22,2179,52,40961958,32600295,-27853798,549605,7615.0
2019-05-23,2488,45,39044710,32825034,-46394553,-177,7930.0
2019-05-24,54,3,2801000,1400000,8662912,823,8070.0
2019-05-26,2,1,1000,0,8600,-177,8720.0
2019-05-27,165,5,3000000,1347191,10063624,-177,8885.0
2019-05-28,8,1,8841,8841,-25470,-9018,8677.0
2019-05-29,329,10,6283099,5938617,-14194472,-553,8640.0
2019-05-30,551,9,6999916,3397031,22161057,-1400637,8245.0
2019-05-31,562,11,8400000,6322204,-82968,-4200637,8565.0
2019-06-01,42,1,1400000,1400000,-4100585,-2800637,8535.0
2019-06-02,93,3,2800000,2800000,-8130095,-637,8610.5
2019-06-03,725,11,11200157,8429962,-858566,-480,8115.0
2019-06-04,654,28,22849771,17457244,-21511166,-1400663,7895.0
2019-06-10,279,7,4517778,3075227,3800335,-1400663,7915.0
2019-06-12,451,17,8911117,6566071,802751,-162,7980.0
2019-06-13,276,1,1400000,0,11928735,-1400162,8130.0
2019-06-14,68,1,1400000,1317085,-3257049,-162,8200.0
2019-06-15,343,9,5600500,4205016,-44212,2800338,8835.0
2019-06-16,1258,24,25791864,20990119,-19283709,1600338,9000.5
2019-06-17,1004,17,17755444,9257594,38860922,-565222,9335.0
2019-06-18,771,19,18461321,13772753,979358,373,9060.0
2019-06-19,334,6,4801000,3241286,3928286,-1600627,9250.0
2019-06-20,292,3,4800000,3044964,5751327,-3200627,9567.5
2019-06-21,272,11,8978628,7456141,-7386629,-627,9914.0
2019-06-22,69,3,4800000,4570500,-9268281,-1600627,10720.0
2019-06-24,233,5,5201000,3200377,6509560,373,11010.0
2019-06-25,6,2,3600000,3600000,-7941598,373,11325.0
2019-06-26,1008,18,24109860,16462991,12428681,373,13325.0
2019-06-27,2553,47,62469794,40147577,58444209,-627,10833.5
2019-06-28,1947,36,41125240,28664053,18509854,-1800309,11925.0
2019-06-29,453,3,5400000,3380525,5922181,-309,11450.0
2019-07-01,1538,39,34536251,21059115,47569624,-446,10480.0
2019-07-02,688,25,26008000,22192504,-27154059,-446,9885.5
2019-07-03,858,17,20599716,10763510,41313014,-446,11440.0
2019-07-04,239,1,1700000,0,10487309,-1700446,11727.0
2019-07-05,214,4,5917098,3954814,4189102,-1700446,11260.0
2019-07-07,8,1,1700000,1700000,-3797370,-446,11191.5
2019-07-08,426,5,5400000,1299418,22481553,-2000446,12214.0
2019-07-09,394,5,7878428,4023600,15173344,-874,12399.0
2019-07-11,249,2,4000000,427502,22145060,-4000874,11719.0
2019-07-12,778,9,16444904,10405158,15005289,-2000874,11670.0
2019-07-14,48,1,2000000,2000000,-4906978,-874,10190.0
2019-07-15,341,9,13397148,12611262,-25560252,-2000874,10100.0
2019-07-16,1631,32,35798900,24649909,20515796,-2000406,9665.0
2019-07-17,2961,40,51947987,29079456,96554478,4000761,9650.0
2019-07-18,2597,26,32035141,17927266,61698536,-1384,9720.0
2019-07-19,2188,24,38304030,15204967,129137023,-2018408,10410.0
2019-07-21,535,6,8019000,3101446,28116789,2000592,10365.0
2019-07-22,114,1,2000000,2000000,-4721449,592,10590.0
2019-07-24,322,3,4001000,2227744,7594396,-408,9600.0
2019-07-25,185,2,4000000,0,29994334,-4000408,9927.5
2019-07-26,537,6,8071820,3690563,24214185,-4000408,9770.0
2019-07-27,475,6,9263120,5234123,16538518,-408,9469.5
2019-07-28,582,1,2000000,0,15744694,-2000408,9487.5
2019-07-29,894,5,10000000,3449927,42188338,-408,9540.0
2019-07-31,17,1,2000000,2000000,-5165493,-2000408,9680.0
2019-08-01,809,7,10001000,6000000,14842142,592,9980.0
2019-08-02,303,6,5002000,4000000,-2318622,1000592,10468.0
2019-08-03,195,1,1000000,394361,3294630,592,10790.0
2019-08-05,845,14,8204236,1448073,40010394,-2000408,11805.0
2019-08-06,584,6,6658734,657734,36336291,-424,11775.0
2019-08-07,819,12,17471602,12081465,7196492,576,11990.0
2019-08-08,1851,15,24003000,9017302,75597365,-424,12062.0
2019-08-09,1556,13,16186152,5056747,59704545,576,11900.0
2019-08-14,1337,12,16003000,8305104,34758592,-424,10370.0
2019-08-15,413,13,14555410,10324815,5991886,-2000424,10011.5
2019-08-16,1544,12,20590948,6254150,88867263,-8000424,10380.0
2019-08-17,301,4,4933108,2827499,8384076,-4000424,10151.5
2019-08-18,355,3,4001000,2394658,5873688,576,10349.0
2019-08-19,821,3,4001000,952092,19542652,-424,10710.0
2019-08-20,691,9,14000000,8456643,18910881,-6000424,10810.0
2019-08-21,1936,37,36508518,19396162,78294899,-424,10080.0
2019-08-22,365,5,8000000,4992944,10029826,-424,10110.0
2019-08-23,302,5,6002000,2484302,19932976,-2000424,10220.0
2019-08-24,16,1,2000000,2000000,-5014996,-424,9970.0
2019-08-25,148,4,6001000,5108630,-5884452,2000576,10040.0
2019-08-26,1727,17,26535226,11521845,80905623,-524678,10380.0
2019-08-27,589,8,11929808,9523984,-5378402,2000576,10070.0
2019-08-28,1870,17,28001000,13331966,78191813,-2000424,9670.0
2019-08-29,1392,13,16641008,8150758,45321276,-2000424,9430.0
2019-09-01,865,1,2000000,90602,14640660,-424,9630.0
2019-09-03,645,4,8000000,8000000,-18731237,-424,10670.0
2019-09-04,87,3,4001000,4000000,-9535284,576,10520.0
2019-09-05,312,7,4500560,3528569,-1496330,576,10529.5
2019-09-06,528,4,6001000,328604,38702176,-2000424,10892.5
2019-09-07,95,2,4000000,2000000,9668982,-2000424,10400.0
2019-09-08,622,4,6001000,0,24284636,4000576,10350.0
2019-09-09,1304,18,32001000,20656612,32988376,-4000424,10280.0
2019-09-10,430,2,4000000,2070138,9121781,-424,10240.0
2019-09-11,634,10,13605940,12045512,-18419511,-1862060,10113.0
2019-09-12,63,1,1861636,1861636,-4567498,-424,10190.0
2019-09-19,675,6,6001000,3920787,5407703,2000576,10262.5
2019-09-20,483,5,6000000,4000000,4930022,576,10148.5
2019-09-23,576,7,8001000,4248764,17819307,-424,9825.0
2019-09-24,7,1,1576,0,13088,0,8075.6
2019-09-25,471,11,16003457,12297642,-3808029,-4003457,8498.5
2019-09-26,758,15,18002846,10591197,37282795,-2000303,7952.5
2019-09-28,1168,2,4000000,0,36900048,-2000303,8150.0
2019-09-29,790,5,8000000,4000000,24700361,-2000303,7959.5
2019-09-30,1112,17,25114200,20594297,-21848317,-2000503,8205.0
2019-10-01,614,5,10000000,8487014,-11789506,-503,8384.5
2019-10-06,35,2,4000000,2000000,13042246,-503,7788.0
2019-10-07,89,1,2000000,0,18082474,-2000503,8295.0
2019-10-08,257,2,4000000,2000000,12153850,-2000503,8185.0
2019-10-09,455,3,6000000,5565561,-12385253,-503,8597.5
2019-10-10,595,6,8001000,6283320,-4060097,497,8530.0
2019-10-13,469,6,5002000,1484929,27146365,1000497,8240.0
2019-10-14,337,4,5000000,1251176,29957347,2000497,8377.5
2019-10-16,146,1,2000000,0,18365499,497,8150.5
2019-10-17,367,1,2000000,89537,17372753,-1999503,8060.0
2019-10-18,8,2,2001000,2000000,-6313011,-503,7908.0
2019-10-20,111,2,4000000,4000000,-12088457,-503,8260.0
2019-10-22,291,1,2000000,0,17164505,-2000503,8270.5
2019-10-23,67,1,2000000,0,20103069,-503,7462.5
2019-10-24,1010,6,10000000,6512629,13133496,-2000503,7445.5
2019-10-25,494,10,14003000,12639521,-27159223,497,8374.0
2019-10-26,46,1,2000000,2000000,-5440482,2000497,9190.0
2019-10-27,1012,17,20010272,16387689,-14816732,-503,9515.0
2019-10-28,928,14,15741004,14963455,-33621288,2000497,9370.0
2019-10-29,123,2,4000000,4000000,-10586963,2000497,9455.0
2019-10-30,384,3,6000000,4000000,5269530,497,9065.0
2019-11-02,34,3,198100,98550,450584,-503,9327.0
2019-11-07,1086,6,10500000,7000000,9509397,-3500503,9201.0
2019-11-08,1078,11,15499991,10605656,12004811,-512,8765.0
2019-11-11,484,7,12000000,10000000,-11392413,-512,8715.0
2019-11-13,526,7,4001000,3159384,-1788134,488,8763.0
2019-11-14,337,3,4001000,2162154,9704688,-512,8700.0
2019-11-15,217,4,4001000,4000000,-11644548,488,8620.0
2019-11-16,340,3,4001000,4000000,-11804988,-512,8460.0
2019-11-18,281,3,4001000,4000000,-11825005,488,8425.0
2019-11-19,991,14,12934755,8806484,10302951,-4000703,8090.0
2019-11-20,500,4,8000000,8000000,-24713309,-703,8119.0
2019-11-21,1357,10,14000000,10244911,3839015,-2000703,7609.5
2019-11-22,638,9,14002000,14000000,-47111171,-4000703,7185.0
2019-11-23,1020,14,17215900,17211900,-59375045,-4000703,7320.0
2019-11-24,173,3,6000000,4000000,7352413,-2000703,7095.0
2019-11-25,1040,17,20362734,17930341,-38785657,2000565,7160.0
2019-11-26,418,9,12392326,11120212,-25811721,565,7040.0
2019-11-27,553,10,11133826,10082033,-23492274,-435,7490.0
2019-11-28,1005,10,14000000,14000000,-46769275,-2000435,7434.0
2019-11-29,992,10,14000000,5808622,59289325,-435,7776.0
2019-11-30,1312,4,8000000,4688167,16728777,-4000435,7550.0
2019-12-01,934,11,12170884,6695705,32547367,565,7350.0
2019-12-02,464,3,2172100,236415,19295546,2000565,7226.0
2019-12-03,311,3,3965932,3578475,-8250188,565,7245.0
2019-12-04,1150,20,26632518,20711674,-10439339,-847,7415.0
2019-12-05,1277,21,24472797,18306208,-403384,334,7335.0
2019-12-06,1103,8,15001000,10420099,10845259,-666,7445.0
2019-12-09,2376,14,21405703,6755480,120966055,-5000939,7370.0
2019-12-10,700,8,12500000,6419058,41114327,-2500939,7217.5
2019-12-11,2663,14,20905262,8375757,101142827,-939,7180.0
2019-12-13,429,2,5000000,0,51982483,-939,7207.0
2019-12-16,1014,8,10000000,4081175,48481143,-939,7075.0
2019-12-17,3093,23,29902471,18610171,55536875,-554,6697.0
2019-12-18,2424,22,23880689,9911816,116543355,-969,6805.0
2019-12-19,1240,19,24001447,21170086,-44612020,4000478,7123.0
2019-12-20,1829,5,9000000,1545681,73164392,5000478,7118.0
2019-12-21,404,1,2500000,0,26248321,2500478,7141.5
2019-12-22,439,1,2500000,0,26298132,478,7128.0
2019-12-23,97,1,2500000,2500000,-8411836,2500478,7430.0
2019-12-24,934,7,8836776,5544850,15203381,1335254,7205.0
2019-12-25,197,3,3675000,3670000,-12711960,254,7190.0
2019-12-26,108,3,5001000,5000000,-17358287,-746,7199.0
2019-12-27,263,3,5001000,2500000,17472161,254,7198.5
2019-12-30,86,1,2500000,0,25636345,2500254,7314.0
2019-12-31,759,3,7500000,5000000,8465293,254,7272.5
2020-01-01,322,2,5000000,2500000,17173421,254,7185.0
2020-01-02,463,10,13036450,10422252,-9700956,-196,6935.0
2020-01-03,1476,20,30003000,21361677,16502528,5000804,7250.0
2020-01-04,281,2,2500000,2500000,-8518733,2500804,7337.5
2020-01-05,1312,11,13501000,9821251,4154690,-196,7365.0
2020-01-06,390,1,1500000,0,14943126,-1500196,7526.0
2020-01-07,1716,22,25504000,15543957,34751263,-3000196,7970.0
2020-01-08,1761,43,44051354,37586968,-55985482,-5565062,8020.0
2020-01-09,1816,28,32248273,23735165,6184221,355,7820.0
2020-01-10,1927,43,39739306,30260042,-5097708,1500355,7985.0
2020-01-11,132,4,6000000,6000000,-18465693,1500355,8113.0
2020-01-12,331,1,1500000,0,13921226,355,8080.0
2020-01-14,100,10,4203950,4197950,-12172196,355,8745.0
2020-01-15,106,2,2671370,2671370,-7747259,355,8610.0
2020-01-16,72,5,3687128,3686128,-10637239,-645,8690.0
2020-01-17,849,20,14974694,10567900,7244044,-4029951,8900.0
2020-01-18,761,5,8529306,5529306,9865232,-1500645,8855.0
2020-01-19,3586,32,38999628,32025935,-33570837,-1500273,8685.0
2020-01-20,203,2,3000000,1500000,8679496,-1500273,8650.0
2020-01-21,1205,9,16282664,10226496,22862517,-273,8695.0
2020-01-22,1132,9,12000000,6737689,25936897,-6000273,8650.0
2020-01-23,390,9,9000000,7345914,-6969726,-273,8434.0
2020-01-24,493,8,12002000,6223796,32959866,-273,8485.0
2020-01-27,655,3,6000000,3000000,16585965,-273,8908.0
2020-01-28,346,9,12001000,7931906,11793738,3000727,9020.0
2020-01-29,109,2,3001000,0,23917817,-273,9316.5
2020-01-30,383,8,6000000,3627552,9000285,-273,9545.5
2020-01-31,766,8,9000000,6020653,7858554,-3000273,9335.0
2020-02-01,324,7,7571207,6108898,-4545552,-4571480,9395.5
2020-02-02,795,14,12071683,9010221,510150,-4500749,9339.5
2020-02-03,746,17,18000000,10350008,33847061,-4500749,9264.5
2020-02-04,200,3,3000000,111964,23114655,-1500749,9234.5
2020-02-05,913,12,16500000,6746400,59660114,-749,9539.0
2020-02-06,973,15,22241798,14518735,21781946,-749,9830.0
2020-02-07,280,3,4500000,3705838,-3374385,-1500749,9775.0
2020-02-08,893,14,17130794,8423236,29676407,-3000749,9857.0
2020-02-09,1388,8,16500000,3319081,89801965,-4500749,10112.0
2020-02-10,1610,28,34501000,27665867,-17485285,251,9845.0
2020-02-11,1470,20,25502612,21838522,-27378449,4500439,10255.0
2020-02-12,1092,18,19501000,12305487,22361482,-561,10350.0
2020-02-13,1748,26,33217390,20356263,43942483,-3000561,10205.0
2020-02-14,773,10,13500000,9000000,10644070,-4500561,10352.0
2020-02-15,891,16,13504000,12681379,-25608667,-3000561,9937.5
2020-02-16,2799,16,26069398,14166025,52856457,-930405,9735.0
2020-02-17,3212,44,71150728,48127262,53016315,-10500241,9706.0
2020-02-18,2071,14,31502000,12000000,87938358,-241,10099.0
2020-02-19,185,2,1500000,1500000,-3698153,-1500241,10134.5
2020-02-20,598,9,9000000,3493635,33898181,-10500241,9559.0
2020-02-21,60,1,1500000,1500000,-3887974,-9000241,9645.0
2020-02-24,416,12,15000000,15000000,-38837445,-6000241,9630.0
2020-02-25,275,4,6000000,3723009,8144051,-241,9584.0
2020-02-26,838,12,18089645,8969461,52565237,-6000374,8680.0
2020-02-27,771,17,18739102,15977755,-22115585,-9000874,8777.0
2020-02-28,596,9,12000000,6347488,31769940,-874,8464.5
2020-02-29,778,6,7500000,6000000,-4267139,-4500874,8685.0
2020-03-01,1177,14,21000000,12452920,21121436,-4500874,8557.5
2020-03-02,87,3,3000000,1500000,8513637,-4500874,8717.5
2020-03-04,384,2,3000000,1500000,8422175,-4500874,8695.0
2020-03-05,628,11,13500000,12000000,-20467451,-6000874,9055.0
2020-03-06,379,4,4196488,4196488,-11551298,-3000874,9076.5
2020-03-08,1386,15,27000000,27000000,-81298797,-874,8235.0
2020-03-09,624,10,12002000,9588529,-7360396,-874,7879.5
2020-03-10,1024,15,19005260,18209375,-49314153,-6000874,8015.0
2020-03-11,590,13,10908906,9576807,-17939192,1500126,7925.0
2020-03-12,3258,75,76162443,54339679,41595614,2992115,4560.0
2020-03-13,3639,179,69387852,49136746,65549749,-3000477,5240.0
2020-03-15,1038,34,17320268,15114264,-38574973,-3000933,5410.0
2020-03-16,2951,53,41246264,29278318,38401567,-1316381,4965.0
2020-03-17,756,22,13122010,12033829,-41898755,-2000727,5425.0
2020-03-18,1544,16,14050581,6952136,67557232,-50758,5370.0
2020-03-19,1866,35,25056229,24519146,-95705162,-3000529,6205.0
2020-03-20,2672,41,34156924,26595542,-17118241,-2995393,6196.5
2020-03-21,2160,52,35723204,31644639,-77504541,-3009245,6200.5
2020-03-22,2858,48,34157674,25969629,-5478085,2431,5810.0
2020-03-23,1220,21,16050666,12387660,-5669116,-4000235,6280.0
2020-03-24,552,9,6604763,4772398,2493265,-4006016,6755.0
2020-03-25,113,4,4000000,4000000,-14939461,-4006016,6625.0
2020-03-26,116,6,2161778,1930090,-4609495,-6006016,6600.0
2020-03-27,587,12,9000299,7058201,-5093428,-7006315,6355.0
2020-03-28,370,10,9000000,5785940,15875000,-6006315,6220.0
2020-03-29,93,2,2000000,2000000,-8154981,-4006315,6129.0
2020-03-30,806,4,4007000,0,50301735,685,6357.5
2020-03-31,1652,10,12001000,3250834,89390774,-315,6380.0
2020-04-01,510,2,4000000,1000000,31898400,-4000315,6670.0
2020-04-02,2618,30,28715942,13330834,117201572,-6000189,6851.5
2020-04-06,1144,6,9000000,4012359,38747364,-3000189,7204.5
2020-04-07,785,2,5479678,1809307,32215633,-3520511,7140.0
2020-04-08,1126,11,9479037,6821574,3859524,-7000830,7330.0
2020-04-09,332,5,5000000,2528505,16748393,-10000830,7235.0
2020-04-10,864,11,9782137,6836659,7205743,-8218695,6845.0
2020-04-12,1420,3,8269172,3850,88887937,-3000695,7125.5
2020-04-13,1587,8,14000000,6147491,64790495,-3000695,6810.0
2020-04-14,855,4,6000000,2320365,31730601,-3000695,6862.5
2020-04-15,376,3,6000000,2370698,31109095,-3000695,6722.5
2020-04-16,942,7,9001463,662994,66274028,768,7069.5
2020-04-20,1032,5,9210804,1917207,72010477,-2790428,6845.0
2020-04-21,394,2,3209000,209000,31814083,572,6910.0
2020-04-22,1793,5,12001000,4719563,60300235,-428,7110.0
2020-04-25,3839,3,12001000,2409137,87450424,572,7533.0
2020-04-26,5378,22,26022398,14294036,67561590,6000174,7600.0
2020-04-27,3427,14,17999700,7991019,71446851,474,7702.5
2020-04-28,1,1,1000,0,9682,-526,7746.0
2020-04-29,5223,29,37029670,16765670,134511627,-348,8715.0
2020-04-30,5916,42,65000936,51872773,-34735224,8000588,8640.0
2020-05-01,1315,7,14000056,9598098,10181618,6000644,8810.0
2020-05-02,2007,7,10000000,7418275,749495,644,8840.0
2020-05-03,227,2,4000000,2161183,9412760,644,8910.0
2020-05-04,3355,12,20994710,13100776,29833357,995018,8760.0
2020-05-05,98,1,539757,539757,-1540433,1534775,8760.0
2020-05-06,1351,12,22566327,11195762,62355404,-5032244,9111.0
2020-05-07,742,7,11033199,6117405,23027509,955,9679.5
2020-05-09,367,5,6000324,5071891,-5897367,-2000721,9695.0
2020-05-10,1503,26,38173080,32586832,-45941367,931,8735.0
2020-05-11,1499,25,37634962,28769618,-6009299,1370501,8565.0
2020-05-12,197,1,1370000,277341,8593884,501,8725.0
2020-05-14,1842,16,32001000,16782544,75192457,-4000499,9560.0
2020-05-15,126,2,4000000,4000000,-10548463,-499,9455.0
2020-05-19,908,7,9002000,5792114,10246990,-499,9668.0
2020-05-20,490,5,8260583,5200539,10316530,-8261082,9515.0
2020-05-21,1180,14,17986507,10373171,34488535,-6007589,9115.0
2020-05-22,574,5,7500000,5659268,-562274,-7507589,9177.0
2020-05-23,162,5,4500000,4500000,-12285497,-9007589,9160.0
2020-05-24,643,9,9007504,6559488,2221624,-6000085,9005.0
2020-05-25,269,5,5425856,4962932,-10182754,-4500085,8765.0
2020-05-26,151,2,3000000,1500000,8633101,-4500085,8748.0
2020-05-27,142,1,4500000,1864209,16563422,-85,9130.0
2020-05-28,495,2,4506767,2331858,11347061,-4506852,9190.0
2020-05-29,175,5,4506804,2942915,4619659,-48,9495.0
2020-06-02,1477,16,25241291,13316480,58276708,-4500009,9470.0
2020-06-03,210,1,4500000,103617,34362809,-9,9525.0
2020-06-05,352,1,4500000,0,34315444,-4500009,9830.5
2020-06-06,584,2,9000000,3956780,28886240,-4500009,9655.0
2020-06-07,752,3,12000000,3641876,55194966,-4500009,9755.0
2020-06-11,2488,31,44039143,29200329,41457154,-4540180,9275.0
2020-06-12,1382,16,23993531,15530763,25979565,-7533711,9465.0
2020-06-13,205,2,3000000,3000000,-7957032,-10533711,9426.0
2020-06-15,807,11,13533971,4406963,62089603,3000260,9340.0
2020-06-16,326,3,3000047,2864047,-6437006,213,9536.5
2020-06-17,113,1,3000000,49311,23465729,3000213,9380.0
2020-06-18,149,2,3000000,792589,15534049,213,9375.0
2020-06-19,481,2,6000000,1210337,35184843,6000213,9360.0
2020-06-21,629,1,6000000,1040380,36982633,213,9345.0
2020-06-22,394,2,4501000,1308362,19223968,-4500787,9705.0
2020-06-23,149,1,3000000,0,23327960,-7500787,9645.5
2020-06-24,885,8,13104383,6684225,33769322,-10500034,9380.0
2020-06-25,143,1,3000000,0,24901944,-7500034,9036.5
2020-06-26,771,9,10499117,9213171,-14517853,-9000917,9175.0
2020-06-27,1314,7,15001000,6000000,57696852,83,8985.0
2020-06-28,2,2,2000,0,16428,83,9127.5
2020-06-29,102,4,957392,957392,-2633621,203,9148.0
2020-06-30,511,2,4501000,178264,34938029,-4500797,9145.0
2020-07-01,1680,11,22508156,10860470,65150943,-9000223,9235.0
2020-07-02,539,8,10499946,6362489,16752374,-7500277,9125.0
2020-07-03,634,2,4500000,1914965,16121670,-12000277,9060.0
2020-07-05,1582,2,18000000,1942559,127486726,-10000277,9080.0
2020-07-06,844,8,13000851,6644807,33648743,3000574,9280.0
2020-07-09,1209,4,15000000,6359876,52848567,574,9225.0
2020-07-14,1,1,1000,0,8168,-426,9181.5
2020-07-21,358,8,9000877,7820233,-11303778,3000451,9375.0
2020-07-22,441,2,6000000,1151993,35920491,451,9310.0
2020-07-23,534,6,15000000,10541383,7062176,451,9625.0
2020-07-24,81,1,3000000,0,23665470,3000451,9507.5
2020-07-25,2,1,3000000,3000000,-7781999,451,9638.0
2020-07-27,307,4,7501000,6600641,-8972839,-7500549,10870.0
2020-07-28,3551,45,111280967,83179057,-20614525,-9020004,11010.0
2020-07-29,384,6,15019475,14908039,-33035750,-12000529,11090.0
2020-07-30,701,3,12001000,3671160,48390715,471,11160.5
2020-07-31,672,4,15065581,10220872,8941844,2934890,11350.0
2020-08-01,1299,9,18825364,6772759,62350930,-474,11870.0
2020-08-02,1983,26,58151242,41469486,90768777,-788,11030.0
2020-08-03,1014,8,19011503,12698340,14186852,9000715,11165.5
2020-08-04,293,3,5762870,1264960,27519519,12000715,11142.5
2020-08-05,905,7,18001000,4195714,80728972,-6000285,11680.0
2020-08-06,2042,17,45000000,17702174,136900756,-9000285,11772.0
2020-08-07,1496,13,39001000,13608574,134580240,715,11490.0
2020-08-08,1339,5,12000000,5694863,28000768,12000715,11774.0
2020-08-11,1568,14,32035418,7766174,143781784,-285,11397.0
2020-08-12,2713,19,43897902,11190357,189689375,-17881585,11615.0
2020-08-13,1443,13,24120792,13069722,44080829,-901,11801.0
2020-08-17,721,3,9002000,2742895,32396830,-9000901,12360.0
2020-08-18,3066,9,42002329,12565831,154534637,-18001230,12060.0
2020-08-19,2273,22,58814575,30842859,95742013,7811457,11625.0
2020-08-20,1408,7,21326544,7136825,75211566,4538001,11875.0
2020-08-21,594,8,15037854,10500000,6725615,10500147,11720.0
2020-08-22,308,1,6000000,2038359,21174421,4500147,11620.0
2020-08-23,410,2,6002711,2414694,18140689,10502858,11635.0
2020-08-24,361,3,10502000,6000000,15974228,858,11812.0
2020-08-25,1866,16,34335631,16283051,83045656,-3615171,11357.0
2020-08-26,2656,23,57340574,38551402,37677807,-7500549,11475.0
2020-08-27,2157,29,64934790,50053571,-12925339,-877,11310.0
2020-08-28,5,4,4000,0,26201,-877,11531.5
2020-08-29,142,2,838295,51516,5037833,837418,11450.0
2020-08-30,480,5,9838000,6961677,3570512,-9000582,11615.0
2020-08-31,198,2,12000000,8996254,79926,-21000582,11770.0
2020-09-01,878,13,28556314,11914833,80571103,-24000268,11900.0
2020-09-02,1431,20,60523752,44859250,58113945,-18000268,11435.0
2020-09-03,3654,49,100675773,65599129,92028033,6000863,10655.0
2020-09-04,3630,43,79914284,61491141,-14246195,-9000235,10470.0
2020-09-05,4048,57,101576393,76322673,-1339739,-3000876,10160.0
2020-09-06,560,7,21000000,19643371,-38129224,-12000876,10225.0
2020-09-07,1970,12,34000471,10292734,149244893,-405,10175.0
2020-09-08,2848,18,49948415,33503255,37427028,-12000820,10447.0
2020-09-09,255,1,3000000,1072678,11655716,-9000820,10105.0
2020-09-10,595,1,9000000,2770773,38656796,-820,10300.0
2020-09-13,1155,4,18019245,4712273,84078173,-18000065,10300.0
2020-09-14,1041,6,15149112,14286349,-27773629,-24000065,10705.0
2020-09-16,428,2,12000000,7775473,11098918,-12000065,11065.0
2020-09-17,335,2,6000000,5924551,-13129788,-6000065,10840.0
2020-09-18,86,1,3000000,3000000,-6844466,-9000065,10958.0
2020-09-20,168,1,3000000,942954,11912143,-12000065,10965.0
2020-09-21,1449,8,25034226,14809646,36996768,-13034291,10460.0
2020-09-22,1216,11,22982294,18539020,-12357783,-9000995,10510.0
2020-09-23,1337,11,33002000,25120528,-3448296,-12000995,10220.0
2020-09-24,513,8,18561150,12238058,16579854,155,10740.0
2020-09-25,569,15,19081596,19076596,-44718027,-9001177,10690.0
2020-10-01,445,2,9000748,4322845,23036967,-429,10575.0
2020-10-05,223,5,9000000,9000000,-20966828,-9000429,10729.5
2020-10-06,49,1,3000000,3000000,-7050737,-6000429,10637.5
2020-10-07,9,1,3000000,3000000,-7072499,-9000429,10605.0
2020-10-08,293,3,9001000,5734900,9600041,571,10720.0
2020-10-12,869,13,24592686,18168867,2324282,6591257,11400.0
2020-10-13,206,2,5409000,4290508,-2029809,6000257,11493.5
2020-10-14,234,1,6000000,2952381,13593235,12000257,11390.0
2020-10-15,1306,11,24002500,18114797,-928376,12000757,11466.5
2020-10-16,1130,8,27001065,16286492,34772048,-15000308,11320.0
2020-10-19,920,4,15000607,7359335,33310104,-30000915,11670.0
2020-10-20,1099,6,22224391,10336534,52000866,-23265378,11950.0
2020-10-21,4198,38,124665306,102791086,57453519,-2952782,12825.0
2020-10-22,1350,15,37049231,30301847,-19552905,10000297,13145.0
2020-10-27,480,9,17031599,10035057,20928451,-898,13694.5
2020-10-28,1366,19,56495116,49231734,-51831042,-20001602,13275.0
2020-10-29,1807,32,72526754,72523754,-135367438,692,13480.5
2020-10-30,1995,28,90892759,75724717,-55520107,8027577,13595.0
2020-10-31,749,6,22094765,19997014,-25279798,-9999336,13710.0
2020-11-02,2237,21,69415826,50794621,-2055481,-15000336,13475.0
2020-11-03,1078,30,54405932,40303154,3584187,-10000674,13552.5
2020-11-04,657,6,17668447,12966349,1853328,7359577,13975.0
2020-11-05,1835,28,67517254,52497472,-10601034,-20000453,15620.0
2020-11-06,1373,19,63953027,56435045,-54547147,10005804,15517.0
2020-11-07,5363,73,197839059,148059825,1065923,-7500535,14710.0
2020-11-08,1667,33,69908627,58342767,-38912067,-20848900,15535.0
2020-11-09,2119,45,113465731,103799677,-99615408,8059261,15270.0
2020-11-10,475,5,14800015,13392136,-15049782,0,15253.5
2020-11-15,333,1,10000000,5560852,12178516,-10000000,15900.0
2020-11-18,956,15,54521642,39706913,6850001,-10001642,18035.0
2020-11-19,205,2,10001642,7801609,-1670677,0,17932.0
2020-11-20,581,7,20001791,6056923,48178252,10000597,18660.0
2020-11-21,391,4,16171540,10672911,7805875,6172137,18825.0
2020-11-22,384,6,25260333,19572729,-10768045,1917538,18437.5
2020-11-23,273,3,13083000,10881849,-5846421,5000538,18270.0
2020-11-24,660,3,20000000,17368303,-12273713,5000538,19370.0
2020-11-25,280,6,15003000,14705869,-18280563,-462,18853.5
2020-11-26,6257,99,273449496,211121523,-38432772,-5000352,17165.0
2020-11-27,3209,29,98960480,78528965,-25047839,10000770,16867.5
2020-11-28,1005,6,25001524,11509137,42007470,5002294,17670.0
2020-11-29,351,3,11612265,8050454,-1973980,3390029,18345.0
2020-11-30,4152,50,165711227,131215290,-36195880,-35000956,19724.0
2020-12-01,1095,12,38204741,25166993,18973837,-6796215,18826.5
2020-12-02,171,3,6798056,4679236,2268055,1841,18707.0
2020-12-04,583,9,37881740,35347254,-36747329,101,18750.0
2020-12-05,248,5,20001000,19260405,-22509270,-20000899,19050.0
2020-12-06,284,3,10060859,7675271,-689057,-9940040,19060.0
2020-12-07,233,1,10000000,6901502,3097135,59960,19360.0
2020-12-09,859,10,38676378,33003238,-22022453,-13378548,18163.0
2020-12-10,1050,10,33378958,28938213,-21456676,20000410,18290.0
2020-12-11,503,2,20000000,11166926,21326390,20000410,17948.5
2020-12-12,69,2,5047456,5047456,-6685074,14952954,18950.0
2020-12-13,347,5,24952544,24515601,-30295552,410,19160.0
2020-12-16,501,4,15001000,11994248,-3575572,-15000590,20689.5
2020-12-17,3351,49,200051339,178220083,-101704361,-20047947,22740.0
2020-12-18,49,1,5000000,5000000,-5417478,-25047947,23075.0
2020-12-19,53,1,5000000,4617638,-3769023,-20047947,23020.0
2020-12-20,1746,24,85187436,77966427,-59529818,-45140069,23540.0
2020-12-21,1533,24,94340751,71493645,-1927940,10000682,22809.0
2020-12-23,352,7,30164798,18816792,17174755,-34520,22670.0
2020-12-24,153,2,10000000,10000000,-10964311,-10034520,22813.5
2020-12-25,364,5,17911484,10013787,13840242,-27946004,24070.0
2020-12-27,553,8,28124164,22646636,-5689528,178160,26290.0
2020-12-28,218,4,10180000,10180000,-9488856,-10001840,26833.0
2020-12-29,190,2,10000000,10000000,-9339929,-1840,26756.5
2020-12-31,1464,21,73164757,72832569,-62607869,-20000597,28350.0
2021-01-02,656,3,20000597,10706291,14424053,0,29632.0
2021-01-03,807,14,55100427,54071550,-38624029,-14900759,33425.0
2021-01-04,224,8,35099000,27447842,-2981763,241,30070.5
2021-01-05,421,13,39669239,35757781,-18954587,474,33623.5
2021-01-06,375,6,20244450,12416639,7825970,-19757076,33875.0
2021-01-07,171,4,20000000,19429378,-11392572,-19757076,39600.0
2021-01-08,70,2,5250000,4275401,-890212,-25007076,38015.5
2021-01-10,1986,28,101000627,96054921,-54110015,-4008449,38250.0
2021-01-11,2845,53,223773275,216294071,-138070899,-35377288,35500.0
2021-01-12,995,16,65822825,61963510,-35959230,-513,34711.5
2021-01-13,521,8,30002000,30000000,-20970539,-10000513,37275.0
2021-01-14,837,10,45031004,39178507,-14083914,-55031517,39065.5
2021-01-15,3424,49,214026313,176881608,-45118735,-52862796,36775.0
2021-01-16,1214,19,80829689,66168918,-14898047,13966893,37300.0
2021-01-17,480,9,35993203,32751180,-16078978,10041690,35750.0
2021-01-18,327,2,15000000,12130222,-2531703,5041690,36200.0
2021-01-19,62,1,5000000,4197141,-1214006,41690,36850.0
2021-01-20,374,3,15000000,14220900,-8291300,-14958310,35850.0
2021-01-21,1308,15,80429207,67686476,-23089451,-25387517,30050.0
2021-01-22,1169,26,107404868,101173683,-66830122,-49253013,32883.5
2021-01-23,521,8,50070221,21507071,49904077,817208,32197.0
2021-01-24,243,5,12183261,10526138,-4245726,7000469,32717.5
2021-01-25,539,11,37000372,33162074,-16216106,97,34250.0
2021-01-26,289,11,30070179,27644928,-15755178,-30070082,32700.0
2021-01-27,417,6,30069652,19193967,11264058,-430,30133.5
2021-01-28,596,8,30878023,24189667,-3358075,-10878453,32850.0
2021-01-29,4205,56,254665297,211974240,-56122240,-1150,34639.0
2021-01-30,309,2,20000000,15915547,-2729986,-20001150,33650.0
2021-01-31,248,1,10000000,7125311,1162817,-10001150,32325.0
2021-02-01,296,2,20000000,12587419,7130863,-30001150,33886.5
2021-02-02,312,4,20000000,20000000,-14233600,-50001150,35180.5
2021-02-03,356,3,15000000,9657430,4324231,-45001150,36750.0
2021-02-04,992,16,74998002,66846387,-28533909,-30003148,37380.0
2021-02-05,141,2,10000000,8628049,-2949410,-40003148,38296.5
2021-02-06,465,3,15000000,8785163,6092121,-45003148,40245.5
2021-02-07,1709,26,130000000,117165970,-50646556,-5003148,39000.0
2021-02-08,2578,31,145460393,133469118,-57745191,-40463541,43950.0
2021-02-09,896,12,50170660,40009529,-5202950,-20000201,45373.5
2021-02-10,669,5,45000000,39855071,-13365686,-5000201,44698.0
2021-02-11,44,1,5000000,5000000,-2827482,-201,44200.0
2021-02-12,2216,14,75004539,67827804,-24185315,-25004740,47475.0
2021-02-13,49,1,5000000,5000000,-2666228,-30004740,46879.5
2021-02-14,1037,13,61024523,57680021,-24261053,1019783,49150.0
2021-02-15,332,10,45498594,45173916,-23706964,-44478811,47050.0
2021-02-16,983,11,48159708,31419888,9884502,3680897,48900.0
2021-02-17,69,1,3680000,3680000,-1756246,897,52375.0
2021-02-19,1870,27,86427418,83739139,-35924080,-507,55009.5
2021-02-20,569,4,20015217,19531075,-8083695,-20015724,55848.0
2021-02-22,1236,23,75445460,64500599,-14558735,-25007674,53250.0
2021-02-23,429,8,25008619,15785152,6048893,945,48200.0
2021-02-24,1151,12,62001790,46665436,-585870,-40000845,48700.0
2021-02-25,3554,29,140714491,131336679,-52994757,518330,47014.5
2021-02-26,4718,65,252334926,199684709,-22756119,-15544794,46300.0
2021-02-27,938,9,45543658,41370231,-15358975,9998864,46650.0
2021-03-01,182,1,10000000,5477122,4187604,-1136,48250.0
2021-03-03,2512,19,126935654,100620500,-10604483,-35000790,51400.0
2021-03-06,110,1,5000000,1884683,3857424,-30000790,48375.0
2021-03-08,495,5,23436186,16543574,2052587,-50000790,50110.5
2021-03-10,710,3,30000000,17859941,8532495,-60000790,54850.0
2021-03-11,218,2,10000000,10000000,-4581156,-50000790,54550.0
2021-03-12,595,7,40000000,28964382,1492630,-50000790,55050.0
2021-03-13,1969,11,44997419,44997419,-19563942,-5003371,57225.0
2021-03-14,170,2,10000000,10000000,-4088677,-15003371,61125.0
2021-03-15,314,4,15506959,13606434,-3462764,-30010330,57128.5
2021-03-16,361,2,20000000,14000332,1873034,-10010330,53750.0
2021-03-17,289,2,20000000,11198391,6754872,-30010330,56200.0
2021-03-18,492,2,20000000,8909585,10383976,-50010330,58625.0
2021-03-20,3967,31,147932470,133026885,-37499969,-50002740,58518.5
2021-03-21,625,6,30433198,17523595,9405842,-40002740,57500.0
2021-03-23,87,1,10000000,10000000,-4580759,-30002740,54575.0
2021-03-24,637,5,40000000,32220177,-4165431,-10002740,52500.0
2021-03-25,268,1,10000000,6831247,1335613,-2740,51311.5
2021-03-27,2494,12,80169906,45726841,25718481,-80172646,56125.0
2021-03-29,295,2,10170000,5955577,3013887,-70002646,55407.5
2021-03-30,248,1,10000000,4755269,4792507,-60002646,57300.0
2021-04-03,255,2,20000000,9706736,9256196,-40002646,57143.5
2021-04-04,917,5,40000000,21832407,14111950,-60002646,58015.0
2021-04-08,737,3,20729392,4558392,19351990,-39273254,56825.0
2021-04-09,658,2,20000000,12067064,5047946,-19273254,58175.0
2021-04-10,236,2,18523084,10476424,5629593,-750170,60725.0
2021-04-16,931,5,49250000,39477889,-4161642,-50000170,61048.5
2021-04-18,1714,14,90000000,69393480,-4082449,-50000170,56625.0
2021-04-19,306,5,25000000,25000000,-11273606,-45000170,54400.0
2021-04-20,770,5,44993605,30553860,5837323,-6565,55425.0
2021-04-21,1545,9,71341454,44833892,15694002,-40008019,55850.0
2021-04-22,2233,22,92366094,72166685,-5493360,-10000359,52441.5
2021-04-23,4939,27,154993310,128644195,-24834626,-57641871,50275.0
2021-04-24,2239,13,77644646,49390130,17784652,20002775,49500.0
2021-04-26,5065,26,174553239,117877158,24845557,-14990708,52800.0
2021-04-27,347,2,11840008,1987879,12606294,-26830716,54600.0
2021-04-30,524,3,18210109,11179844,4406857,-25040825,57450.0
2021-05-01,486,3,14961775,3714828,12911576,-40002600,57900.0
2021-05-02,297,2,10000000,5000000,4397263,-40002600,56875.0
2021-05-03,335,2,10809111,8366463,-455631,-50811711,57800.0
2021-05-04,2759,17,95994549,83525254,-21223137,1902,54141.0
2021-05-05,1189,6,34811582,19721720,11354051,-18320540,56850.0
2021-05-06,496,5,18321867,6702162,12301676,1327,57161.5
2021-05-08,657,2,13842727,7551194,4904097,13844054,57775.0
2021-05-10,5852,22,111678959,68255426,27807343,27729693,55600.0
2021-05-12,2039,15,50695896,24564739,24354707,26984745,49625.0
2021-05-13,3708,21,113290771,97665262,-25651596,-10413618,49680.5
2021-05-16,112,2,10410000,10000000,-4822112,-3618,45203.5
2021-05-17,2684,23,109679923,89496525,-17120044,-3541,43125.0
2021-05-18,2702,25,92828745,65422672,10368797,-16611060,43125.0
2021-05-19,5245,71,314362123,283969560,-130598391,-4981,38600.0
2021-05-20,4728,49,194822815,176374462,-76335741,-8341500,41325.0
2021-05-21,339,5,18471909,16633886,-7463928,10130409,35925.0
2021-05-23,418,4,10131000,9866013,-6393847,-591,33846.5
2021-05-24,728,2,20000000,19143049,-10563837,-20000591,39275.0
2021-05-25,1773,6,40742508,31896850,-3556986,20741917,37650.0
2021-05-27,566,3,13235054,7364308,6433331,7506863,39775.0
2021-05-28,2617,21,78684821,62896709,-11700961,44709684,35625.0
2021-05-29,5688,31,101654197,85865865,-27021069,35005233,34924.0
2021-05-30,282,1,7500000,4784167,2327273,27505233,36075.0
2021-05-31,5842,24,126678166,110960652,-44425715,-9479029,36650.0
2021-06-01,4205,17,103168611,81909607,-12171176,-20046050,37150.0
2021-06-02,2972,13,78120593,59800852,-3096246,-10803221,37825.0
2021-06-03,1617,5,45560472,27990827,15950937,-56363693,38800.0
2021-06-04,4253,25,121677599,104809354,-37307462,-55766720,36725.0
2021-06-05,2540,19,95838089,75726249,-11367128,-57973915,36175.0
2021-06-06,27,1,500000,0,1044121,-57473915,35915.0
2021-06-07,1718,10,33663915,31087858,-17554436,-23810000,33406.0
2021-06-08,2913,27,127260500,118731300,-70620054,-36549500,33500.0
2021-06-09,1812,13,58540200,57168200,-38092682,-54804700,36250.0
2021-06-10,1256,12,51600700,45440100,-18098632,-17339200,38100.0
2021-06-11,1352,7,30287800,20253900,6811760,-27604200,36625.0
2021-06-12,3329,23,84611700,59222000,12098970,45007500,35450.0
2021-06-13,2348,20,81946700,54870500,17748804,-22020000,39275.0
2021-06-14,1555,10,47982900,41946100,-14988458,-70002900,40650.0
2021-06-16,420,5,20570300,14608200,2081743,-49432600,38950.0
2021-06-17,1510,12,65659000,43818400,14176107,-45080200,37975.0
2021-06-18,2056,18,90202400,66173100,3818558,25122200,35750.0
2021-06-19,396,1,10000000,6151000,3800886,35122200,35550.0
2021-06-20,1245,8,36002700,17459200,27860333,11124900,35600.0
2021-06-21,12259,53,229776100,184694200,-37103799,-49343600,31975.0
2021-06-22,6935,42,219415400,187897700,-74985626,-53657400,32975.0
2021-06-23,2217,13,56160900,37183900,14746097,2023900,33125.0
2021-06-24,189,2,10000000,8350400,-2506757,12023900,33850.0
2021-06-25,339,6,17997900,13654400,-479489,30021800,33775.0
2021-06-26,1413,4,40000000,33586700,-11429332,-9978200,31450.0
2021-06-27,279,1,10000000,7696100,-607386,-19978200,32475.0
2021-06-28,550,2,20000000,14309700,2022622,21800,34325.0
2021-06-30,1954,8,59712100,44796500,-100161,-19690300,34850.0
2021-07-01,380,3,20024300,9301200,17109578,334000,33475.0
2021-07-03,860,5,31750800,14529900,26782428,12084800,34450.0
2021-07-04,241,3,9488800,5499400,4578699,2596000,35300.0
2021-07-05,556,3,12600000,12040900,-7648171,-10004000,33924.5
2021-07-07,210,1,10000000,5889900,4645039,-20004000,34600.0
2021-07-08,656,3,19756000,14500700,983145,-248000,32600.0
2021-07-09,829,4,20264700,12558300,7912030,20016700,33696.0
2021-07-10,474,3,12538800,2565300,20293120,32555500,33700.0
2021-07-12,1621,8,55070200,24424900,51266074,-22514700,33075.0
2021-07-13,755,3,24493500,14273700,12561579,-38021200,32400.0
2021-07-14,87,1,5000000,3757000,-20472,-33021200,32250.0
2021-07-15,170,1,10000000,5412000,6622018,-23021200,31575.0
2021-07-18,599,1,10000000,7445800,170927,-13021200,32225.0
2021-07-21,263,2,13000000,6916800,8864033,-21200,32050.0
2021-07-22,1035,5,40030000,27589900,7516569,8800,32350.0
2021-07-23,226,2,11099800,8239700,269110,11108600,32100.0
2021-07-25,112,1,10000000,10000000,-7183839,1108600,34800.0
2021-07-26,3178,25,143570100,112760000,-13828786,-2461500,37950.0
2021-07-27,2547,29,138476500,98128900,15125952,-29653600,37450.0
2021-07-28,2152,23,142260400,102262400,10842480,-63345200,39300.0
2021-07-30,921,7,43429400,33358100,-2578609,-39915800,41175.0
2021-08-01,120,1,2581000,961300,2367112,-42496800,41150.0
2021-08-02,1254,7,62490000,34123600,32097822,-6800,39200.0
2021-08-03,671,6,40268100,22831600,19310285,40261300,37975.0
2021-08-04,192,2,10510400,7912600,-75583,29750900,39950.0
2021-08-05,680,10,50000000,47598800,-24837856,-20249100,41100.0
2021-08-06,791,9,41862600,27636600,9512861,13500,42858.0
2021-08-07,2391,17,99962200,66005100,20536842,-70174900,43998.5
2021-08-08,2468,23,91069600,62689400,12900657,-20277300,44450.0
2021-08-09,3541,38,159433700,103273800,35434762,-61420800,45875.0
2021-08-10,1312,14,73745200,43462400,26077988,-85169400,45250.0
2021-08-12,2357,14,90739300,58666300,21088415,5569900,44225.0
2021-08-13,2636,6,60000000,37716600,15901976,-54430100,46300.0
2021-08-14,451,2,11109400,10600600,-4848483,-65539500,46800.0
2021-08-15,12,1,500000,0,818023,-65039500,45842.0
2021-08-17,1624,14,84547900,46971400,36576862,-23479800,44650.0
2021-08-18,2016,17,92769500,69753700,-2697271,26077900,44450.0
2021-08-19,346,5,23925200,17675800,-491003,50003100,44700.0
2021-08-20,1200,9,60000000,42327200,298682,40003100,48450.0
2021-08-22,377,4,14000000,4380800,3995954,50003100,49125.0
2021-08-23,409,4,13000000,8774500,363912,40003100,49400.0
2021-08-24,740,5,38849500,22158900,3964282,70052600,48175.0
2021-08-25,1025,12,60000000,31423200,-8161360,40052600,48800.0
2021-08-26,1524,12,96488800,73984000,-3611635,70000000,46725.0
2021-08-27,400,2,20000000,13742400,398816,50000000,47475.0
2021-08-29,316,1,10000000,7550300,-300456,60000000,49125.0
2021-08-31,712,2,20000000,15241700,-710645,40000000,47175.0
2021-09-01,216,1,10000000,5046000,1508703,50000000,48675.0
2021-09-02,332,2,20000000,10147200,2924068,70000000,49450.0
2021-09-03,496,3,19406300,12788900,749314,70593700,50175.0
2021-09-06,2157,7,69936000,46509900,2354544,657700,51350.0
2021-09-07,3092,31,261081300,199131200,-22121917,40863200,47447.5
2021-09-08,260,3,19148900,12451500,934036,60012100,46044.0
2021-09-09,544,3,30000000,22130700,-541760,50012100,45675.0
2021-09-10,587,5,38296600,20252900,5533496,44166300,45025.0
2021-09-12,181,1,10000000,5588700,1201053,54166300,45375.0
2021-09-13,227,2,15029900,11422800,-541480,69196200,44250.0
2021-09-14,1274,5,46869400,30978300,1846891,22326800,47000.0
2021-09-15,2394,11,87598900,67827400,-3859426,-65272100,48000.0
2021-09-16,526,4,35000000,23733300,930005,-60272100,47400.0
2021-09-17,624,3,30000000,20069000,1008057,-30272100,47350.0
2021-09-18,170,1,10000000,7823000,-266284,-40272100,48650.0
2021-09-20,2409,15,122033300,82093800,8401892,21561200,43225.0
2021-09-21,2482,20,171880500,135584500,-720957,30241700,40925.0
2021-09-22,2319,14,92987500,64747000,1392043,-62745800,42775.0
2021-09-24,3289,21,151565400,115032200,-5702526,-42111600,42175.0
2021-09-26,1425,9,62200000,48142900,-3127168,10088400,43125.0
2021-09-27,581,2,20000000,12929200,1090888,-9911600,43600.0
2021-09-29,425,3,20100000,13732200,511054,-30011600,42360.5
2021-10-12,1612,6,48754400,33384600,2365834,-41418800,55150.0
2021-10-13,941,4,31412300,23633000,-998842,-30006500,54800.0
2021-10-15,214,1,10000000,6740800,510616,-40006500,59400.0
2021-10-20,188,1,10000000,5863700,1019210,-30006500,64175.0
2021-10-21,982,8,48132200,31221100,3009267,-21866700,62675.0
2021-10-22,1639,10,63158400,45076600,1513412,20015100,60950.0
2021-10-27,172,3,15000000,15000000,-2567689,35015100,58250.0
2021-10-29,468,2,20000000,15714000,-116288,15015100,62225.0
2021-10-31,626,3,25000000,15946600,2564649,-9984900,61300.0
2021-11-09,323,3,10003100,8070800,-193288,18200,67000.0
2021-11-10,360,6,14270800,7265500,2661391,14289000,64825.0
2021-11-12,463,2,20000000,14740400,582370,34289000,63175.0
2021-11-16,1344,7,38346700,29907500,621518,35942300,59425.0
2021-11-18,573,2,15000000,12698900,-809597,50942300,57300.0
2021-11-26,559,3,21490600,14897800,1454644,69451700,55500.0
2021-11-28,483,1,10000000,7393200,313687,59451700,55125.0
2021-11-29,188,1,10000000,6274500,1179881,49451700,57275.0
2021-11-30,732,4,20916600,15971800,227675,50143100,56675.0
2021-12-04,304,2,20000000,17133800,-1519025,30143100,47550.0
2021-12-06,722,3,30000000,23193600,121302,143100,50400.0
2021-12-20,584,2,10776800,6761500,2001222,10919900,46575.0
2021-12-22,121,1,3978700,1807400,1304868,6941200,48850.0
2021-12-23,133,1,6021300,6021300,-1232536,919900,48850.0
2021-12-24,1394,3,30000000,27144500,-3075526,-29080100,51150.0
